Timestamp,Inflation_Sentiment,Labor_Market,Manufacturing,Monetary_Policy
2026-02-11 18:40:42.442708,0.0,0.0,0.07635999999999997,0.3612
2026-02-11 18:40:42.443194,0.29295,0.0,0.09544999999999997,0.3612
2026-02-11 18:40:42.443292,0.17396666666666669,0.0,0.0,0.3612
2026-02-11 18:40:42.443516,0.13369999999999999,0.0,0.0,0.3612
2026-02-11 18:40:42.443762,0.17496,0.0,0.0,0.3612
2026-02-11 18:40:42.444049,0.13724166666666668,0.0,0.0,0.3612
2026-02-11 18:40:42.444214,0.13724166666666668,0.0,0.0,0.3612
2026-02-11 18:40:42.444289,-0.07215833333333332,0.0,0.0,0.3612
2026-02-11 18:40:42.444436,-0.06149166666666666,0.0,0.0,0.3612
2026-02-11 18:40:42.444526,-0.06364166666666667,0.0,0.0,0.3612
2026-02-11 18:40:42.444902,-0.03520833333333332,0.0,0.0,0.3612
2026-02-11 18:40:42.445067,-0.22715,0.0,0.0,0.3612
2026-02-11 18:40:42.445328,-0.4327750000000001,0.0,0.0,0.3612
2026-02-11 18:40:42.445446,-0.37035833333333334,0.0,0.0,0.3612
2026-02-11 18:40:42.445587,-0.30672499999999997,0.0,0.0,0.3612
2026-02-11 18:45:36.260062,-0.36807,0.0,0.0,0.0
2026-02-11 18:45:36.260205,-0.5877375,0.0,0.0,0.22940000000000005
2026-02-11 18:45:36.260267,-0.38265,0.0,0.0,0.15293333333333337
2026-02-11 18:45:36.260578,0.04290000000000005,0.0,0.0,-0.05292499999999997
2026-02-11 18:45:36.260867,0.3818,0.0,0.0,-0.18239999999999998
2026-02-11 18:45:36.260942,0.3818,0.0,0.0,-0.152
2026-02-11 18:45:36.261133,0.3818,0.0,0.0,-0.08836666666666666
2026-02-11 18:45:36.261319,0.3818,0.0,0.0,-0.09143333333333332
2026-02-11 18:45:36.261417,0.3818,0.0,0.0,-0.09143333333333332
2026-02-11 18:45:36.261734,0.3818,0.0,0.0,-0.025216666666666655
2026-02-11 18:45:36.261972,0.3818,0.0,0.0,0.09580000000000004
2026-02-11 18:45:36.262124,0.3818,0.0,0.0,0.09580000000000001
2026-02-11 18:45:36.262516,0.3818,0.0,0.0,-0.06073333333333331
2026-02-11 18:45:36.262628,0.3818,0.0,0.0,-0.13413333333333333
2026-02-11 18:45:36.262745,0.3818,0.0,0.0,-0.07393333333333332
2026-02-11 18:45:36.367117,0.3818,0.0,0.0,-0.03407999999999998
2026-02-11 18:45:36.367356,0.3818,0.17,0.0,-0.04904999999999997
2026-02-11 18:45:36.367554,0.3818,0.11333333333333334,0.0,-0.06539999999999996
2026-02-11 18:45:36.367621,0.3818,0.141575,0.0,0.18060000000000007
2026-02-11 18:45:36.367763,0.3818,-0.033620000000000004,0.0,0.3612
2026-02-11 18:45:36.367930,0.3818,-0.12091666666666667,0.0,0.3612
2026-02-11 18:45:36.368010,0.3818,-0.12091666666666667,0.0,0.3612
2026-02-11 18:45:36.368096,0.3818,-0.28568333333333334,0.0,0.3612
2026-02-11 18:45:36.368290,0.3818,-0.2440166666666667,0.0,0.3612
2026-02-11 18:45:36.368488,0.3818,-0.28173333333333334,0.0,0.3612
2026-02-11 18:45:36.368530,0.3818,-0.15933333333333333,0.0,0.3612
2026-02-11 18:45:36.368788,0.3818,0.06328333333333334,0.0,0.3612
2026-02-11 18:45:36.369035,0.3818,0.19299999999999998,0.0,0.3612
2026-02-11 18:45:36.369088,0.3818,0.3011,0.0,0.3612
2026-02-11 18:45:36.369194,0.3818,0.25943333333333335,0.0,0.3612
2026-02-11 18:45:36.480618,0.3818,0.31132,0.5574,0.3612
2026-02-11 18:45:36.480720,0.3818,0.38915,0.27869999999999995,0.3612
2026-02-11 18:45:36.480877,0.3818,0.2594333333333333,0.43599999999999994,0.3612
2026-02-11 18:45:36.481026,0.3818,0.0,0.32699999999999996,0.3612
2026-02-11 18:45:36.481237,0.3818,0.0,0.3459,0.3612
2026-02-11 18:45:36.481319,0.3818,0.0,0.28824999999999995,0.3612
2026-02-11 18:45:36.481404,0.3818,0.0,0.19535,0.3612
2026-02-11 18:45:36.481517,0.3818,0.0,0.19535,0.3612
2026-02-11 18:45:36.481620,0.3818,0.0,0.07024999999999998,0.3612
2026-02-11 18:45:36.481794,0.3818,0.0,0.07024999999999998,0.3612
2026-02-11 18:45:36.481912,0.3818,0.0,0.0,0.3612
2026-02-11 18:45:36.482098,0.3818,0.0,0.0636333333333333,0.3612
2026-02-11 18:45:36.482223,0.3818,0.0,0.0636333333333333,0.3612
2026-02-11 18:45:36.482321,0.3818,0.0,0.0636333333333333,0.3612
2026-02-11 18:45:36.482383,0.3818,0.0,0.0636333333333333,0.3612
2026-02-11 18:45:36.564996,0.0,0.0,0.07635999999999997,0.3612
2026-02-11 18:45:36.565372,0.29295,0.0,0.09544999999999997,0.3612
2026-02-11 18:45:36.565474,0.17396666666666669,0.0,0.0,0.3612
2026-02-11 18:45:36.565657,0.13369999999999999,0.0,0.0,0.3612
2026-02-11 18:45:36.565846,0.17496,0.0,0.0,0.3612
2026-02-11 18:45:36.566082,0.13724166666666668,0.0,0.0,0.3612
2026-02-11 18:45:36.566262,0.13724166666666668,0.0,0.0,0.3612
2026-02-11 18:45:36.566337,-0.07215833333333332,0.0,0.0,0.3612
2026-02-11 18:45:36.566491,-0.06149166666666666,0.0,0.0,0.3612
2026-02-11 18:45:36.566578,-0.06364166666666667,0.0,0.0,0.3612
2026-02-11 18:45:36.566916,-0.03520833333333332,0.0,0.0,0.3612
2026-02-11 18:45:36.567073,-0.22715,0.0,0.0,0.3612
2026-02-11 18:45:36.567325,-0.4327750000000001,0.0,0.0,0.3612
2026-02-11 18:45:36.567457,-0.37035833333333334,0.0,0.0,0.3612
2026-02-11 18:45:36.567592,-0.30672499999999997,0.0,0.0,0.3612
2026-02-11 19:48:16.330713,-0.36807,0.0,0.0,0.0
2026-02-11 19:48:16.330858,-0.5877375,0.0,0.0,0.22940000000000005
2026-02-11 19:48:16.330919,-0.38265,0.0,0.0,0.15293333333333337
2026-02-11 19:48:16.331209,0.04290000000000005,0.0,0.0,-0.05292499999999997
2026-02-11 19:48:16.331489,0.3818,0.0,0.0,-0.18239999999999998
2026-02-11 19:48:16.331560,0.3818,0.0,0.0,-0.152
2026-02-11 19:48:16.331763,0.3818,0.0,0.0,-0.08836666666666666
2026-02-11 19:48:16.331946,0.3818,0.0,0.0,-0.09143333333333332
2026-02-11 19:48:16.332028,0.3818,0.0,0.0,-0.09143333333333332
2026-02-11 19:48:16.332336,0.3818,0.0,0.0,-0.025216666666666655
2026-02-11 19:48:16.332566,0.3818,0.0,0.0,0.09580000000000004
2026-02-11 19:48:16.332728,0.3818,0.0,0.0,0.09580000000000001
2026-02-11 19:48:16.333082,0.3818,0.0,0.0,-0.06073333333333331
2026-02-11 19:48:16.333191,0.3818,0.0,0.0,-0.13413333333333333
2026-02-11 19:48:16.333303,0.3818,0.0,0.0,-0.07393333333333332
2026-02-11 19:48:16.440982,0.3818,0.4939,0.0,-0.03407999999999998
2026-02-11 19:48:16.441237,0.3818,0.24695,0.0,-0.04904999999999997
2026-02-11 19:48:16.441334,0.3818,0.16463333333333333,0.0,-0.06539999999999996
2026-02-11 19:48:16.441515,0.3818,0.123475,0.0,0.18060000000000007
2026-02-11 19:48:16.441749,0.3818,0.16678,0.0,0.3612
2026-02-11 19:48:16.441923,0.3818,0.13898333333333335,0.0,0.3612
2026-02-11 19:48:16.441985,0.3818,0.09438333333333333,0.0,0.3612
2026-02-11 19:48:16.442121,0.3818,-0.028016666666666672,0.0,0.3612
2026-02-11 19:48:16.442283,0.3818,-0.12091666666666667,0.0,0.3612
2026-02-11 19:48:16.442359,0.3818,-0.12091666666666667,0.0,0.3612
2026-02-11 19:48:16.442440,0.3818,-0.28568333333333334,0.0,0.3612
2026-02-11 19:48:16.442631,0.3818,-0.2440166666666667,0.0,0.3612
2026-02-11 19:48:16.442822,0.3818,-0.28173333333333334,0.0,0.3612
2026-02-11 19:48:16.442863,0.3818,-0.15933333333333333,0.0,0.3612
2026-02-11 19:48:16.443158,0.3818,0.06328333333333334,0.0,0.3612
2026-02-11 19:48:16.680733,0.3818,0.07594000000000001,0.4939,0.3612
2026-02-11 19:48:16.680836,0.3818,0.257075,0.04599999999999996,0.3612
2026-02-11 19:48:16.680951,0.3818,0.25943333333333335,-0.10330000000000002,0.3612
2026-02-11 19:48:16.681057,0.3818,0.38915,-0.17795,0.3612
2026-02-11 19:48:16.681244,0.3818,0.7783,-0.03088000000000002,0.3612
2026-02-11 19:48:16.681327,0.3818,0.7783,-0.025733333333333348,0.3612
2026-02-11 19:48:16.681473,0.3818,0.7783,0.017049999999999992,0.3612
2026-02-11 19:48:16.681611,0.3818,0.7783,0.08403333333333333,0.3612
2026-02-11 19:48:16.681824,0.3818,0.7783,0.22126666666666664,0.3612
2026-02-11 19:48:16.681899,0.3818,0.7783,0.28824999999999995,0.3612
2026-02-11 19:48:16.681968,0.3818,0.7783,0.19535,0.3612
2026-02-11 19:48:16.682074,0.3818,0.7783,0.19535,0.3612
2026-02-11 19:48:16.682170,0.3818,0.7783,0.07024999999999998,0.3612
2026-02-11 19:48:16.682338,0.3818,0.7783,0.07024999999999998,0.3612
2026-02-11 19:48:16.682450,0.3818,0.7783,0.0,0.3612
2026-02-11 19:48:16.999067,0.0,0.7783,0.0,0.3612
2026-02-11 19:48:16.999489,-0.3446,0.7783,0.0,0.3612
2026-02-11 19:48:16.999619,-0.22973333333333334,0.7783,0.0,0.3612
2026-02-11 19:48:16.999753,-0.04882500000000001,0.7783,0.0,0.3612
2026-02-11 19:48:16.999879,0.01541999999999999,0.7783,0.0,0.3612
2026-02-11 19:48:17.000037,0.01499999999999999,0.7783,0.0,0.3612
2026-02-11 19:48:17.000301,0.14575,0.7783,0.0,0.3612
2026-02-11 19:48:17.000380,0.26061666666666666,0.7783,0.0,0.3612
2026-02-11 19:48:17.000739,0.3582666666666667,0.7783,0.0,0.3612
2026-02-11 19:48:17.000814,0.2652833333333333,0.7783,0.0,0.3612
2026-02-11 19:48:17.000984,0.22203333333333333,0.7783,0.0,0.3612
2026-02-11 19:48:17.001162,0.27655,0.7783,0.0,0.3612
2026-02-11 19:48:17.001384,0.13724166666666668,0.7783,0.0,0.3612
2026-02-11 19:48:17.001523,0.13724166666666668,0.7783,0.0,0.3612
2026-02-11 19:48:17.001589,-0.07215833333333332,0.7783,0.0,0.3612
2026-02-11 21:14:39.774049,-0.07379,0.7783,0.0,0.0
2026-02-11 21:14:39.774191,-0.09546249999999999,0.7783,0.0,0.22940000000000005
2026-02-11 21:14:39.774257,-0.24061666666666667,0.7783,0.0,0.15293333333333337
2026-02-11 21:14:39.774574,-0.33525,0.7783,0.0,-0.05292499999999997
2026-02-11 21:14:39.774868,-0.6705,0.7783,0.0,-0.18239999999999998
2026-02-11 21:14:39.774944,-0.6705,0.7783,0.0,-0.152
2026-02-11 21:14:39.775137,-0.6705,0.7783,0.0,-0.08836666666666666
2026-02-11 21:14:39.775324,-0.6705,0.7783,0.0,-0.09143333333333332
2026-02-11 21:14:39.775421,-0.6705,0.7783,0.0,-0.09143333333333332
2026-02-11 21:14:39.775741,-0.6705,0.7783,0.0,-0.025216666666666655
2026-02-11 21:14:39.775981,-0.6705,0.7783,0.0,0.09580000000000004
2026-02-11 21:14:39.776135,-0.6705,0.7783,0.0,0.09580000000000001
2026-02-11 21:14:39.776516,-0.6705,0.7783,0.0,-0.06073333333333331
2026-02-11 21:14:39.776629,-0.6705,0.7783,0.0,-0.13413333333333333
2026-02-11 21:14:39.776746,-0.6705,0.7783,0.0,-0.07393333333333332
2026-02-11 21:14:40.048675,-0.6705,0.0,0.0,-0.03407999999999998
2026-02-11 21:14:40.048874,-0.6705,0.23835,0.0,-0.04904999999999997
2026-02-11 21:14:40.048993,-0.6705,0.08346666666666668,0.0,-0.06539999999999996
2026-02-11 21:14:40.049153,-0.6705,0.0626,0.0,0.18060000000000007
2026-02-11 21:14:40.049280,-0.6705,0.14886,0.0,0.3612
2026-02-11 21:14:40.049538,-0.6705,0.12405,0.0,0.3612
2026-02-11 21:14:40.049634,-0.6705,0.12405,0.0,0.3612
2026-02-11 21:14:40.049815,-0.6705,0.0446,0.0,0.3612
2026-02-11 21:14:40.050033,-0.6705,0.13898333333333335,0.0,0.3612
2026-02-11 21:14:40.050210,-0.6705,0.13898333333333335,0.0,0.3612
2026-02-11 21:14:40.050277,-0.6705,0.09438333333333333,0.0,0.3612
2026-02-11 21:14:40.050433,-0.6705,-0.028016666666666672,0.0,0.3612
2026-02-11 21:14:40.050602,-0.6705,-0.12091666666666667,0.0,0.3612
2026-02-11 21:14:40.050682,-0.6705,-0.12091666666666667,0.0,0.3612
2026-02-11 21:14:40.050766,-0.6705,-0.28568333333333334,0.0,0.3612
2026-02-11 21:14:40.277523,-0.6705,-0.34282,0.0,0.3612
2026-02-11 21:14:40.277660,-0.6705,-0.48510000000000003,0.0,0.3612
2026-02-11 21:14:40.277788,-0.6705,-0.40199999999999997,-0.0986666666666667,0.3612
2026-02-11 21:14:40.277977,-0.6705,-0.32430000000000003,-0.07400000000000002,0.3612
2026-02-11 21:14:40.278077,-0.6705,-0.6486,0.03957999999999998,0.3612
2026-02-11 21:14:40.278174,-0.6705,-0.6486,-0.03400000000000001,0.3612
2026-02-11 21:14:40.278293,-0.6705,-0.6486,-0.10098333333333336,0.3612
2026-02-11 21:14:40.278421,-0.6705,-0.6486,-0.16796666666666668,0.3612
2026-02-11 21:14:40.278617,-0.6705,-0.6486,-0.02573333333333333,0.3612
2026-02-11 21:14:40.278702,-0.6705,-0.6486,-0.02573333333333334,0.3612
2026-02-11 21:14:40.278853,-0.6705,-0.6486,0.017049999999999992,0.3612
2026-02-11 21:14:40.278998,-0.6705,-0.6486,0.08403333333333333,0.3612
2026-02-11 21:14:40.279197,-0.6705,-0.6486,0.22126666666666664,0.3612
2026-02-11 21:14:40.279274,-0.6705,-0.6486,0.28824999999999995,0.3612
2026-02-11 21:14:40.279343,-0.6705,-0.6486,0.19535,0.3612
2026-02-11 21:14:40.515213,0.0,-0.6486,0.23442,0.3612
2026-02-11 21:14:40.515290,0.0,-0.6486,0.10537499999999997,0.3612
2026-02-11 21:14:40.515482,0.0,-0.6486,0.14049999999999996,0.3612
2026-02-11 21:14:40.515646,0.0,-0.6486,0.0,0.3612
2026-02-11 21:14:40.515761,0.0,-0.6486,0.0,0.3612
2026-02-11 21:14:40.516161,0.060200000000000004,-0.6486,0.0,0.3612
2026-02-11 21:14:40.516271,0.022483333333333338,-0.6486,0.0,0.3612
2026-02-11 21:14:40.516363,0.022483333333333338,-0.6486,0.0,0.3612
2026-02-11 21:14:40.516827,-0.09238333333333333,-0.6486,0.0,0.3612
2026-02-11 21:14:40.516961,-0.09238333333333333,-0.6486,0.0,0.3612
2026-02-11 21:14:40.517082,-0.010066666666666668,-0.6486,0.0,0.3612
2026-02-11 21:14:40.517211,-0.024866666666666676,-0.6486,0.0,0.3612
2026-02-11 21:14:40.517398,0.01499999999999999,-0.6486,0.0,0.3612
2026-02-11 21:14:40.517705,0.14575,-0.6486,0.0,0.3612
2026-02-11 21:24:46.011822,0.31273999999999996,-0.6486,0.0,0.0
2026-02-11 21:24:46.011966,0.39092499999999997,-0.6486,0.0,0.22940000000000005
2026-02-11 21:24:46.012032,0.3566,-0.6486,0.0,0.15293333333333337
2026-02-11 21:24:46.012333,0.3987,-0.6486,0.0,-0.05292499999999997
2026-02-11 21:24:46.012636,0.7845,-0.6486,0.0,-0.18239999999999998
2026-02-11 21:24:46.012708,0.7845,-0.6486,0.0,-0.152
2026-02-11 21:24:46.012894,0.7845,-0.6486,0.0,-0.08836666666666666
2026-02-11 21:24:46.013074,0.7845,-0.6486,0.0,-0.09143333333333332
2026-02-11 21:24:46.013157,0.7845,-0.6486,0.0,-0.09143333333333332
2026-02-11 21:24:46.013465,0.7845,-0.6486,0.0,-0.025216666666666655
2026-02-11 21:24:46.013712,0.7845,-0.6486,0.0,0.09580000000000004
2026-02-11 21:24:46.013864,0.7845,-0.6486,0.0,0.09580000000000001
2026-02-11 21:24:46.014221,0.7845,-0.6486,0.0,-0.06073333333333331
2026-02-11 21:24:46.014328,0.7845,-0.6486,0.0,-0.13413333333333333
2026-02-11 21:24:46.014440,0.7845,-0.6486,0.0,-0.07393333333333332
2026-02-11 21:24:46.140128,0.7845,0.0,0.0,-0.03407999999999998
2026-02-11 21:24:46.140321,0.7845,0.23835,0.0,-0.04904999999999997
2026-02-11 21:24:46.140437,0.7845,0.08346666666666668,0.0,-0.06539999999999996
2026-02-11 21:24:46.140607,0.7845,0.0626,0.0,0.18060000000000007
2026-02-11 21:24:46.140734,0.7845,0.14886,0.0,0.3612
2026-02-11 21:24:46.140967,0.7845,0.12405,0.0,0.3612
2026-02-11 21:24:46.141058,0.7845,0.12405,0.0,0.3612
2026-02-11 21:24:46.141233,0.7845,0.0446,0.0,0.3612
2026-02-11 21:24:46.141448,0.7845,0.13898333333333335,0.0,0.3612
2026-02-11 21:24:46.141631,0.7845,0.13898333333333335,0.0,0.3612
2026-02-11 21:24:46.141695,0.7845,0.09438333333333333,0.0,0.3612
2026-02-11 21:24:46.141833,0.7845,-0.028016666666666672,0.0,0.3612
2026-02-11 21:24:46.141998,0.7845,-0.12091666666666667,0.0,0.3612
2026-02-11 21:24:46.142074,0.7845,-0.12091666666666667,0.0,0.3612
2026-02-11 21:24:46.142157,0.7845,-0.28568333333333334,0.0,0.3612
2026-02-11 21:24:46.297163,0.7845,-0.34282,0.0,0.3612
2026-02-11 21:24:46.297290,0.7845,-0.48510000000000003,0.0,0.3612
2026-02-11 21:24:46.297406,0.7845,-0.40199999999999997,-0.0986666666666667,0.3612
2026-02-11 21:24:46.297575,0.7845,-0.32430000000000003,-0.07400000000000002,0.3612
2026-02-11 21:24:46.297685,0.7845,-0.6486,0.03957999999999998,0.3612
2026-02-11 21:24:46.297772,0.7845,-0.6486,-0.03400000000000001,0.3612
2026-02-11 21:24:46.297886,0.7845,-0.6486,-0.10098333333333336,0.3612
2026-02-11 21:24:46.297993,0.7845,-0.6486,-0.16796666666666668,0.3612
2026-02-11 21:24:46.298178,0.7845,-0.6486,-0.02573333333333333,0.3612
2026-02-11 21:24:46.298260,0.7845,-0.6486,-0.02573333333333334,0.3612
2026-02-11 21:24:46.298402,0.7845,-0.6486,0.017049999999999992,0.3612
2026-02-11 21:24:46.298539,0.7845,-0.6486,0.08403333333333333,0.3612
2026-02-11 21:24:46.298749,0.7845,-0.6486,0.22126666666666664,0.3612
2026-02-11 21:24:46.298825,0.7845,-0.6486,0.28824999999999995,0.3612
2026-02-11 21:24:46.298893,0.7845,-0.6486,0.19535,0.3612
2026-02-11 21:24:46.428633,0.0,-0.6486,0.23442,0.3612
2026-02-11 21:24:46.428784,-0.2294,-0.6486,0.10537499999999997,0.3612
2026-02-11 21:24:46.429004,-0.23626666666666665,-0.6486,0.14049999999999996,0.3612
2026-02-11 21:24:46.429123,-0.1772,-0.6486,0.0,0.3612
2026-02-11 21:24:46.429197,-0.14176,-0.6486,0.0,0.3612
2026-02-11 21:24:46.429260,-0.11813333333333333,-0.6486,0.0,0.3612
2026-02-11 21:24:46.429408,-0.11813333333333333,-0.6486,0.0,0.3612
2026-02-11 21:24:46.429562,-0.041666666666666664,-0.6486,0.0,0.3612
2026-02-11 21:24:46.429683,0.0,-0.6486,0.0,0.3612
2026-02-11 21:24:46.430075,0.060200000000000004,-0.6486,0.0,0.3612
2026-02-11 21:24:46.430182,0.022483333333333338,-0.6486,0.0,0.3612
2026-02-11 21:24:46.430272,0.022483333333333338,-0.6486,0.0,0.3612
2026-02-11 21:24:46.430683,-0.09238333333333333,-0.6486,0.0,0.3612
2026-02-11 21:24:46.430807,-0.09238333333333333,-0.6486,0.0,0.3612
2026-02-11 21:41:39.356260,-0.11086,-0.6486,0.0,0.0
2026-02-11 21:41:39.356461,-0.228875,-0.6486,0.0,0.22940000000000005
2026-02-11 21:41:39.356545,-0.22973333333333334,-0.6486,0.0,0.15293333333333337
2026-02-11 21:41:39.356931,-0.3446,-0.6486,0.0,-0.05292499999999997
2026-02-11 21:41:39.357315,0.0,-0.6486,0.0,-0.18239999999999998
2026-02-11 21:41:39.357399,0.0,-0.6486,0.0,-0.152
2026-02-11 21:41:39.357614,0.0,-0.6486,0.0,-0.08836666666666666
2026-02-11 21:41:39.357811,0.0,-0.6486,0.0,-0.09143333333333332
2026-02-11 21:41:39.357899,0.0,-0.6486,0.0,-0.09143333333333332
2026-02-11 21:41:39.358210,0.0,-0.6486,0.0,-0.025216666666666655
2026-02-11 21:41:39.358461,0.0,-0.6486,0.0,0.09580000000000004
2026-02-11 21:41:39.358617,0.0,-0.6486,0.0,0.09580000000000001
2026-02-11 21:41:39.358980,0.0,-0.6486,0.0,-0.06073333333333331
2026-02-11 21:41:39.359088,0.0,-0.6486,0.0,-0.13413333333333333
2026-02-11 21:41:39.359204,0.0,-0.6486,0.0,-0.07393333333333332
2026-02-11 21:41:39.522816,0.0,0.0,0.0,-0.03407999999999998
2026-02-11 21:41:39.523085,0.0,0.0,0.0,-0.04904999999999997
2026-02-11 21:41:39.523320,0.0,0.1589,0.0,-0.06539999999999996
2026-02-11 21:41:39.523459,0.0,0.0626,0.0,0.18060000000000007
2026-02-11 21:41:39.523645,0.0,0.05008,0.0,0.3612
2026-02-11 21:41:39.523788,0.0,0.12405,0.0,0.3612
2026-02-11 21:41:39.524103,0.0,0.12405,0.0,0.3612
2026-02-11 21:41:39.524203,0.0,0.12405,0.0,0.3612
2026-02-11 21:41:39.524406,0.0,0.0446,0.0,0.3612
2026-02-11 21:41:39.524637,0.0,0.13898333333333335,0.0,0.3612
2026-02-11 21:41:39.524822,0.0,0.13898333333333335,0.0,0.3612
2026-02-11 21:41:39.524887,0.0,0.09438333333333333,0.0,0.3612
2026-02-11 21:41:39.525025,0.0,-0.028016666666666672,0.0,0.3612
2026-02-11 21:41:39.525187,0.0,-0.12091666666666667,0.0,0.3612
2026-02-11 21:41:39.525262,0.0,-0.12091666666666667,0.0,0.3612
2026-02-11 21:41:39.742461,0.0,-0.2131,0.0,0.3612
2026-02-11 21:41:39.742564,0.0,-0.26637500000000003,0.0,0.3612
2026-02-11 21:41:39.742702,0.0,-0.43060000000000004,0.0,0.3612
2026-02-11 21:41:39.742834,0.0,-0.2787,-0.07400000000000002,0.3612
2026-02-11 21:41:39.743034,0.0,0.0,-0.059200000000000016,0.3612
2026-02-11 21:41:39.743137,0.0,0.0,0.032983333333333316,0.3612
2026-02-11 21:41:39.743238,0.0,0.0,-0.03400000000000001,0.3612
2026-02-11 21:41:39.743377,0.0,0.0,-0.10098333333333336,0.3612
2026-02-11 21:41:39.743489,0.0,0.0,-0.16796666666666668,0.3612
2026-02-11 21:41:39.743679,0.0,0.0,-0.02573333333333333,0.3612
2026-02-11 21:41:39.743763,0.0,0.0,-0.02573333333333334,0.3612
2026-02-11 21:41:39.743913,0.0,0.0,0.017049999999999992,0.3612
2026-02-11 21:41:39.744060,0.0,0.0,0.08403333333333333,0.3612
2026-02-11 21:41:39.744264,0.0,0.0,0.22126666666666664,0.3612
2026-02-11 21:41:39.744354,0.0,0.0,0.28824999999999995,0.3612
2026-02-11 21:41:40.083766,0.0,0.0,0.23442,0.3612
2026-02-11 21:41:40.083832,0.0,0.0,0.293025,0.3612
2026-02-11 21:41:40.083910,0.0,0.0,0.14049999999999996,0.3612
2026-02-11 21:41:40.084071,-0.1147,0.0,0.21074999999999994,0.3612
2026-02-11 21:41:40.084333,-0.14176,0.0,0.0,0.3612
2026-02-11 21:41:40.084466,-0.11813333333333333,0.0,0.0,0.3612
2026-02-11 21:41:40.084548,-0.11813333333333333,0.0,0.0,0.3612
2026-02-11 21:41:40.084615,-0.11813333333333333,0.0,0.0,0.3612
2026-02-11 21:41:40.084777,-0.11813333333333333,0.0,0.0,0.3612
2026-02-11 21:41:40.084953,-0.041666666666666664,0.0,0.0,0.3612
2026-02-11 21:41:40.085059,0.0,0.0,0.0,0.3612
2026-02-11 21:41:40.085456,0.060200000000000004,0.0,0.0,0.3612
2026-02-11 21:41:40.085562,0.022483333333333338,0.0,0.0,0.3612
2026-02-11 21:41:40.085652,0.022483333333333338,0.0,0.0,0.3612
2026-02-11 22:22:05.263745,0.026980000000000004,0.0,0.0,0.0
2026-02-11 22:22:05.263927,0.033725000000000005,0.0,0.0,0.22940000000000005
2026-02-11 22:22:05.264027,0.044966666666666676,0.0,0.0,0.15293333333333337
2026-02-11 22:22:05.264424,-0.11315,0.0,0.0,-0.05292499999999997
2026-02-11 22:22:05.264809,0.0,0.0,0.0,-0.18239999999999998
2026-02-11 22:22:05.264910,0.0,0.0,0.0,-0.152
2026-02-11 22:22:05.265122,0.0,0.0,0.0,-0.08836666666666666
2026-02-11 22:22:05.265312,0.0,0.0,0.0,-0.09143333333333332
2026-02-11 22:22:05.265398,0.0,0.0,0.0,-0.09143333333333332
2026-02-11 22:22:05.265714,0.0,0.0,0.0,-0.025216666666666655
2026-02-11 22:22:05.265952,0.0,0.0,0.0,0.09580000000000004
2026-02-11 22:22:05.266120,0.0,0.0,0.0,0.09580000000000001
2026-02-11 22:22:05.266487,0.0,0.0,0.0,-0.06073333333333331
2026-02-11 22:22:05.266596,0.0,0.0,0.0,-0.13413333333333333
2026-02-11 22:22:05.266713,0.0,0.0,0.0,-0.07393333333333332
2026-02-11 22:22:05.397452,0.0,-0.2479,0.0,-0.03407999999999998
2026-02-11 22:22:05.397520,0.0,-0.12395,0.0,-0.04904999999999997
2026-02-11 22:22:05.397744,0.0,-0.08263333333333334,0.0,-0.06539999999999996
2026-02-11 22:22:05.397947,0.0,0.0572,0.0,0.18060000000000007
2026-02-11 22:22:05.398112,0.0,0.0005000000000000004,0.0,0.3612
2026-02-11 22:22:05.398274,0.0,0.000416666666666667,0.0,0.3612
2026-02-11 22:22:05.398392,0.0,0.12405,0.0,0.3612
2026-02-11 22:22:05.398628,0.0,0.12405,0.0,0.3612
2026-02-11 22:22:05.398719,0.0,0.12405,0.0,0.3612
2026-02-11 22:22:05.398892,0.0,0.0446,0.0,0.3612
2026-02-11 22:22:05.399121,0.0,0.13898333333333335,0.0,0.3612
2026-02-11 22:22:05.399294,0.0,0.13898333333333335,0.0,0.3612
2026-02-11 22:22:05.399356,0.0,0.09438333333333333,0.0,0.3612
2026-02-11 22:22:05.399490,0.0,-0.028016666666666672,0.0,0.3612
2026-02-11 22:22:05.532197,0.0,-0.033620000000000004,0.0,0.3612
2026-02-11 22:22:05.532312,0.0,-0.04202500000000001,0.0,0.3612
2026-02-11 22:22:05.532464,0.0,-0.16936666666666667,0.0,0.3612
2026-02-11 22:22:05.532591,0.0,-0.25405,-0.07400000000000002,0.3612
2026-02-11 22:22:05.532774,0.0,-0.7344,-0.059200000000000016,0.3612
2026-02-11 22:22:05.532872,0.0,-0.7344,0.032983333333333316,0.3612
2026-02-11 22:22:05.532967,0.0,-0.7344,-0.03400000000000001,0.3612
2026-02-11 22:22:05.533111,0.0,-0.7344,-0.10098333333333336,0.3612
2026-02-11 22:22:05.533233,0.0,-0.7344,-0.16796666666666668,0.3612
2026-02-11 22:22:05.533437,0.0,-0.7344,-0.02573333333333333,0.3612
2026-02-11 22:22:05.533523,0.0,-0.7344,-0.02573333333333334,0.3612
2026-02-11 22:22:05.533671,0.0,-0.7344,0.017049999999999992,0.3612
2026-02-11 22:22:05.533811,0.0,-0.7344,0.08403333333333333,0.3612
2026-02-11 22:22:05.534023,0.0,-0.7344,0.22126666666666664,0.3612
2026-02-11 22:22:05.534103,0.0,-0.7344,0.28824999999999995,0.3612
2026-02-11 22:22:05.705398,-0.2023,-0.7344,0.23442,0.3612
2026-02-11 22:22:05.705549,0.08974999999999998,-0.7344,0.293025,0.3612
2026-02-11 22:22:05.705879,0.32336666666666664,-0.7344,0.14049999999999996,0.3612
2026-02-11 22:22:05.706114,0.232875,-0.7344,0.21074999999999994,0.3612
2026-02-11 22:22:05.706254,0.25854,-0.7344,0.0,0.3612
2026-02-11 22:22:05.706359,0.3216,-0.7344,0.0,0.3612
2026-02-11 22:22:05.706448,0.46146666666666664,-0.7344,0.0,0.3612
2026-02-11 22:22:05.706573,0.4084999999999999,-0.7344,0.0,0.3612
2026-02-11 22:22:05.706622,0.3828833333333333,-0.7344,0.0,0.3612
2026-02-11 22:22:05.706738,0.3223333333333334,-0.7344,0.0,0.3612
2026-02-11 22:22:05.706782,0.2621333333333334,-0.7344,0.0,0.3612
2026-02-11 22:22:05.706822,0.15598333333333336,-0.7344,0.0,0.3612
2026-02-11 22:22:05.706927,0.04983333333333335,-0.7344,0.0,0.3612
2026-02-11 22:22:05.706966,0.03916666666666668,-0.7344,0.0,0.3612
2026-02-11 23:21:27.529827,-0.08037999999999998,-0.7344,0.0,0.0
2026-02-11 23:21:27.529967,0.0,-0.7344,0.0,0.22940000000000005
2026-02-11 23:21:27.530028,0.0,-0.7344,0.0,0.15293333333333337
2026-02-11 23:21:27.530333,0.0,-0.7344,0.0,-0.05292499999999997
2026-02-11 23:21:27.530614,0.0,-0.7344,0.0,-0.18239999999999998
2026-02-11 23:21:27.530683,0.0,-0.7344,0.0,-0.152
2026-02-11 23:21:27.530872,0.0,-0.7344,0.0,-0.08836666666666666
2026-02-11 23:21:27.531052,0.0,-0.7344,0.0,-0.09143333333333332
2026-02-11 23:21:27.531135,0.0,-0.7344,0.0,-0.09143333333333332
2026-02-11 23:21:27.531456,0.0,-0.7344,0.0,-0.025216666666666655
2026-02-11 23:21:27.531684,0.0,-0.7344,0.0,0.09580000000000004
2026-02-11 23:21:27.531829,0.0,-0.7344,0.0,0.09580000000000001
2026-02-11 23:21:27.532199,0.0,-0.7344,0.0,-0.06073333333333331
2026-02-11 23:21:27.532304,0.0,-0.7344,0.0,-0.13413333333333333
2026-02-11 23:21:27.532415,0.0,-0.7344,0.0,-0.07393333333333332
2026-02-11 23:21:27.673030,0.0,0.0,0.0,-0.03407999999999998
2026-02-11 23:21:27.673199,0.0,0.20095,0.0,-0.04904999999999997
2026-02-11 23:21:27.673364,0.0,0.13396666666666665,0.0,-0.06539999999999996
2026-02-11 23:21:27.673464,0.0,0.03849999999999999,0.0,0.18060000000000007
2026-02-11 23:21:27.673516,0.0,0.030799999999999994,0.0,0.3612
2026-02-11 23:21:27.673705,0.0,0.02566666666666666,0.0,0.3612
2026-02-11 23:21:27.673878,0.0,0.10511666666666668,0.0,0.3612
2026-02-11 23:21:27.673986,0.0,0.000416666666666667,0.0,0.3612
2026-02-11 23:21:27.674197,0.0,0.000416666666666667,0.0,0.3612
2026-02-11 23:21:27.674313,0.0,0.12405,0.0,0.3612
2026-02-11 23:21:27.674543,0.0,0.12405,0.0,0.3612
2026-02-11 23:21:27.674630,0.0,0.12405,0.0,0.3612
2026-02-11 23:21:27.674806,0.0,0.0446,0.0,0.3612
2026-02-11 23:21:27.675010,0.0,0.13898333333333335,0.0,0.3612
2026-02-11 23:21:27.782013,0.0,0.16678,-0.07655,0.3612
2026-02-11 23:21:27.782094,0.0,0.08500000000000002,-0.03827500000000006,0.3612
2026-02-11 23:21:27.782272,0.0,0.11333333333333336,-0.12418333333333337,0.3612
2026-02-11 23:21:27.782367,0.0,0.17000000000000004,-0.09313750000000003,0.3612
2026-02-11 23:21:27.782443,0.0,0.34,-0.07451000000000002,0.3612
2026-02-11 23:21:27.782546,0.0,0.34,-0.062091666666666684,0.3612
2026-02-11 23:21:27.782652,0.0,0.34,-0.09866666666666668,0.3612
2026-02-11 23:21:27.782812,0.0,0.34,-0.09866666666666668,0.3612
2026-02-11 23:21:27.782897,0.0,0.34,0.032983333333333316,0.3612
2026-02-11 23:21:27.782977,0.0,0.34,-0.03400000000000001,0.3612
2026-02-11 23:21:27.783082,0.0,0.34,-0.10098333333333336,0.3612
2026-02-11 23:21:27.783189,0.0,0.34,-0.16796666666666668,0.3612
2026-02-11 23:21:27.783366,0.0,0.34,-0.02573333333333333,0.3612
2026-02-11 23:21:27.783445,0.0,0.34,-0.02573333333333334,0.3612
2026-02-11 23:21:27.783585,0.0,0.34,0.017049999999999992,0.3612
2026-02-11 23:21:28.042165,-0.2023,0.34,0.10084,0.3612
2026-02-11 23:21:28.042293,0.08975000000000001,0.34,0.22652499999999998,0.3612
2026-02-11 23:21:28.042577,0.32336666666666664,0.34,0.43599999999999994,0.3612
2026-02-11 23:21:28.042786,0.232875,0.34,0.37529999999999997,0.3612
2026-02-11 23:21:28.042917,0.25854,0.34,0.7506,0.3612
2026-02-11 23:21:28.043012,0.3216,0.34,0.7506,0.3612
2026-02-11 23:21:28.043093,0.46146666666666664,0.34,0.7506,0.3612
2026-02-11 23:21:28.043220,0.4084999999999999,0.34,0.7506,0.3612
2026-02-11 23:21:28.043262,0.3828833333333333,0.34,0.7506,0.3612
2026-02-11 23:21:28.043365,0.3223333333333334,0.34,0.7506,0.3612
2026-02-11 23:21:28.043408,0.2621333333333334,0.34,0.7506,0.3612
2026-02-11 23:21:28.043443,0.15598333333333336,0.34,0.7506,0.3612
2026-02-11 23:21:28.043546,0.04983333333333335,0.34,0.7506,0.3612
2026-02-12 01:02:59.242137,0.04700000000000002,0.34,0.7506,0.0
2026-02-12 01:02:59.242206,-0.10047499999999998,0.34,0.7506,0.11315000000000006
2026-02-12 01:02:59.242450,0.0,0.34,0.7506,0.07543333333333337
2026-02-12 01:02:59.242585,0.0,0.34,0.7506,0.171275
2026-02-12 01:02:59.242644,0.0,0.34,0.7506,0.13702
2026-02-12 01:02:59.242898,0.0,0.34,0.7506,0.0024333333333333615
2026-02-12 01:02:59.243148,0.0,0.34,0.7506,-0.1142833333333333
2026-02-12 01:02:59.243214,0.0,0.34,0.7506,-0.152
2026-02-12 01:02:59.243386,0.0,0.34,0.7506,-0.08836666666666666
2026-02-12 01:02:59.243558,0.0,0.34,0.7506,-0.0914333333333333
2026-02-12 01:02:59.243635,0.0,0.34,0.7506,-0.0914333333333333
2026-02-12 01:02:59.243916,0.0,0.34,0.7506,-0.025216666666666655
2026-02-12 01:02:59.244127,0.0,0.34,0.7506,0.09580000000000004
2026-02-12 01:02:59.244260,0.0,0.34,0.7506,0.09580000000000001
2026-02-12 01:02:59.244585,0.0,0.34,0.7506,-0.06073333333333331
2026-02-12 01:02:59.462398,0.0,0.0,0.7506,-0.16096
2026-02-12 01:02:59.462461,0.0,0.11315,0.7506,-0.2012
2026-02-12 01:02:59.462616,0.0,0.07543333333333334,0.7506,-0.17719999999999994
2026-02-12 01:02:59.462724,0.0,0.056575,0.7506,-0.27869999999999995
2026-02-12 01:02:59.462797,0.0,0.04526,0.7506,-0.5574
2026-02-12 01:02:59.462841,0.0,0.03771666666666667,0.7506,-0.5574
2026-02-12 01:02:59.462952,0.0,0.1047,0.7506,-0.5574
2026-02-12 01:02:59.463094,0.0,0.06698333333333333,0.7506,-0.5574
2026-02-12 01:02:59.463183,0.0,0.02566666666666666,0.7506,-0.5574
2026-02-12 01:02:59.463227,0.0,0.02566666666666666,0.7506,-0.5574
2026-02-12 01:02:59.463400,0.0,0.02566666666666666,0.7506,-0.5574
2026-02-12 01:02:59.463570,0.0,0.10511666666666668,0.7506,-0.5574
2026-02-12 01:02:59.463669,0.0,0.000416666666666667,0.7506,-0.5574
2026-02-12 01:02:59.463806,0.0,0.000416666666666667,0.7506,-0.5574
2026-02-12 01:03:04.061466,0.0,0.05008,0.0,-0.5574
2026-02-12 01:03:04.061559,0.0,0.0626,0.0,-0.5574
2026-02-12 01:03:04.061647,0.0,0.08346666666666668,0.0,-0.5574
2026-02-12 01:03:04.061763,0.0,-0.11315,0.0,-0.5574
2026-02-12 01:03:04.061828,0.0,0.0,-0.015310000000000023,-0.5574
2026-02-12 01:03:04.061888,0.0,0.0,-0.012758333333333352,-0.5574
2026-02-12 01:03:04.062021,0.0,0.0,-0.062091666666666684,-0.5574
2026-02-12 01:03:04.062101,0.0,0.0,-0.062091666666666684,-0.5574
2026-02-12 01:03:04.062166,0.0,0.0,-0.062091666666666684,-0.5574
2026-02-12 01:03:04.062264,0.0,0.0,-0.062091666666666684,-0.5574
2026-02-12 01:03:04.062362,0.0,0.0,-0.09866666666666668,-0.5574
2026-02-12 01:03:04.062516,0.0,0.0,-0.09866666666666668,-0.5574
2026-02-12 01:03:04.062597,0.0,0.0,0.032983333333333316,-0.5574
2026-02-12 01:03:04.062674,0.0,0.0,-0.03400000000000001,-0.5574
2026-02-12 01:03:04.062772,0.0,0.0,-0.10098333333333336,-0.5574
2026-02-12 01:03:04.341121,0.0,0.0,-0.12118000000000002,-0.5574
2026-02-12 01:03:04.341286,0.0,0.0,-0.07747500000000003,-0.5574
2026-02-12 01:03:04.341388,0.0,0.0,-0.10330000000000004,-0.5574
2026-02-12 01:03:04.341482,0.07955000000000001,0.0,-0.4019,-0.5574
2026-02-12 01:03:04.341649,0.11364,0.0,-0.4019,-0.5574
2026-02-12 01:03:04.341707,0.0947,0.0,-0.4019,-0.5574
2026-02-12 01:03:04.341864,0.04916666666666667,0.0,-0.4019,-0.5574
2026-02-12 01:03:04.341967,0.04916666666666667,0.0,-0.4019,-0.5574
2026-02-12 01:03:04.342062,0.04916666666666667,0.0,-0.4019,-0.5574
2026-02-12 01:03:04.342216,0.008891666666666678,0.0,-0.4019,-0.5574
2026-02-12 01:03:04.342406,-0.06649166666666666,0.0,-0.4019,-0.5574
2026-02-12 01:03:04.342513,-0.002858333333333333,0.0,-0.4019,-0.5574
2026-02-12 04:12:15.157438,0.05121,0.0,-0.4019,-0.7184
2026-02-12 04:12:15.157580,0.0640125,0.0,-0.4019,-0.35919999999999996
2026-02-12 04:12:15.157836,0.08535,0.0,-0.4019,-0.23946666666666663
2026-02-12 04:12:15.157913,0.08975,0.0,-0.4019,-0.12302499999999998
2026-02-12 04:12:15.158169,0.3818,0.0,-0.4019,-0.09841999999999998
2026-02-12 04:12:15.158285,0.3818,0.0,-0.4019,-0.00554999999999999
2026-02-12 04:12:15.158338,0.3818,0.0,-0.4019,0.11418333333333335
2026-02-12 04:12:15.158591,0.3818,0.0,-0.4019,0.0024333333333333615
2026-02-12 04:12:15.158842,0.3818,0.0,-0.4019,-0.1142833333333333
2026-02-12 04:12:15.158915,0.3818,0.0,-0.4019,-0.152
2026-02-12 04:12:15.159085,0.3818,0.0,-0.4019,-0.08836666666666666
2026-02-12 04:12:15.159248,0.3818,0.0,-0.4019,-0.0914333333333333
2026-02-12 04:12:15.159326,0.3818,0.0,-0.4019,-0.0914333333333333
2026-02-12 04:12:15.159603,0.3818,0.0,-0.4019,-0.025216666666666655
2026-02-12 04:12:15.159815,0.3818,0.0,-0.4019,0.09580000000000004
2026-02-12 04:12:15.522089,0.3818,-0.2732,-0.4019,0.11496000000000002
2026-02-12 04:12:15.522215,0.3818,-0.1366,-0.4019,0.04825000000000003
2026-02-12 04:12:15.522352,0.3818,-0.09106666666666667,-0.4019,-0.08246666666666663
2026-02-12 04:12:15.522462,0.3818,0.059350000000000014,-0.4019,-0.12369999999999995
2026-02-12 04:12:15.522614,0.3818,0.04748000000000001,-0.4019,0.0258
2026-02-12 04:12:15.522813,0.3818,-0.05574999999999999,-0.4019,0.0258
2026-02-12 04:12:15.523003,0.3818,-0.010216666666666652,-0.4019,0.0258
2026-02-12 04:12:15.523231,0.3818,-0.010216666666666652,-0.4019,0.0258
2026-02-12 04:12:15.523282,0.3818,0.027500000000000014,-0.4019,0.0258
2026-02-12 04:12:15.523415,0.3818,-0.05759999999999999,-0.4019,0.0258
2026-02-12 04:12:15.523516,0.3818,-0.05759999999999999,-0.4019,0.0258
2026-02-12 04:12:15.523587,0.3818,0.03771666666666667,-0.4019,0.0258
2026-02-12 04:12:15.523628,0.3818,0.03771666666666667,-0.4019,0.0258
2026-02-12 04:12:15.523736,0.3818,0.1047,-0.4019,0.0258
2026-02-12 04:12:15.523880,0.3818,0.06698333333333333,-0.4019,0.0258
2026-02-12 04:12:15.727453,0.3818,0.08038,-0.3818,0.0258
2026-02-12 04:12:15.727627,0.3818,0.100475,-0.03180000000000005,0.0258
2026-02-12 04:12:15.727736,0.3818,0.13396666666666665,-0.021200000000000035,0.0258
2026-02-12 04:12:15.727785,0.3818,0.20095,-0.015900000000000025,0.0258
2026-02-12 04:12:15.727875,0.3818,0.0,-0.01272000000000002,0.0258
2026-02-12 04:12:15.727949,0.3818,0.0,-0.010600000000000017,0.0258
2026-02-12 04:12:15.728025,0.3818,0.0,0.053033333333333314,0.0258
2026-02-12 04:12:15.728132,0.3818,0.0,0.0,0.0258
2026-02-12 04:12:15.728196,0.3818,0.0,-0.012758333333333352,0.0258
2026-02-12 04:12:15.728253,0.3818,0.0,-0.012758333333333352,0.0258
2026-02-12 04:12:15.728384,0.3818,0.0,-0.062091666666666684,0.0258
2026-02-12 04:12:15.728464,0.3818,0.0,-0.062091666666666684,0.0258
2026-02-12 04:12:15.728533,0.3818,0.0,-0.062091666666666684,0.0258
2026-02-12 04:12:15.728629,0.3818,0.0,-0.062091666666666684,0.0258
2026-02-12 04:12:15.728725,0.3818,0.0,-0.09866666666666668,0.0258
2026-02-12 04:12:16.144096,-0.7184,0.0,-0.11840000000000002,0.0258
2026-02-12 04:12:16.144299,-0.20010000000000003,0.0,-0.07400000000000002,0.0258
2026-02-12 04:12:16.144544,-0.12910000000000002,0.0,-0.0986666666666667,0.0258
2026-02-12 04:12:16.144808,0.094425,0.0,-0.14800000000000005,0.0258
2026-02-12 04:12:16.145043,0.07554,0.0,-0.296,0.0258
2026-02-12 04:12:16.145163,0.06294999999999999,0.0,-0.296,0.0258
2026-02-12 04:12:16.145288,0.28883333333333333,0.0,-0.296,0.0258
2026-02-12 04:12:16.145435,0.2358,0.0,-0.296,0.0258
2026-02-12 04:12:16.145584,0.23365,0.0,-0.296,0.0258
2026-02-12 04:12:16.145685,0.10615000000000001,0.0,-0.296,0.0258
2026-02-12 04:12:16.145775,0.15918333333333334,0.0,-0.296,0.0258
2026-02-12 04:12:16.145936,0.20085,0.0,-0.296,0.0258
2026-02-12 04:12:16.145996,0.0947,0.0,-0.296,0.0258
2026-02-12 04:12:16.146155,0.049166666666666664,0.0,-0.296,0.0258
2026-02-12 05:56:54.588559,0.059,0.0,-0.296,-0.7184
2026-02-12 05:56:54.588734,0.07375,0.0,-0.296,-0.35919999999999996
2026-02-12 05:56:54.589036,-0.0077333333333333325,0.0,-0.296,-0.23946666666666663
2026-02-12 05:56:54.589099,-0.1366,0.0,-0.296,-0.12302499999999998
2026-02-12 05:56:54.589359,-0.2732,0.0,-0.296,-0.09841999999999998
2026-02-12 05:56:54.589479,-0.2732,0.0,-0.296,-0.00554999999999999
2026-02-12 05:56:54.589534,-0.2732,0.0,-0.296,0.11418333333333335
2026-02-12 05:56:54.589830,-0.2732,0.0,-0.296,0.0024333333333333615
2026-02-12 05:56:54.590111,-0.2732,0.0,-0.296,-0.1142833333333333
2026-02-12 05:56:54.590183,-0.2732,0.0,-0.296,-0.152
2026-02-12 05:56:54.590370,-0.2732,0.0,-0.296,-0.08836666666666666
2026-02-12 05:56:54.590555,-0.2732,0.0,-0.296,-0.0914333333333333
2026-02-12 05:56:54.590639,-0.2732,0.0,-0.296,-0.0914333333333333
2026-02-12 05:56:54.590963,-0.2732,0.0,-0.296,-0.025216666666666655
2026-02-12 05:56:54.591197,-0.2732,0.0,-0.296,0.09580000000000004
2026-02-12 05:56:54.690128,-0.2732,0.0,-0.296,0.11496000000000002
2026-02-12 05:56:54.690342,-0.2732,0.0,-0.296,0.04825000000000003
2026-02-12 05:56:54.690411,-0.2732,-0.09106666666666667,-0.296,-0.08246666666666663
2026-02-12 05:56:54.690650,-0.2732,-0.1784,-0.296,-0.12369999999999995
2026-02-12 05:56:54.690752,-0.2732,-0.19736,-0.296,0.0258
2026-02-12 05:56:54.691103,-0.2732,-0.21,-0.296,0.0258
2026-02-12 05:56:54.691279,-0.2732,-0.09328333333333333,-0.296,0.0258
2026-02-12 05:56:54.691417,-0.2732,-0.08898333333333332,-0.296,0.0258
2026-02-12 05:56:54.691556,-0.2732,-0.043449999999999996,-0.296,0.0258
2026-02-12 05:56:54.691711,-0.2732,-0.01558333333333333,-0.296,0.0258
2026-02-12 05:56:54.691833,-0.2732,0.029950000000000004,-0.296,0.0258
2026-02-12 05:56:54.691971,-0.2732,0.07548333333333333,-0.296,0.0258
2026-02-12 05:56:54.692084,-0.2732,0.04386666666666667,-0.296,0.0258
2026-02-12 05:56:54.793028,-0.2732,0.04748000000000001,-0.6739,0.0258
2026-02-12 05:56:54.793137,-0.2732,0.059350000000000014,-0.3369500000000001,0.0258
2026-02-12 05:56:54.793296,-0.2732,0.17020000000000002,-0.22463333333333338,0.0258
2026-02-12 05:56:54.793615,-0.2732,0.2553,0.026099999999999957,0.0258
2026-02-12 05:56:54.793821,-0.2732,0.5106,-0.05548000000000003,0.0258
2026-02-12 05:56:54.793999,-0.2732,0.5106,0.006799999999999973,0.0258
2026-02-12 05:56:54.794108,-0.2732,0.5106,0.11911666666666665,0.0258
2026-02-12 05:56:54.794158,-0.2732,0.5106,0.11911666666666665,0.0258
2026-02-12 05:56:54.794235,-0.2732,0.5106,0.11911666666666665,0.0258
2026-02-12 05:56:54.794305,-0.2732,0.5106,-0.010600000000000017,0.0258
2026-02-12 05:56:54.794384,-0.2732,0.5106,0.053033333333333314,0.0258
2026-02-12 05:56:54.794492,-0.2732,0.5106,0.0,0.0258
2026-02-12 05:56:54.794558,-0.2732,0.5106,-0.012758333333333352,0.0258
2026-02-12 05:56:54.794619,-0.2732,0.5106,-0.012758333333333352,0.0258
2026-02-12 05:56:54.794780,-0.2732,0.5106,-0.062091666666666684,0.0258
2026-02-12 05:56:54.928337,-0.05135,0.5106,-0.07451000000000002,0.0258
2026-02-12 05:56:54.928425,-0.025675,0.5106,-0.09313750000000003,0.0258
2026-02-12 05:56:54.928501,-0.017116666666666665,0.5106,-0.12418333333333337,0.0258
2026-02-12 05:56:54.928651,-0.028837500000000002,0.5106,-0.14800000000000005,0.0258
2026-02-12 05:56:54.928750,-0.02307,0.5106,-0.296,0.0258
2026-02-12 05:56:54.928891,0.03744166666666667,0.5106,-0.296,0.0258
2026-02-12 05:56:54.929029,-0.03046666666666666,0.5106,-0.296,0.0258
2026-02-12 05:56:54.929232,-0.03476666666666666,0.5106,-0.296,0.0258
2026-02-12 05:56:54.929426,-0.03476666666666666,0.5106,-0.296,0.0258
2026-02-12 05:56:54.929550,-0.024099999999999993,0.5106,-0.296,0.0258
2026-02-12 05:56:54.929745,0.02523333333333334,0.5106,-0.296,0.0258
2026-02-12 05:56:54.929851,-0.031433333333333334,0.5106,-0.296,0.0258
2026-02-12 05:56:54.930022,0.045033333333333335,0.5106,-0.296,0.0258
2026-02-12 06:52:01.306950,0.059199999999999996,0.5106,-0.296,-0.765
2026-02-12 06:52:01.307116,0.074,0.5106,-0.296,-0.7417
2026-02-12 06:52:01.307244,0.09866666666666667,0.5106,-0.296,-0.49446666666666667
2026-02-12 06:52:01.307505,0.0,0.5106,-0.296,-0.37085
2026-02-12 06:52:01.307562,0.0,0.5106,-0.296,-0.25142
2026-02-12 06:52:01.307820,0.0,0.5106,-0.296,-0.20951666666666666
2026-02-12 06:52:01.307937,0.0,0.5106,-0.296,-0.00554999999999999
2026-02-12 06:52:01.307989,0.0,0.5106,-0.296,0.11418333333333335
2026-02-12 06:52:01.308264,0.0,0.5106,-0.296,0.0024333333333333615
2026-02-12 06:52:01.308537,0.0,0.5106,-0.296,-0.1142833333333333
2026-02-12 06:52:01.308607,0.0,0.5106,-0.296,-0.152
2026-02-12 06:52:01.308808,0.0,0.5106,-0.296,-0.08836666666666666
2026-02-12 06:52:01.308990,0.0,0.5106,-0.296,-0.0914333333333333
2026-02-12 06:52:01.309072,0.0,0.5106,-0.296,-0.0914333333333333
2026-02-12 06:52:01.309376,0.0,0.5106,-0.296,-0.025216666666666655
2026-02-12 06:52:01.465472,0.0,0.4588,-0.296,0.10980000000000004
2026-02-12 06:52:01.465744,0.0,0.2294,-0.296,0.13725
2026-02-12 06:52:01.465981,0.0,0.15293333333333334,-0.296,0.05573333333333336
2026-02-12 06:52:01.466044,0.0,0.0464,-0.296,-0.13659999999999997
2026-02-12 06:52:01.466293,0.0,-0.050960000000000005,-0.296,-0.2732
2026-02-12 06:52:01.466349,0.0,-0.08800000000000001,-0.296,-0.2732
2026-02-12 06:52:01.466698,0.0,-0.21,-0.296,-0.2732
2026-02-12 06:52:01.466874,0.0,-0.09328333333333333,-0.296,-0.2732
2026-02-12 06:52:01.466990,0.0,-0.08898333333333332,-0.296,-0.2732
2026-02-12 06:52:01.467120,0.0,-0.043449999999999996,-0.296,-0.2732
2026-02-12 06:52:01.467259,0.0,-0.01558333333333333,-0.296,-0.2732
2026-02-12 06:52:01.467369,0.0,0.029950000000000004,-0.296,-0.2732
2026-02-12 06:52:01.467503,0.0,0.07548333333333333,-0.296,-0.2732
2026-02-12 06:52:01.626007,0.0,-0.04948,0.34,-0.2732
2026-02-12 06:52:01.626148,0.0,-0.0683,0.16999999999999996,-0.2732
2026-02-12 06:52:01.626328,0.0,-0.09106666666666667,0.24729999999999996,-0.2732
2026-02-12 06:52:01.626473,0.0,0.0,0.29084999999999994,-0.2732
2026-02-12 06:52:01.626534,0.0,0.0,0.09789999999999996,-0.2732
2026-02-12 06:52:01.626617,0.0,0.0,0.0815833333333333,-0.2732
2026-02-12 06:52:01.626759,0.0,0.0,0.024916666666666632,-0.2732
2026-02-12 06:52:01.627020,0.0,0.0,0.1546333333333333,-0.2732
2026-02-12 06:52:01.627208,0.0,0.0,0.02401666666666664,-0.2732
2026-02-12 06:52:01.627380,0.0,0.0,0.006799999999999963,-0.2732
2026-02-12 06:52:01.627489,0.0,0.0,0.11911666666666665,-0.2732
2026-02-12 06:52:01.627538,0.0,0.0,0.11911666666666663,-0.2732
2026-02-12 06:52:01.627615,0.0,0.0,0.11911666666666663,-0.2732
2026-02-12 06:52:01.627703,0.0,0.0,-0.010600000000000035,-0.2732
2026-02-12 06:52:01.627790,0.0,0.0,0.05303333333333329,-0.2732
2026-02-12 06:52:01.785865,0.0,0.0,0.0,-0.2732
2026-02-12 06:52:01.786169,-0.3825,0.0,0.0,-0.2732
2026-02-12 06:52:01.786444,-0.3889666666666667,0.0,0.0,-0.2732
2026-02-12 06:52:01.786620,-0.291725,0.0,0.0,-0.2732
2026-02-12 06:52:01.786733,-0.30138,0.0,0.0,-0.2732
2026-02-12 06:52:01.786812,-0.25115,0.0,0.0,-0.2732
2026-02-12 06:52:01.786916,-0.25115,0.0,0.0,-0.2732
2026-02-12 06:52:01.786964,-0.13220833333333334,0.0,0.0,-0.2732
2026-02-12 06:52:01.787092,0.034675000000000004,0.0,0.0,-0.2732
2026-02-12 06:52:01.787322,0.026116666666666667,0.0,0.0,-0.2732
2026-02-12 06:52:01.787395,0.08278333333333333,0.0,0.0,-0.2732
2026-02-12 06:52:01.787459,0.08278333333333333,0.0,0.0,-0.2732
2026-02-12 06:52:01.787599,0.07211666666666668,0.0,0.0,-0.2732
2026-02-12 06:52:01.787687,0.08067500000000001,0.0,0.0,-0.2732
2026-02-12 07:43:31.781860,-0.02307,0.0,0.0,-0.765
2026-02-12 07:43:31.782032,-0.016,0.0,0.0,-0.7417
2026-02-12 07:43:31.782179,-0.021333333333333333,0.0,0.0,-0.49446666666666667
2026-02-12 07:43:31.782441,-0.032,0.0,0.0,-0.37085
2026-02-12 07:43:31.782498,0.0,0.0,0.0,-0.25142000000000003
2026-02-12 07:43:31.782734,0.0,0.0,0.0,-0.20951666666666668
2026-02-12 07:43:31.782852,0.0,0.0,0.0,-0.005550000000000009
2026-02-12 07:43:31.782904,0.0,0.0,0.0,0.11418333333333335
2026-02-12 07:43:31.783190,0.0,0.0,0.0,0.0024333333333333242
2026-02-12 07:43:31.783461,0.0,0.0,0.0,-0.11428333333333335
2026-02-12 07:43:31.783530,0.0,0.0,0.0,-0.15200000000000002
2026-02-12 07:43:31.783712,0.0,0.0,0.0,-0.0883666666666667
2026-02-12 07:43:31.783889,0.0,0.0,0.0,-0.09143333333333332
2026-02-12 07:43:31.783971,0.0,0.0,0.0,-0.09143333333333332
2026-02-12 07:43:31.784288,0.0,0.0,0.0,-0.025216666666666693
2026-02-12 07:43:32.112262,0.0,-0.4019,0.0,0.10979999999999998
2026-02-12 07:43:32.112358,0.0,-0.20095,0.0,0.13724999999999996
2026-02-12 07:43:32.112414,0.0,-0.13396666666666665,0.0,0.05573333333333328
2026-02-12 07:43:32.112525,0.0,-0.100475,0.0,-0.13660000000000008
2026-02-12 07:43:32.112670,0.0,0.06664,0.0,-0.2732
2026-02-12 07:43:32.112888,0.0,0.132,0.0,-0.2732
2026-02-12 07:43:32.113109,0.0,0.19898333333333332,0.0,-0.2732
2026-02-12 07:43:32.113299,0.0,0.19898333333333332,0.0,-0.2732
2026-02-12 07:43:32.113359,0.0,0.15344999999999998,0.0,-0.2732
2026-02-12 07:43:32.113595,0.0,0.08004999999999998,0.0,-0.2732
2026-02-12 07:43:32.113648,0.0,-0.08800000000000001,0.0,-0.2732
2026-02-12 07:43:32.113962,0.0,-0.21,0.0,-0.2732
2026-02-12 07:43:32.114137,0.0,-0.09328333333333332,0.0,-0.2732
2026-02-12 07:43:32.114250,0.0,-0.0889833333333333,0.0,-0.2732
2026-02-12 07:43:32.274250,0.0,-0.052139999999999964,0.0,-0.2732
2026-02-12 07:43:32.274518,0.0,0.04492500000000005,0.2786999999999999,-0.2732
2026-02-12 07:43:32.274690,0.0,0.15096666666666672,0.29913333333333325,-0.2732
2026-02-12 07:43:32.274811,0.0,0.3630500000000001,0.22434999999999994,-0.2732
2026-02-12 07:43:32.274971,0.0,0.0258,0.2598599999999999,-0.2732
2026-02-12 07:43:32.275116,0.0,0.0258,0.28679999999999994,-0.2732
2026-02-12 07:43:32.275160,0.0,0.0258,0.1744833333333333,-0.2732
2026-02-12 07:43:32.275240,0.0,0.0258,0.08158333333333329,-0.2732
2026-02-12 07:43:32.275359,0.0,0.0258,0.024916666666666615,-0.2732
2026-02-12 07:43:32.275622,0.0,0.0258,0.1546333333333333,-0.2732
2026-02-12 07:43:32.275805,0.0,0.0258,0.02401666666666664,-0.2732
2026-02-12 07:43:32.275970,0.0,0.0258,0.006799999999999963,-0.2732
2026-02-12 07:43:32.276073,0.0,0.0258,0.11911666666666665,-0.2732
2026-02-12 07:43:32.276134,0.0,0.0258,0.11911666666666663,-0.2732
2026-02-12 07:43:32.276214,0.0,0.0258,0.11911666666666663,-0.2732
2026-02-12 07:43:32.463478,-0.5267,0.0258,-0.012720000000000042,-0.2732
2026-02-12 07:43:32.463784,-0.06239999999999998,0.0258,0.07954999999999994,-0.2732
2026-02-12 07:43:32.463963,-0.04159999999999999,0.0258,0.0,-0.2732
2026-02-12 07:43:32.464181,-0.09949999999999999,0.0258,0.0,-0.2732
2026-02-12 07:43:32.464383,0.012160000000000004,0.0258,0.0,-0.2732
2026-02-12 07:43:32.464503,0.010133333333333336,0.0258,0.0,-0.2732
2026-02-12 07:43:32.464817,0.005016666666666651,0.0258,0.0,-0.2732
2026-02-12 07:43:32.465011,-0.15486666666666668,0.0258,0.0,-0.2732
2026-02-12 07:43:32.465091,-0.15486666666666668,0.0258,0.0,-0.2732
2026-02-12 07:43:32.465368,-0.23683333333333337,0.0258,0.0,-0.2732
2026-02-12 07:43:32.465623,-0.38028333333333336,0.0258,0.0,-0.2732
2026-02-12 07:43:32.465768,-0.38028333333333336,0.0258,0.0,-0.2732
2026-02-12 07:43:32.465841,-0.2873833333333334,0.0258,0.0,-0.2732
2026-02-12 07:43:32.465918,-0.25115,0.0258,0.0,-0.2732
2026-02-12 07:43:32.466021,-0.25115,0.0258,0.0,-0.2732
2026-02-12 08:31:41.549984,-0.14838,0.0258,0.0,-0.765
2026-02-12 08:31:41.550156,-0.085,0.0258,0.0,-0.7417000000000001
2026-02-12 08:31:41.550280,-0.11333333333333334,0.0258,0.0,-0.4944666666666668
2026-02-12 08:31:41.550535,-0.17,0.0258,0.0,-0.37085000000000007
2026-02-12 08:31:41.550592,0.0,0.0258,0.0,-0.2514200000000001
2026-02-12 08:31:41.550822,0.0,0.0258,0.0,-0.2095166666666667
2026-02-12 08:31:41.550953,0.0,0.0258,0.0,-0.005550000000000045
2026-02-12 08:31:41.551008,0.0,0.0258,0.0,0.1141833333333333
2026-02-12 08:31:41.551283,0.0,0.0258,0.0,0.0024333333333332874
2026-02-12 08:31:41.551552,0.0,0.0258,0.0,-0.11428333333333339
2026-02-12 08:31:41.551621,0.0,0.0258,0.0,-0.15200000000000005
2026-02-12 08:31:41.551804,0.0,0.0258,0.0,-0.08836666666666675
2026-02-12 08:31:41.551990,0.0,0.0258,0.0,-0.09143333333333337
2026-02-12 08:31:41.552073,0.0,0.0258,0.0,-0.09143333333333337
2026-02-12 08:31:41.552373,0.0,0.0258,0.0,-0.02521666666666673
2026-02-12 08:31:41.713291,0.0,-0.4019,0.0,0.10979999999999994
2026-02-12 08:31:41.713392,0.0,-0.20094999999999993,0.0,0.1372499999999999
2026-02-12 08:31:41.713449,0.0,-0.13396666666666662,0.0,0.05573333333333321
2026-02-12 08:31:41.713561,0.0,-0.10047499999999997,0.0,-0.1366000000000002
2026-02-12 08:31:41.713706,0.0,0.06664000000000002,0.0,-0.2732
2026-02-12 08:31:41.713955,0.0,0.132,0.0,-0.2732
2026-02-12 08:31:41.714160,0.0,0.19898333333333332,0.0,-0.2732
2026-02-12 08:31:41.714334,0.0,0.19898333333333332,0.0,-0.2732
2026-02-12 08:31:41.714396,0.0,0.15345,0.0,-0.2732
2026-02-12 08:31:41.714634,0.0,0.08005,0.0,-0.2732
2026-02-12 08:31:41.714690,0.0,-0.08799999999999997,0.0,-0.2732
2026-02-12 08:31:41.715024,0.0,-0.20999999999999996,0.0,-0.2732
2026-02-12 08:31:41.715193,0.0,-0.09328333333333332,0.0,-0.2732
2026-02-12 08:31:41.715309,0.0,-0.0889833333333333,0.0,-0.2732
2026-02-12 08:31:41.878171,0.0,-0.052139999999999964,0.0,-0.2732
2026-02-12 08:31:41.878447,0.0,0.04492500000000005,0.2201999999999999,-0.2732
2026-02-12 08:31:41.878497,0.0,0.15096666666666672,0.14679999999999993,-0.2732
2026-02-12 08:31:41.878747,0.0,0.3630500000000001,0.24944999999999995,-0.2732
2026-02-12 08:31:41.878928,0.0,0.0258,0.26755999999999996,-0.2732
2026-02-12 08:31:41.879049,0.0,0.0258,0.22296666666666665,-0.2732
2026-02-12 08:31:41.879212,0.0,0.0258,0.28995,-0.2732
2026-02-12 08:31:41.879346,0.0,0.0258,0.28679999999999994,-0.2732
2026-02-12 08:31:41.879391,0.0,0.0258,0.17448333333333324,-0.2732
2026-02-12 08:31:41.879470,0.0,0.0258,0.08158333333333329,-0.2732
2026-02-12 08:31:41.879594,0.0,0.0258,0.024916666666666615,-0.2732
2026-02-12 08:31:41.879852,0.0,0.0258,0.1546333333333333,-0.2732
2026-02-12 08:31:41.880097,0.0,0.0258,0.02401666666666664,-0.2732
2026-02-12 08:31:41.880277,0.0,0.0258,0.006799999999999963,-0.2732
2026-02-12 08:31:41.880386,0.0,0.0258,0.11911666666666665,-0.2732
2026-02-12 08:31:42.214506,0.25,0.0258,0.14293999999999996,-0.2732
2026-02-12 08:31:42.214650,0.13144999999999996,0.0258,0.17867499999999994,-0.2732
2026-02-12 08:31:42.214794,0.1863,0.0258,-0.02120000000000007,-0.2732
2026-02-12 08:31:42.214932,0.139725,0.0258,0.15909999999999988,-0.2732
2026-02-12 08:31:42.215041,0.17541999999999996,0.0258,0.0,-0.2732
2026-02-12 08:31:42.215192,0.19525,0.0258,0.0,-0.2732
2026-02-12 08:31:42.215417,0.06579999999999998,0.0258,0.0,-0.2732
2026-02-12 08:31:42.215726,0.1306333333333333,0.0258,0.0,-0.2732
2026-02-12 08:31:42.215914,0.08129999999999998,0.0258,0.0,-0.2732
2026-02-12 08:31:42.216116,0.03576666666666665,0.0258,0.0,-0.2732
2026-02-12 08:31:42.216315,0.05919999999999998,0.0258,0.0,-0.2732
2026-02-12 08:31:42.216430,0.010133333333333319,0.0258,0.0,-0.2732
2026-02-12 08:31:42.216737,0.005016666666666651,0.0258,0.0,-0.2732
2026-02-12 08:31:42.216928,-0.15486666666666668,0.0258,0.0,-0.2732
2026-02-12 08:31:42.217009,-0.15486666666666668,0.0258,0.0,-0.2732
2026-02-12 09:36:12.252746,-0.13120000000000004,0.0258,0.0,-0.765
2026-02-12 09:36:12.252945,-0.27870000000000006,0.0258,0.0,-0.7417000000000002
2026-02-12 09:36:12.253097,-0.3716000000000001,0.0258,0.0,-0.49446666666666683
2026-02-12 09:36:12.253365,-0.27870000000000006,0.0258,0.0,-0.3708500000000001
2026-02-12 09:36:12.253439,0.0,0.0258,0.0,-0.2514200000000001
2026-02-12 09:36:12.253685,0.0,0.0258,0.0,-0.20951666666666677
2026-02-12 09:36:12.253804,0.0,0.0258,0.0,-0.005550000000000083
2026-02-12 09:36:12.253859,0.0,0.0258,0.0,0.11418333333333326
2026-02-12 09:36:12.254140,0.0,0.0258,0.0,0.0024333333333332505
2026-02-12 09:36:12.254435,0.0,0.0258,0.0,-0.11428333333333342
2026-02-12 09:36:12.254511,0.0,0.0258,0.0,-0.1520000000000001
2026-02-12 09:36:12.254698,0.0,0.0258,0.0,-0.08836666666666677
2026-02-12 09:36:12.254877,0.0,0.0258,0.0,-0.09143333333333341
2026-02-12 09:36:12.254961,0.0,0.0258,0.0,-0.09143333333333341
2026-02-12 09:36:12.255267,0.0,0.0258,0.0,-0.025216666666666766
2026-02-12 09:36:12.381481,0.0,-0.4019,0.0,0.1097999999999999
2026-02-12 09:36:12.381582,0.0,-0.20094999999999993,0.0,0.13724999999999984
2026-02-12 09:36:12.381646,0.0,-0.13396666666666662,0.0,0.055733333333333135
2026-02-12 09:36:12.381766,0.0,-0.10047499999999997,0.0,-0.1366000000000003
2026-02-12 09:36:12.381920,0.0,0.06664000000000002,0.0,-0.2732
2026-02-12 09:36:12.382172,0.0,0.132,0.0,-0.2732
2026-02-12 09:36:12.382387,0.0,0.19898333333333332,0.0,-0.2732
2026-02-12 09:36:12.382573,0.0,0.19898333333333332,0.0,-0.2732
2026-02-12 09:36:12.382631,0.0,0.15345,0.0,-0.2732
2026-02-12 09:36:12.382868,0.0,0.08005,0.0,-0.2732
2026-02-12 09:36:12.382922,0.0,-0.08799999999999997,0.0,-0.2732
2026-02-12 09:36:12.383237,0.0,-0.20999999999999996,0.0,-0.2732
2026-02-12 09:36:12.383415,0.0,-0.09328333333333332,0.0,-0.2732
2026-02-12 09:36:12.383534,0.0,-0.0889833333333333,0.0,-0.2732
2026-02-12 09:36:12.639830,0.0,-0.052139999999999964,0.0,-0.2732
2026-02-12 09:36:12.639940,0.0,0.04492500000000005,0.0,-0.2732
2026-02-12 09:36:12.640217,0.0,0.15096666666666672,0.14679999999999993,-0.2732
2026-02-12 09:36:12.640269,0.0,0.3630500000000001,0.11009999999999995,-0.2732
2026-02-12 09:36:12.640548,0.0,0.0258,0.19955999999999996,-0.2732
2026-02-12 09:36:12.640718,0.0,0.0258,0.22296666666666665,-0.2732
2026-02-12 09:36:12.640846,0.0,0.0258,0.22296666666666665,-0.2732
2026-02-12 09:36:12.641011,0.0,0.0258,0.28995,-0.2732
2026-02-12 09:36:12.641146,0.0,0.0258,0.28679999999999994,-0.2732
2026-02-12 09:36:12.641191,0.0,0.0258,0.17448333333333324,-0.2732
2026-02-12 09:36:12.641272,0.0,0.0258,0.08158333333333329,-0.2732
2026-02-12 09:36:12.641396,0.0,0.0258,0.024916666666666615,-0.2732
2026-02-12 09:36:12.641669,0.0,0.0258,0.1546333333333333,-0.2732
2026-02-12 09:36:12.641856,0.0,0.0258,0.02401666666666664,-0.2732
2026-02-12 09:36:12.642034,0.0,0.0258,0.006799999999999963,-0.2732
2026-02-12 09:36:12.748696,0.0,0.0258,0.14293999999999998,-0.2732
2026-02-12 09:36:12.748794,-0.10115000000000006,0.0258,0.17867499999999994,-0.2732
2026-02-12 09:36:12.748990,-0.2580666666666667,0.0258,0.23823333333333327,-0.2732
2026-02-12 09:36:12.749138,-0.13105000000000003,0.0258,-0.031800000000000106,-0.2732
2026-02-12 09:36:12.749316,-0.22472000000000003,0.0258,0.3182,-0.2732
2026-02-12 09:36:12.749537,-0.14560000000000003,0.0258,0.3182,-0.2732
2026-02-12 09:36:12.749669,-0.14345000000000002,0.0258,0.3182,-0.2732
2026-02-12 09:36:12.749795,-0.060400000000000016,0.0258,0.3182,-0.2732
2026-02-12 09:36:12.749904,0.034916666666666644,0.0258,0.3182,-0.2732
2026-02-12 09:36:12.750011,0.04628333333333331,0.0258,0.3182,-0.2732
2026-02-12 09:36:12.750123,0.19525,0.0258,0.3182,-0.2732
2026-02-12 09:36:12.750322,0.06579999999999998,0.0258,0.3182,-0.2732
2026-02-12 09:36:12.750627,0.1306333333333333,0.0258,0.3182,-0.2732
2026-02-12 09:36:12.750801,0.08129999999999998,0.0258,0.3182,-0.2732
2026-02-12 09:36:12.750997,0.03576666666666665,0.0258,0.3182,-0.2732
2026-02-12 10:33:08.117032,-0.020720000000000016,0.0258,0.3182,-0.765
2026-02-12 10:33:08.117245,-0.09950000000000002,0.0258,0.3182,-0.7417000000000004
2026-02-12 10:33:08.117400,0.04289999999999996,0.0258,0.3182,-0.4944666666666669
2026-02-12 10:33:08.117706,-0.13660000000000005,0.0258,0.3182,-0.3708500000000002
2026-02-12 10:33:08.117777,-0.2732,0.0258,0.3182,-0.25142000000000014
2026-02-12 10:33:08.118062,-0.2732,0.0258,0.3182,-0.2095166666666668
2026-02-12 10:33:08.118187,-0.2732,0.0258,0.3182,-0.00555000000000012
2026-02-12 10:33:08.118245,-0.2732,0.0258,0.3182,0.11418333333333323
2026-02-12 10:33:08.118529,-0.2732,0.0258,0.3182,0.0024333333333332132
2026-02-12 10:33:08.118813,-0.2732,0.0258,0.3182,-0.11428333333333346
2026-02-12 10:33:08.118905,-0.2732,0.0258,0.3182,-0.15200000000000014
2026-02-12 10:33:08.119105,-0.2732,0.0258,0.3182,-0.08836666666666682
2026-02-12 10:33:08.119292,-0.2732,0.0258,0.3182,-0.09143333333333344
2026-02-12 10:33:08.119381,-0.2732,0.0258,0.3182,-0.09143333333333344
2026-02-12 10:33:08.119693,-0.2732,0.0258,0.3182,-0.025216666666666804
2026-02-12 10:33:08.272442,-0.2732,0.0,0.3182,0.10979999999999986
2026-02-12 10:33:08.272565,-0.2732,0.15910000000000005,0.3182,0.1372499999999998
2026-02-12 10:33:08.272650,-0.2732,0.1060666666666667,0.3182,0.05573333333333306
2026-02-12 10:33:08.272918,-0.2732,0.17500000000000002,0.3182,-0.13660000000000042
2026-02-12 10:33:08.273030,-0.2732,0.14,0.3182,-0.2732
2026-02-12 10:33:08.273271,-0.2732,0.07113333333333334,0.3182,-0.2732
2026-02-12 10:33:08.273482,-0.2732,0.004150000000000015,0.3182,-0.2732
2026-02-12 10:33:08.273567,-0.2732,-0.04888333333333331,0.3182,-0.2732
2026-02-12 10:33:08.273621,-0.2732,-0.04888333333333331,0.3182,-0.2732
2026-02-12 10:33:08.273730,-0.2732,-0.11251666666666664,0.3182,-0.2732
2026-02-12 10:33:08.273884,-0.2732,0.010000000000000028,0.3182,-0.2732
2026-02-12 10:33:08.274106,-0.2732,0.132,0.3182,-0.2732
2026-02-12 10:33:08.274307,-0.2732,0.19898333333333332,0.3182,-0.2732
2026-02-12 10:33:08.274475,-0.2732,0.19898333333333332,0.3182,-0.2732
2026-02-12 10:33:08.370325,-0.2732,0.23878,0.2942,-0.2732
2026-02-12 10:33:08.370437,-0.2732,0.298475,0.1470999999999999,-0.2732
2026-02-12 10:33:08.370538,-0.2732,0.15293333333333337,0.0980666666666666,-0.2732
2026-02-12 10:33:08.370799,-0.2732,0.0,0.18364999999999995,-0.2732
2026-02-12 10:33:08.370866,-0.2732,0.0,0.14691999999999997,-0.2732
2026-02-12 10:33:08.371119,-0.2732,0.0,0.2153333333333333,-0.2732
2026-02-12 10:33:08.371285,-0.2732,0.0,0.22296666666666665,-0.2732
2026-02-12 10:33:08.371403,-0.2732,0.0,0.22296666666666665,-0.2732
2026-02-12 10:33:08.371564,-0.2732,0.0,0.28995,-0.2732
2026-02-12 10:33:08.371698,-0.2732,0.0,0.28679999999999994,-0.2732
2026-02-12 10:33:08.371742,-0.2732,0.0,0.17448333333333324,-0.2732
2026-02-12 10:33:08.371834,-0.2732,0.0,0.08158333333333329,-0.2732
2026-02-12 10:33:08.371961,-0.2732,0.0,0.024916666666666615,-0.2732
2026-02-12 10:33:08.372213,-0.2732,0.0,0.1546333333333333,-0.2732
2026-02-12 10:33:08.372398,-0.2732,0.0,0.02401666666666664,-0.2732
2026-02-12 10:33:08.517591,-0.2342,0.0,-0.05548000000000004,-0.2732
2026-02-12 10:33:08.517716,-0.11710000000000005,0.0,0.09912499999999996,-0.2732
2026-02-12 10:33:08.518088,0.0687333333333333,0.0,0.13216666666666663,-0.2732
2026-02-12 10:33:08.518214,-0.04892500000000002,0.0,0.19824999999999993,-0.2732
2026-02-12 10:33:08.518499,0.06931999999999998,0.0,-0.3818,-0.2732
2026-02-12 10:33:08.518621,0.04920833333333332,0.0,-0.3818,-0.2732
2026-02-12 10:33:08.518754,0.13377499999999998,0.0,-0.3818,-0.2732
2026-02-12 10:33:08.518862,0.13377499999999998,0.0,-0.3818,-0.2732
2026-02-12 10:33:08.519037,0.06037499999999998,0.0,-0.3818,-0.2732
2026-02-12 10:33:08.519181,0.11879999999999998,0.0,-0.3818,-0.2732
2026-02-12 10:33:08.519331,0.028416666666666646,0.0,-0.3818,-0.2732
2026-02-12 10:33:08.519419,0.03697499999999998,0.0,-0.3818,-0.2732
2026-02-12 10:33:08.519575,-0.008558333333333352,0.0,-0.3818,-0.2732
2026-02-12 10:33:08.519667,-0.042275000000000014,0.0,-0.3818,-0.2732
2026-02-12 10:33:08.519861,-0.13759166666666667,0.0,-0.3818,-0.2732
2026-02-12 11:32:15.711312,-0.15484,0.0,-0.3818,-0.4497
2026-02-12 11:32:15.711664,-0.19355,0.0,-0.3818,-0.6073500000000004
2026-02-12 11:32:15.711845,-0.25806666666666667,0.0,-0.3818,-0.644366666666667
2026-02-12 11:32:15.711988,-0.3871,0.0,-0.3818,-0.48327500000000023
2026-02-12 11:32:15.712282,-0.5719,0.0,-0.3818,-0.3866200000000002
2026-02-12 11:32:15.712338,-0.5719,0.0,-0.3818,-0.2844666666666668
2026-02-12 11:32:15.712586,-0.5719,0.0,-0.3818,-0.20951666666666682
2026-02-12 11:32:15.712703,-0.5719,0.0,-0.3818,-0.005550000000000156
2026-02-12 11:32:15.712756,-0.5719,0.0,-0.3818,0.11418333333333319
2026-02-12 11:32:15.713036,-0.5719,0.0,-0.3818,0.0024333333333331764
2026-02-12 11:32:15.713325,-0.5719,0.0,-0.3818,-0.1142833333333335
2026-02-12 11:32:15.713398,-0.5719,0.0,-0.3818,-0.15200000000000016
2026-02-12 11:32:15.713582,-0.5719,0.0,-0.3818,-0.08836666666666686
2026-02-12 11:32:15.713762,-0.5719,0.0,-0.3818,-0.09143333333333348
2026-02-12 11:32:15.713845,-0.5719,0.0,-0.3818,-0.09143333333333348
2026-02-12 11:32:15.876017,-0.5719,0.5719,-0.3818,0.0243799999999998
2026-02-12 11:32:15.876209,-0.5719,0.2859500000000001,-0.3818,0.20554999999999976
2026-02-12 11:32:15.876361,-0.5719,0.31790000000000007,-0.3818,0.27406666666666635
2026-02-12 11:32:15.876440,-0.5719,0.31242500000000006,-0.3818,0.22019999999999953
2026-02-12 11:32:15.876634,-0.5719,0.16000000000000003,-0.3818,0.0
2026-02-12 11:32:15.876893,-0.5719,0.18636666666666668,-0.3818,0.0
2026-02-12 11:32:15.876944,-0.5719,0.09105000000000003,-0.3818,0.0
2026-02-12 11:32:15.877026,-0.5719,0.14408333333333337,-0.3818,0.0
2026-02-12 11:32:15.877110,-0.5719,0.08045000000000004,-0.3818,0.0
2026-02-12 11:32:15.877322,-0.5719,0.09475000000000004,-0.3818,0.0
2026-02-12 11:32:15.877414,-0.5719,0.16970000000000005,-0.3818,0.0
2026-02-12 11:32:15.877622,-0.5719,0.07113333333333335,-0.3818,0.0
2026-02-12 11:32:15.877821,-0.5719,0.004150000000000033,-0.3818,0.0
2026-02-12 11:32:15.877896,-0.5719,-0.0488833333333333,-0.3818,0.0
2026-02-12 11:32:16.059772,-0.5719,-0.058659999999999955,0.4939,0.0
2026-02-12 11:32:16.060020,-0.5719,-0.16877499999999995,0.29142499999999993,0.0
2026-02-12 11:32:16.060306,-0.5719,-0.22503333333333328,0.21979999999999997,0.0
2026-02-12 11:32:16.060492,-0.5719,-0.20094999999999988,0.23839999999999997,0.0
2026-02-12 11:32:16.060599,-0.5719,0.0,0.19071999999999997,0.0
2026-02-12 11:32:16.060710,-0.5719,0.0,0.15893333333333332,0.0
2026-02-12 11:32:16.060990,-0.5719,0.0,0.15001666666666666,0.0
2026-02-12 11:32:16.061037,-0.5719,0.0,0.13519166666666665,0.0
2026-02-12 11:32:16.061299,-0.5719,0.0,0.2153333333333333,0.0
2026-02-12 11:32:16.061460,-0.5719,0.0,0.22296666666666665,0.0
2026-02-12 11:32:16.061576,-0.5719,0.0,0.22296666666666665,0.0
2026-02-12 11:32:16.061736,-0.5719,0.0,0.28995,0.0
2026-02-12 11:32:16.061869,-0.5719,0.0,0.2868,0.0
2026-02-12 11:32:16.061912,-0.5719,0.0,0.17448333333333332,0.0
2026-02-12 11:32:16.061990,-0.5719,0.0,0.0815833333333333,0.0
2026-02-12 11:32:16.228166,0.0,0.0,0.02989999999999996,0.0
2026-02-12 11:32:16.228346,-0.044475000000000056,0.0,0.03737499999999995,0.0
2026-02-12 11:32:16.228511,-3.700743415417188e-17,0.0,-0.0841333333333334,0.0
2026-02-12 11:32:16.228798,0.019137499999999974,0.0,-0.3369500000000001,0.0
2026-02-12 11:32:16.229015,0.01530999999999998,0.0,0.0,0.0
2026-02-12 11:32:16.229170,0.09220833333333332,0.0,0.0,0.0
2026-02-12 11:32:16.229316,0.07944999999999998,0.0,0.0,0.0
2026-02-12 11:32:16.229571,0.1473083333333333,0.0,0.0,0.0
2026-02-12 11:32:16.229675,0.18181666666666665,0.0,0.0,0.0
2026-02-12 11:32:16.229815,0.1690583333333333,0.0,0.0,0.0
2026-02-12 11:32:16.229890,0.12352499999999995,0.0,0.0,0.0
2026-02-12 11:32:16.230157,0.005041666666666643,0.0,0.0,0.0
2026-02-12 11:32:16.230247,0.01779999999999998,0.0,0.0,0.0
2026-02-12 11:32:16.230538,0.03816666666666665,0.0,0.0,0.0
2026-02-12 11:32:16.230635,-0.07815000000000001,0.0,0.0,0.0
2026-02-12 12:35:18.968497,-0.09378000000000002,0.0,0.0,0.4445
2026-02-12 12:35:18.968731,-0.048925000000000024,0.0,0.0,-0.002600000000000491
2026-02-12 12:35:18.969023,0.012833333333333299,0.0,0.0,-0.25673333333333365
2026-02-12 12:35:18.969190,0.019249999999999948,0.0,0.0,-0.37215000000000026
2026-02-12 12:35:18.969316,-0.4019,0.0,0.0,-0.2977200000000002
2026-02-12 12:35:18.969577,-0.4019,0.0,0.0,-0.24810000000000018
2026-02-12 12:35:18.969631,-0.4019,0.0,0.0,-0.2844666666666668
2026-02-12 12:35:18.969861,-0.4019,0.0,0.0,-0.20951666666666688
2026-02-12 12:35:18.969975,-0.4019,0.0,0.0,-0.0055500000000001755
2026-02-12 12:35:18.970027,-0.4019,0.0,0.0,0.11418333333333315
2026-02-12 12:35:18.970310,-0.4019,0.0,0.0,0.0024333333333331764
2026-02-12 12:35:18.970582,-0.4019,0.0,0.0,-0.1142833333333335
2026-02-12 12:35:18.970651,-0.4019,0.0,0.0,-0.15200000000000016
2026-02-12 12:35:18.970834,-0.4019,0.0,0.0,-0.08836666666666686
2026-02-12 12:35:18.971010,-0.4019,0.0,0.0,-0.09143333333333348
2026-02-12 12:35:19.300524,-0.4019,-0.5719,0.0,-0.10972000000000018
2026-02-12 12:35:19.300681,-0.4019,-0.27949999999999986,0.0,0.030474999999999752
2026-02-12 12:35:19.300993,-0.4019,-0.4365333333333332,0.0,0.27406666666666635
2026-02-12 12:35:19.301195,-0.4019,-0.21627499999999994,0.0,0.4110999999999995
2026-02-12 12:35:19.301436,-0.4019,-0.22765999999999992,0.0,0.4404
2026-02-12 12:35:19.301649,-0.4019,-0.2599666666666666,0.0,0.4404
2026-02-12 12:35:19.301901,-0.4019,-0.0693333333333333,0.0,0.4404
2026-02-12 12:35:19.302040,-0.4019,-0.0714833333333333,0.0,0.4404
2026-02-12 12:35:19.302193,-0.4019,0.11725000000000003,0.0,0.4404
2026-02-12 12:35:19.302265,-0.4019,0.09250000000000003,0.0,0.4404
2026-02-12 12:35:19.302455,-0.4019,0.06308333333333337,0.0,0.4404
2026-02-12 12:35:19.302717,-0.4019,0.18636666666666668,0.0,0.4404
2026-02-12 12:35:19.302770,-0.4019,0.09105000000000003,0.0,0.4404
2026-02-12 12:35:19.302855,-0.4019,0.14408333333333337,0.0,0.4404
2026-02-12 12:35:19.464314,-0.4019,0.09654000000000004,0.4019,0.4404
2026-02-12 12:35:19.464454,-0.4019,0.04667500000000005,0.44789999999999996,0.4404
2026-02-12 12:35:19.464653,-0.4019,0.2121333333333334,0.32825,0.4404
2026-02-12 12:35:19.464869,-0.4019,0.1591000000000001,0.265325,0.4404
2026-02-12 12:35:19.465051,-0.4019,0.3182,0.2711,0.4404
2026-02-12 12:35:19.465154,-0.4019,0.3182,0.22591666666666665,0.4404
2026-02-12 12:35:19.465247,-0.4019,0.3182,0.15893333333333334,0.4404
2026-02-12 12:35:19.465488,-0.4019,0.3182,0.15001666666666666,0.4404
2026-02-12 12:35:19.465534,-0.4019,0.3182,0.13519166666666668,0.4404
2026-02-12 12:35:19.465768,-0.4019,0.3182,0.2153333333333333,0.4404
2026-02-12 12:35:19.465920,-0.4019,0.3182,0.22296666666666665,0.4404
2026-02-12 12:35:19.466036,-0.4019,0.3182,0.22296666666666665,0.4404
2026-02-12 12:35:19.466205,-0.4019,0.3182,0.28995,0.4404
2026-02-12 12:35:19.466392,-0.4019,0.3182,0.2868,0.4404
2026-02-12 12:35:19.633231,-0.4404,0.3182,0.34416,0.4404
2026-02-12 12:35:19.633362,-0.22020000000000006,0.3182,0.29085,0.4404
2026-02-12 12:35:19.633558,-0.1639166666666667,0.3182,0.27446666666666664,0.4404
2026-02-12 12:35:19.633763,-0.048937500000000037,0.3182,0.41169999999999995,0.4404
2026-02-12 12:35:19.633980,0.08072999999999998,0.3182,0.4215,0.4404
2026-02-12 12:35:19.634292,0.13752499999999998,0.3182,0.4215,0.4404
2026-02-12 12:35:19.634431,0.08460833333333329,0.3182,0.4215,0.4404
2026-02-12 12:35:19.634572,0.017624999999999974,0.3182,0.4215,0.4404
2026-02-12 12:35:19.634717,0.13018333333333332,0.3182,0.4215,0.4404
2026-02-12 12:35:19.635038,0.08299999999999998,0.3182,0.4215,0.4404
2026-02-12 12:35:19.635235,-0.08388333333333337,0.3182,0.4215,0.4404
2026-02-12 12:35:19.635384,-0.11641666666666668,0.3182,0.4215,0.4404
2026-02-12 12:35:19.635580,0.0768833333333333,0.3182,0.4215,0.4404
2026-02-12 12:35:19.635658,0.14386666666666661,0.3182,0.4215,0.4404
2026-02-12 12:35:19.635733,0.03986666666666664,0.3182,0.4215,0.4404
2026-02-12 14:02:35.018358,0.045259999999999974,0.3182,0.4215,0.4445
2026-02-12 14:02:35.018652,0.15704999999999997,0.3182,0.4215,-0.002600000000000491
2026-02-12 14:02:35.018952,0.1339666666666666,0.3182,0.4215,-0.25673333333333365
2026-02-12 14:02:35.019109,0.0,0.3182,0.4215,-0.37215000000000026
2026-02-12 14:02:35.019233,0.0,0.3182,0.4215,-0.2977200000000002
2026-02-12 14:02:35.019515,0.0,0.3182,0.4215,-0.24810000000000018
2026-02-12 14:02:35.019575,0.0,0.3182,0.4215,-0.2844666666666668
2026-02-12 14:02:35.019813,0.0,0.3182,0.4215,-0.20951666666666688
2026-02-12 14:02:35.019931,0.0,0.3182,0.4215,-0.0055500000000001755
2026-02-12 14:02:35.019986,0.0,0.3182,0.4215,0.11418333333333315
2026-02-12 14:02:35.020261,0.0,0.3182,0.4215,0.0024333333333331764
2026-02-12 14:02:35.020563,0.0,0.3182,0.4215,-0.1142833333333335
2026-02-12 14:02:35.020635,0.0,0.3182,0.4215,-0.15200000000000016
2026-02-12 14:02:35.020825,0.0,0.3182,0.4215,-0.08836666666666686
2026-02-12 14:02:35.021006,0.0,0.3182,0.4215,-0.09143333333333348
2026-02-12 14:02:35.200155,0.0,-0.4404,0.4215,-0.10972000000000018
2026-02-12 14:02:35.200373,0.0,-0.3567999999999999,0.4215,0.030474999999999752
2026-02-12 14:02:35.200533,0.0,-0.17043333333333324,0.4215,0.27406666666666635
2026-02-12 14:02:35.200664,0.0,-0.19612499999999994,0.4215,0.4110999999999995
2026-02-12 14:02:35.200803,0.0,-0.15689999999999996,0.4215,0.4404
2026-02-12 14:02:35.201097,0.0,-0.17628333333333326,0.4215,0.4404
2026-02-12 14:02:35.201219,0.0,-0.19819999999999993,0.4215,0.4404
2026-02-12 14:02:35.201363,0.0,-0.1505166666666666,0.4215,0.4404
2026-02-12 14:02:35.201683,0.0,-0.3093333333333333,0.4215,0.4404
2026-02-12 14:02:35.201867,0.0,-0.18971666666666662,0.4215,0.4404
2026-02-12 14:02:35.202092,0.0,-0.23524999999999996,0.4215,0.4404
2026-02-12 14:02:35.202305,0.0,-0.2599666666666666,0.4215,0.4404
2026-02-12 14:02:35.202570,0.0,-0.0693333333333333,0.4215,0.4404
2026-02-12 14:02:35.202708,0.0,-0.0714833333333333,0.4215,0.4404
2026-02-12 14:02:35.202846,0.0,0.11725000000000003,0.4215,0.4404
2026-02-12 14:02:35.540972,0.0,0.05180000000000005,0.0,0.4404
2026-02-12 14:02:35.541196,0.0,0.13305000000000006,0.36754999999999993,0.4404
2026-02-12 14:02:35.541253,0.0,0.31790000000000007,0.2450333333333333,0.4404
2026-02-12 14:02:35.541429,0.0,0.19090000000000013,0.18377499999999997,0.4404
2026-02-12 14:02:35.541585,0.0,0.3818,0.06663999999999998,0.4404
2026-02-12 14:02:35.541634,0.0,0.3818,0.055533333333333317,0.4404
2026-02-12 14:02:35.541725,0.0,0.3818,0.12251666666666665,0.4404
2026-02-12 14:02:35.541840,0.0,0.3818,0.08231666666666665,0.4404
2026-02-12 14:02:35.542028,0.0,0.3818,0.09714166666666664,0.4404
2026-02-12 14:02:35.542243,0.0,0.3818,0.10989999999999998,0.4404
2026-02-12 14:02:35.542392,0.0,0.3818,0.22591666666666665,0.4404
2026-02-12 14:02:35.542493,0.0,0.3818,0.22591666666666665,0.4404
2026-02-12 14:02:35.542581,0.0,0.3818,0.15893333333333332,0.4404
2026-02-12 14:02:35.542823,0.0,0.3818,0.15001666666666666,0.4404
2026-02-12 14:02:35.768522,0.0,0.3818,0.16222999999999999,0.4404
2026-02-12 14:02:35.768774,-0.27870000000000006,0.3818,0.18364999999999998,0.4404
2026-02-12 14:02:35.768907,-0.18580000000000008,0.3818,0.14679999999999996,0.4404
2026-02-12 14:02:35.769144,-0.015875000000000056,0.3818,0.22019999999999995,0.4404
2026-02-12 14:02:35.769267,-0.012700000000000045,0.3818,0.4404,0.4404
2026-02-12 14:02:35.769434,-0.08083333333333337,0.3818,0.4404,0.4404
2026-02-12 14:02:35.769537,-0.17848333333333335,0.3818,0.4404,0.4404
2026-02-12 14:02:35.769707,-0.08558333333333336,0.3818,0.4404,0.4404
2026-02-12 14:02:35.769835,-0.08558333333333336,0.3818,0.4404,0.4404
2026-02-12 14:02:35.769990,0.045074999999999976,0.3818,0.4404,0.4404
2026-02-12 14:02:35.770143,0.045074999999999955,0.3818,0.4404,0.4404
2026-02-12 14:02:35.770262,0.0003249999999999642,0.3818,0.4404,0.4404
2026-02-12 14:02:35.770453,-0.006175000000000042,0.3818,0.4404,0.4404
2026-02-12 14:02:35.770680,0.039358333333333294,0.3818,0.4404,0.4404
2026-02-12 14:02:35.770804,0.08869166666666661,0.3818,0.4404,0.4404
2026-02-12 15:40:24.810790,-0.14914000000000005,0.3818,0.4404,-0.4023
2026-02-12 15:40:24.810871,-0.18642500000000006,0.3818,0.4404,-0.2011500000000005
2026-02-12 15:40:24.810971,-0.01856666666666677,0.3818,0.4404,-0.13410000000000033
2026-02-12 15:40:24.811118,0.28459999999999985,0.3818,0.4404,-0.10057500000000025
2026-02-12 15:40:24.811301,0.296,0.3818,0.4404,-0.0804600000000002
2026-02-12 15:40:24.811498,0.296,0.3818,0.4404,0.007033333333333169
2026-02-12 15:40:24.811709,0.296,0.3818,0.4404,-0.0008666666666668302
2026-02-12 15:40:24.811994,0.296,0.3818,0.4404,-0.12836666666666682
2026-02-12 15:40:24.812160,0.296,0.3818,0.4404,-0.24810000000000018
2026-02-12 15:40:24.812280,0.296,0.3818,0.4404,-0.24810000000000018
2026-02-12 15:40:24.812529,0.296,0.3818,0.4404,-0.24810000000000018
2026-02-12 15:40:24.812585,0.296,0.3818,0.4404,-0.2844666666666668
2026-02-12 15:40:24.812815,0.296,0.3818,0.4404,-0.20951666666666688
2026-02-12 15:40:24.812930,0.296,0.3818,0.4404,-0.0055500000000001755
2026-02-12 15:40:24.812980,0.296,0.3818,0.4404,0.11418333333333315
2026-02-12 15:40:25.087896,0.296,-0.4023,0.4404,0.1370199999999998
2026-02-12 15:40:25.088051,0.296,-0.2075999999999999,0.4404,0.17127499999999976
2026-02-12 15:40:25.088409,0.296,-0.12128333333333326,0.4404,0.152933333333333
2026-02-12 15:40:25.088867,0.296,-0.40281249999999996,0.4404,0.22939999999999952
2026-02-12 15:40:25.088984,0.296,-0.32225,0.4404,0.0
2026-02-12 15:40:25.089173,0.296,-0.13779166666666665,0.4404,0.0
2026-02-12 15:40:25.089347,0.296,-0.14414166666666664,0.4404,0.0
2026-02-12 15:40:25.089581,0.296,-0.14199166666666665,0.4404,0.0
2026-02-12 15:40:25.089755,0.296,-0.22394999999999998,0.4404,0.0
2026-02-12 15:40:25.089850,0.296,-0.01604999999999997,0.4404,0.0
2026-02-12 15:40:25.090020,0.296,-0.003291666666666637,0.4404,0.0
2026-02-12 15:40:25.090141,0.296,-0.02594166666666664,0.4404,0.0
2026-02-12 15:40:25.090209,0.296,0.04745833333333336,0.4404,0.0
2026-02-12 15:40:25.090363,0.296,0.13524166666666668,0.4404,0.0
2026-02-12 15:40:25.090684,0.296,0.21079166666666668,0.4404,0.0
2026-02-12 15:40:25.198112,0.296,0.25295,0.0,0.0
2026-02-12 15:40:25.198318,0.296,0.29705000000000004,-0.14800000000000005,0.0
2026-02-12 15:40:25.198461,0.296,0.1798666666666667,-0.0943666666666667,0.0
2026-02-12 15:40:25.198582,0.296,0.26980000000000004,-0.07077500000000002,0.0
2026-02-12 15:40:25.198682,0.296,0.0129,-0.05662000000000002,0.0
2026-02-12 15:40:25.199029,0.296,0.0129,-0.009466666666666684,0.0
2026-02-12 15:40:25.199226,0.296,0.0129,-0.009466666666666684,0.0
2026-02-12 15:40:25.199333,0.296,0.0129,0.13751666666666665,0.0
2026-02-12 15:40:25.199528,0.296,0.0129,0.20876666666666663,0.0
2026-02-12 15:40:25.199603,0.296,0.0129,0.20876666666666663,0.0
2026-02-12 15:40:25.199788,0.296,0.0129,0.3312833333333333,0.0
2026-02-12 15:40:25.199837,0.296,0.0129,0.29356666666666664,0.0
2026-02-12 15:40:25.199986,0.296,0.0129,0.29356666666666664,0.0
2026-02-12 15:40:25.200142,0.296,0.0129,0.12893333333333334,0.0
2026-02-12 15:40:25.200190,0.296,0.0129,0.055533333333333317,0.0
2026-02-12 15:40:25.496872,0.0,0.0129,0.06663999999999998,0.0
2026-02-12 15:40:25.497038,0.20094999999999988,0.0129,-0.10047500000000002,0.0
2026-02-12 15:40:25.497115,0.1339666666666666,0.0129,-0.1339666666666667,0.0
2026-02-12 15:40:25.497577,-0.2113750000000001,0.0129,-0.20095000000000005,0.0
2026-02-12 15:40:25.497802,-0.28908000000000006,0.0129,0.0,0.0
2026-02-12 15:40:25.497985,-0.11015000000000007,0.0129,0.0,0.0
2026-02-12 15:40:25.498228,-0.11015000000000007,0.0129,0.0,0.0
2026-02-12 15:40:25.498318,-0.1771333333333334,0.0129,0.0,0.0
2026-02-12 15:40:25.498584,-0.18569166666666673,0.0129,0.0,0.0
2026-02-12 15:40:25.498805,0.1419416666666666,0.0129,0.0,0.0
2026-02-12 15:40:25.498967,0.30555833333333327,0.0129,0.0,0.0
2026-02-12 15:40:25.499223,0.16837499999999994,0.0129,0.0,0.0
2026-02-12 15:40:25.499452,0.30110833333333326,0.0129,0.0,0.0
2026-02-12 15:40:25.499649,0.3745083333333333,0.0129,0.0,0.0
2026-02-12 15:40:25.499772,0.3830666666666666,0.0129,0.0,0.0
2026-02-12 16:44:07.862917,0.31599999999999995,0.0129,0.0,-0.4023
2026-02-12 16:44:07.863012,0.2995499999999999,0.0129,0.0,-0.20115000000000047
2026-02-12 16:44:07.863128,0.41226666666666656,0.0129,0.0,-0.1341000000000003
2026-02-12 16:44:07.863275,0.2201999999999999,0.0129,0.0,-0.10057500000000023
2026-02-12 16:44:07.863498,0.0,0.0129,0.0,-0.08046000000000018
2026-02-12 16:44:07.863752,0.0,0.0129,0.0,0.007033333333333179
2026-02-12 16:44:07.864027,0.0,0.0129,0.0,-0.000866666666666821
2026-02-12 16:44:07.864402,0.0,0.0129,0.0,-0.12836666666666682
2026-02-12 16:44:07.864601,0.0,0.0129,0.0,-0.24810000000000018
2026-02-12 16:44:07.864742,0.0,0.0129,0.0,-0.24810000000000018
2026-02-12 16:44:07.865051,0.0,0.0129,0.0,-0.24810000000000018
2026-02-12 16:44:07.865115,0.0,0.0129,0.0,-0.2844666666666668
2026-02-12 16:44:07.865410,0.0,0.0129,0.0,-0.20951666666666688
2026-02-12 16:44:07.865558,0.0,0.0129,0.0,-0.0055500000000001755
2026-02-12 16:44:07.865618,0.0,0.0129,0.0,0.11418333333333315
2026-02-12 16:44:07.976860,0.0,0.5411,0.0,0.1370199999999998
2026-02-12 16:44:07.977031,0.0,0.05035000000000012,0.0,0.17127499999999976
2026-02-12 16:44:07.977385,0.0,0.2156000000000001,0.0,0.152933333333333
2026-02-12 16:44:07.977790,0.0,0.25715000000000005,0.0,0.22939999999999952
2026-02-12 16:44:07.978084,0.0,0.12534000000000006,0.0,0.0
2026-02-12 16:44:07.978383,0.0,0.23416666666666672,0.0,0.0
2026-02-12 16:44:07.978670,0.0,0.05620000000000005,0.0,0.0
2026-02-12 16:44:07.978754,0.0,0.12960000000000005,0.0,0.0
2026-02-12 16:44:07.978991,0.0,0.047141666666666714,0.0,0.0
2026-02-12 16:44:07.979084,0.0,0.10177500000000006,0.0,0.0
2026-02-12 16:44:07.979222,0.0,0.25475833333333336,0.0,0.0
2026-02-12 16:44:07.979372,0.0,0.02297500000000004,0.0,0.0
2026-02-12 16:44:07.979528,0.0,0.03735833333333336,0.0,0.0
2026-02-12 16:44:07.979699,0.0,-0.008174999999999969,0.0,0.0
2026-02-12 16:44:08.093804,0.0,-0.020079999999999966,0.4767,0.0
2026-02-12 16:44:08.093946,0.0,-0.20249999999999996,0.23834999999999995,0.0
2026-02-12 16:44:08.094202,0.0,-0.44199999999999995,0.060233333333333305,0.0
2026-02-12 16:44:08.094382,0.0,-0.3567999999999999,0.04839999999999998,0.0
2026-02-12 16:44:08.094563,0.0,-0.2732,0.038719999999999984,0.0
2026-02-12 16:44:08.094699,0.0,-0.2732,0.03226666666666665,0.0
2026-02-12 16:44:08.095169,0.0,-0.2732,-0.009466666666666687,0.0
2026-02-12 16:44:08.095404,0.0,-0.2732,-0.009466666666666687,0.0
2026-02-12 16:44:08.095557,0.0,-0.2732,0.13751666666666665,0.0
2026-02-12 16:44:08.095860,0.0,-0.2732,0.20876666666666663,0.0
2026-02-12 16:44:08.095966,0.0,-0.2732,0.20876666666666663,0.0
2026-02-12 16:44:08.096197,0.0,-0.2732,0.3312833333333333,0.0
2026-02-12 16:44:08.096255,0.0,-0.2732,0.29356666666666664,0.0
2026-02-12 16:44:08.096459,0.0,-0.2732,0.29356666666666664,0.0
2026-02-12 16:44:08.096637,0.0,-0.2732,0.12893333333333334,0.0
2026-02-12 16:44:08.221282,0.0,-0.2732,0.06663999999999999,0.0
2026-02-12 16:44:08.221565,0.0,-0.2732,0.08329999999999999,0.0
2026-02-12 16:44:08.221723,0.0,-0.2732,-0.13396666666666668,0.0
2026-02-12 16:44:08.222121,-0.1894750000000001,-0.2732,-0.20095000000000002,0.0
2026-02-12 16:44:08.222478,-0.22382000000000007,-0.2732,-0.4019,0.0
2026-02-12 16:44:08.222660,-0.12631666666666672,-0.2732,-0.4019,0.0
2026-02-12 16:44:08.222839,-0.12631666666666672,-0.2732,-0.4019,0.0
2026-02-12 16:44:08.222920,-0.12631666666666672,-0.2732,-0.4019,0.0
2026-02-12 16:44:08.223074,-0.08661666666666673,-0.2732,-0.4019,0.0
2026-02-12 16:44:08.223135,0.039699999999999944,-0.2732,-0.4019,0.0
2026-02-12 16:44:08.223272,0.16688333333333327,-0.2732,-0.4019,0.0
2026-02-12 16:44:08.223324,0.10668333333333328,-0.2732,-0.4019,0.0
2026-02-12 16:44:08.223749,-0.10121666666666673,-0.2732,-0.4019,0.0
2026-02-12 16:44:08.223976,-0.20120000000000005,-0.2732,-0.4019,0.0
2026-02-12 16:44:08.224165,-0.11015000000000007,-0.2732,-0.4019,0.0
2026-02-12 17:49:11.674230,-0.13218000000000008,-0.2732,-0.4019,-0.4023
2026-02-12 17:49:11.674304,-0.2657000000000001,-0.2732,-0.4019,-0.20115000000000047
2026-02-12 17:49:11.674392,-0.3542666666666668,-0.2732,-0.4019,-0.1341000000000003
2026-02-12 17:49:11.674500,0.09229999999999983,-0.2732,-0.4019,-0.10057500000000023
2026-02-12 17:49:11.674675,0.7845,-0.2732,-0.4019,-0.08046000000000018
2026-02-12 17:49:11.674869,0.7845,-0.2732,-0.4019,0.007033333333333179
2026-02-12 17:49:11.675071,0.7845,-0.2732,-0.4019,-0.000866666666666821
2026-02-12 17:49:11.675338,0.7845,-0.2732,-0.4019,-0.12836666666666682
2026-02-12 17:49:11.675483,0.7845,-0.2732,-0.4019,-0.24810000000000018
2026-02-12 17:49:11.675620,0.7845,-0.2732,-0.4019,-0.24810000000000018
2026-02-12 17:49:11.675865,0.7845,-0.2732,-0.4019,-0.24810000000000018
2026-02-12 17:49:11.675920,0.7845,-0.2732,-0.4019,-0.2844666666666668
2026-02-12 17:49:11.676152,0.7845,-0.2732,-0.4019,-0.20951666666666688
2026-02-12 17:49:11.676268,0.7845,-0.2732,-0.4019,-0.0055500000000001755
2026-02-12 17:49:11.676322,0.7845,-0.2732,-0.4019,0.11418333333333315
2026-02-12 17:49:11.807650,0.7845,0.0,-0.4019,0.1370199999999998
2026-02-12 17:49:11.807921,0.7845,-0.28594999999999987,-0.4019,0.17127499999999976
2026-02-12 17:49:11.808095,0.7845,-0.2077499999999999,-0.4019,0.152933333333333
2026-02-12 17:49:11.808305,0.7845,-0.27051249999999993,-0.4019,0.22939999999999952
2026-02-12 17:49:11.808563,0.7845,-0.27104999999999996,-0.4019,0.0
2026-02-12 17:49:11.808686,0.7845,-0.3425916666666666,-0.4019,0.0
2026-02-12 17:49:11.808756,0.7845,-0.3425916666666666,-0.4019,0.0
2026-02-12 17:49:11.808962,0.7845,-0.18364166666666668,-0.4019,0.0
2026-02-12 17:49:11.809163,0.7845,-0.08489999999999998,-0.4019,0.0
2026-02-12 17:49:11.809263,0.7845,-0.0818333333333333,-0.4019,0.0
2026-02-12 17:49:11.809465,0.7845,0.05471666666666671,-0.4019,0.0
2026-02-12 17:49:11.809722,0.7845,0.23506666666666673,-0.4019,0.0
2026-02-12 17:49:11.809934,0.7845,0.16808333333333336,-0.4019,0.0
2026-02-12 17:49:11.810151,0.7845,0.23416666666666672,-0.4019,0.0
2026-02-12 17:49:11.810351,0.7845,0.05620000000000006,-0.4019,0.0
2026-02-12 17:49:11.993604,0.7845,0.15552000000000007,0.0,0.0
2026-02-12 17:49:11.993700,0.7845,0.05787500000000009,0.0,0.0
2026-02-12 17:49:11.993868,0.7845,-0.05009999999999987,0.24229999999999996,0.0
2026-02-12 17:49:11.994025,0.7845,0.1258000000000002,0.30089999999999995,0.0
2026-02-12 17:49:11.994112,0.7845,-0.5267,0.24071999999999996,0.0
2026-02-12 17:49:11.994272,0.7845,-0.5267,0.15126666666666666,0.0
2026-02-12 17:49:11.994392,0.7845,-0.5267,0.15341666666666665,0.0
2026-02-12 17:49:11.994499,0.7845,-0.5267,0.15341666666666665,0.0
2026-02-12 17:49:11.994604,0.7845,-0.5267,0.03226666666666665,0.0
2026-02-12 17:49:11.994915,0.7845,-0.5267,-0.009466666666666687,0.0
2026-02-12 17:49:11.995087,0.7845,-0.5267,-0.009466666666666687,0.0
2026-02-12 17:49:11.995191,0.7845,-0.5267,0.13751666666666665,0.0
2026-02-12 17:49:11.995390,0.7845,-0.5267,0.20876666666666663,0.0
2026-02-12 17:49:11.995466,0.7845,-0.5267,0.20876666666666663,0.0
2026-02-12 17:49:11.995674,0.7845,-0.5267,0.3312833333333333,0.0
2026-02-12 17:49:12.142317,-0.08895,-0.5267,0.35228,0.0
2026-02-12 17:49:12.142406,-0.04447500000000017,-0.5267,0.44034999999999996,0.0
2026-02-12 17:49:12.142572,-0.2379500000000001,-0.5267,0.3918333333333333,0.0
2026-02-12 17:49:12.142655,-0.17846250000000008,-0.5267,0.36754999999999993,0.0
2026-02-12 17:49:12.142929,-0.15304000000000006,-0.5267,0.7351,0.0
2026-02-12 17:49:12.143079,-0.1275333333333334,-0.5267,0.7351,0.0
2026-02-12 17:49:12.143376,-0.22784166666666672,-0.5267,0.7351,0.0
2026-02-12 17:49:12.143628,-0.1279416666666667,-0.5267,0.7351,0.0
2026-02-12 17:49:12.143788,0.09735833333333328,-0.5267,0.7351,0.0
2026-02-12 17:49:12.143876,0.051824999999999954,-0.5267,0.7351,0.0
2026-02-12 17:49:12.144019,0.06038333333333329,-0.5267,0.7351,0.0
2026-02-12 17:49:12.144182,0.06038333333333329,-0.5267,0.7351,0.0
2026-02-12 17:49:12.144282,0.17551666666666663,-0.5267,0.7351,0.0
2026-02-12 17:49:12.144550,-0.05070000000000006,-0.5267,0.7351,0.0
2026-02-12 18:44:02.404933,-0.20622000000000007,-0.5267,0.7351,-0.4023
2026-02-12 18:44:02.405011,-0.1894750000000001,-0.5267,0.7351,-0.20115000000000047
2026-02-12 18:44:02.405101,-0.25263333333333343,-0.5267,0.7351,-0.1341000000000003
2026-02-12 18:44:02.405222,-0.3789500000000002,-0.5267,0.7351,-0.10057500000000023
2026-02-12 18:44:02.405384,-0.7579,-0.5267,0.7351,-0.08046000000000018
2026-02-12 18:44:02.405602,-0.7579,-0.5267,0.7351,0.007033333333333179
2026-02-12 18:44:02.405805,-0.7579,-0.5267,0.7351,-0.000866666666666821
2026-02-12 18:44:02.406091,-0.7579,-0.5267,0.7351,-0.12836666666666682
2026-02-12 18:44:02.406239,-0.7579,-0.5267,0.7351,-0.24810000000000018
2026-02-12 18:44:02.406353,-0.7579,-0.5267,0.7351,-0.24810000000000018
2026-02-12 18:44:02.406605,-0.7579,-0.5267,0.7351,-0.24810000000000018
2026-02-12 18:44:02.406662,-0.7579,-0.5267,0.7351,-0.2844666666666668
2026-02-12 18:44:02.406908,-0.7579,-0.5267,0.7351,-0.20951666666666688
2026-02-12 18:44:02.407028,-0.7579,-0.5267,0.7351,-0.0055500000000001755
2026-02-12 18:44:02.407081,-0.7579,-0.5267,0.7351,0.11418333333333315
2026-02-12 18:44:02.672063,-0.7579,1.31685,0.7351,0.1370199999999998
2026-02-12 18:44:02.672378,-0.7579,0.41147500000000026,0.7351,0.17127499999999976
2026-02-12 18:44:02.672473,-0.7579,0.2743166666666668,0.7351,0.152933333333333
2026-02-12 18:44:02.672740,-0.7579,0.06276250000000014,0.7351,0.22939999999999952
2026-02-12 18:44:02.672924,-0.7579,0.03994000000000011,0.7351,0.0
2026-02-12 18:44:02.673133,-0.7579,-0.04318333333333324,0.7351,0.0
2026-02-12 18:44:02.673361,-0.7579,-0.3081916666666666,0.7351,0.0
2026-02-12 18:44:02.673480,-0.7579,-0.34259166666666657,0.7351,0.0
2026-02-12 18:44:02.673549,-0.7579,-0.34259166666666657,0.7351,0.0
2026-02-12 18:44:02.673746,-0.7579,-0.18364166666666662,0.7351,0.0
2026-02-12 18:44:02.673958,-0.7579,-0.08489999999999993,0.7351,0.0
2026-02-12 18:44:02.674058,-0.7579,-0.08183333333333326,0.7351,0.0
2026-02-12 18:44:02.674298,-0.7579,0.05471666666666675,0.7351,0.0
2026-02-12 18:44:02.674539,-0.7579,0.23506666666666673,0.7351,0.0
2026-02-12 18:44:02.674742,-0.7579,0.16808333333333345,0.7351,0.0
2026-02-12 18:44:02.836548,-0.7579,0.1253400000000001,0.0,0.0
2026-02-12 18:44:02.836726,-0.7579,0.02140000000000014,0.0,0.0
2026-02-12 18:44:02.836886,-0.7579,0.17533333333333354,0.0,0.0
2026-02-12 18:44:02.837035,-0.7579,-0.010049999999999726,0.0,0.0
2026-02-12 18:44:02.837117,-0.7579,-0.4019,0.0,0.0
2026-02-12 18:44:02.837292,-0.7579,-0.4019,0.12114999999999998,0.0
2026-02-12 18:44:02.837456,-0.7579,-0.4019,0.20059999999999997,0.0
2026-02-12 18:44:02.837538,-0.7579,-0.4019,0.20059999999999997,0.0
2026-02-12 18:44:02.837698,-0.7579,-0.4019,0.15126666666666666,0.0
2026-02-12 18:44:02.837814,-0.7579,-0.4019,0.15341666666666665,0.0
2026-02-12 18:44:02.837934,-0.7579,-0.4019,0.15341666666666665,0.0
2026-02-12 18:44:02.838048,-0.7579,-0.4019,0.03226666666666665,0.0
2026-02-12 18:44:02.838353,-0.7579,-0.4019,-0.009466666666666687,0.0
2026-02-12 18:44:02.838524,-0.7579,-0.4019,-0.009466666666666687,0.0
2026-02-12 18:44:02.838630,-0.7579,-0.4019,0.13751666666666665,0.0
2026-02-12 18:44:03.016354,0.0,-0.4019,0.16243999999999997,0.0
2026-02-12 18:44:03.016612,0.20094999999999982,-0.4019,0.20304999999999995,0.0
2026-02-12 18:44:03.016818,0.16361666666666655,-0.4019,0.27073333333333327,0.0
2026-02-12 18:44:03.016939,0.1387124999999999,-0.4019,0.29294999999999993,0.0
2026-02-12 18:44:03.017112,0.09816999999999994,-0.4019,0.5859,0.0
2026-02-12 18:44:03.017238,0.002358333333333277,-0.4019,0.5859,0.0
2026-02-12 18:44:03.017367,0.002358333333333277,-0.4019,0.5859,0.0
2026-02-12 18:44:03.017639,-0.07945000000000006,-0.4019,0.5859,0.0
2026-02-12 18:44:03.017717,-0.09427500000000005,-0.4019,0.5859,0.0
2026-02-12 18:44:03.017868,-0.20909166666666676,-0.4019,0.5859,0.0
2026-02-12 18:44:03.017944,-0.19842500000000007,-0.4019,0.5859,0.0
2026-02-12 18:44:03.018200,-0.1275333333333334,-0.4019,0.5859,0.0
2026-02-12 18:44:03.018346,-0.1275333333333334,-0.4019,0.5859,0.0
2026-02-12 18:44:03.018636,-0.22784166666666672,-0.4019,0.5859,0.0
2026-02-12 18:44:03.018879,-0.1279416666666667,-0.4019,0.5859,0.0
2026-02-12 19:42:56.904836,-0.028550000000000055,-0.4019,0.5859,-0.4023
2026-02-12 19:42:56.904907,-0.035687500000000066,-0.4019,0.5859,-0.20115000000000047
2026-02-12 19:42:56.904990,-0.030466666666666753,-0.4019,0.5859,-0.1341000000000003
2026-02-12 19:42:56.905098,-0.04570000000000013,-0.4019,0.5859,-0.10057500000000023
2026-02-12 19:42:56.905267,0.5994,-0.4019,0.5859,-0.08046000000000018
2026-02-12 19:42:56.905470,0.5994,-0.4019,0.5859,0.007033333333333179
2026-02-12 19:42:56.905680,0.5994,-0.4019,0.5859,-0.000866666666666821
2026-02-12 19:42:56.905949,0.5994,-0.4019,0.5859,-0.12836666666666682
2026-02-12 19:42:56.906094,0.5994,-0.4019,0.5859,-0.24810000000000018
2026-02-12 19:42:56.906221,0.5994,-0.4019,0.5859,-0.24810000000000018
2026-02-12 19:42:56.906470,0.5994,-0.4019,0.5859,-0.24810000000000018
2026-02-12 19:42:56.906530,0.5994,-0.4019,0.5859,-0.2844666666666668
2026-02-12 19:42:56.906763,0.5994,-0.4019,0.5859,-0.20951666666666688
2026-02-12 19:42:56.906881,0.5994,-0.4019,0.5859,-0.0055500000000001755
2026-02-12 19:42:56.906934,0.5994,-0.4019,0.5859,0.11418333333333315
2026-02-12 19:42:57.037471,0.5994,0.0,0.5859,0.1370199999999998
2026-02-12 19:42:57.037551,0.5994,0.0,0.5859,0.17127499999999976
2026-02-12 19:42:57.037668,0.5994,0.06743333333333353,0.5859,0.152933333333333
2026-02-12 19:42:57.037821,0.5994,0.05057500000000014,0.5859,0.22939999999999952
2026-02-12 19:42:57.038021,0.5994,0.057010000000000116,0.5859,0.0
2026-02-12 19:42:57.038297,0.5994,0.2669833333333334,0.5859,0.0
2026-02-12 19:42:57.038578,0.5994,0.18466666666666676,0.5859,0.0
2026-02-12 19:42:57.038666,0.5994,0.18466666666666676,0.5859,0.0
2026-02-12 19:42:57.038906,0.5994,0.05563333333333342,0.5859,0.0
2026-02-12 19:42:57.039061,0.5994,0.04707500000000009,0.5859,0.0
2026-02-12 19:42:57.039276,0.5994,-0.04318333333333324,0.5859,0.0
2026-02-12 19:42:57.039508,0.5994,-0.3081916666666666,0.5859,0.0
2026-02-12 19:42:57.039627,0.5994,-0.34259166666666657,0.5859,0.0
2026-02-12 19:42:57.039696,0.5994,-0.34259166666666657,0.5859,0.0
2026-02-12 19:42:57.039895,0.5994,-0.18364166666666662,0.5859,0.0
2026-02-12 19:42:57.172465,0.5994,-0.21009999999999995,0.3818,0.0
2026-02-12 19:42:57.172571,0.5994,-0.14792499999999992,0.19089999999999993,0.0
2026-02-12 19:42:57.172716,0.5994,-0.10616666666666656,0.1272666666666666,0.0
2026-02-12 19:42:57.172844,0.5994,0.19090000000000018,0.09544999999999997,0.0
2026-02-12 19:42:57.172972,0.5994,0.3818,0.07635999999999997,0.0
2026-02-12 19:42:57.173046,0.5994,0.3818,0.0636333333333333,0.0
2026-02-12 19:42:57.173223,0.5994,0.3818,0.12114999999999998,0.0
2026-02-12 19:42:57.173375,0.5994,0.3818,0.20059999999999997,0.0
2026-02-12 19:42:57.173460,0.5994,0.3818,0.20059999999999997,0.0
2026-02-12 19:42:57.173618,0.5994,0.3818,0.15126666666666666,0.0
2026-02-12 19:42:57.173733,0.5994,0.3818,0.15341666666666665,0.0
2026-02-12 19:42:57.173837,0.5994,0.3818,0.15341666666666665,0.0
2026-02-12 19:42:57.173931,0.5994,0.3818,0.03226666666666665,0.0
2026-02-12 19:42:57.174249,0.5994,0.3818,-0.009466666666666687,0.0
2026-02-12 19:42:57.174417,0.5994,0.3818,-0.009466666666666687,0.0
2026-02-12 19:42:57.416148,-0.3612,0.3818,0.04783999999999997,0.0
2026-02-12 19:42:57.416300,-0.17415000000000017,0.3818,0.056574999999999966,0.0
2026-02-12 19:42:57.416451,-0.1161000000000001,0.3818,0.07543333333333328,0.0
2026-02-12 19:42:57.416681,-0.08707500000000008,0.3818,0.11314999999999993,0.0
2026-02-12 19:42:57.416903,0.01071999999999993,0.3818,0.0,0.0
2026-02-12 19:42:57.417096,0.023758333333333274,0.3818,0.0,0.0
2026-02-12 19:42:57.417218,0.09462499999999996,0.3818,0.0,0.0
2026-02-12 19:42:57.417386,0.08180833333333327,0.3818,0.0,0.0
2026-02-12 19:42:57.417507,0.002358333333333268,0.3818,0.0,0.0
2026-02-12 19:42:57.417629,0.002358333333333272,0.3818,0.0,0.0
2026-02-12 19:42:57.417860,-0.07945000000000006,0.3818,0.0,0.0
2026-02-12 19:42:57.417935,-0.09427500000000005,0.3818,0.0,0.0
2026-02-12 19:42:57.418072,-0.20909166666666676,0.3818,0.0,0.0
2026-02-12 19:42:57.418160,-0.19842500000000007,0.3818,0.0,0.0
2026-02-12 19:42:57.418418,-0.1275333333333334,0.3818,0.0,0.0
2026-02-12 20:40:46.183250,-0.15304000000000006,0.3818,0.0,-0.4023
2026-02-12 20:40:46.183328,-0.1690625000000001,0.3818,0.0,-0.20115000000000047
2026-02-12 20:40:46.183419,-0.2254166666666668,0.3818,0.0,-0.1341000000000003
2026-02-12 20:40:46.183522,-0.02567500000000017,0.3818,0.0,-0.10057500000000023
2026-02-12 20:40:46.183658,-0.05135,0.3818,0.0,-0.08046000000000018
2026-02-12 20:40:46.183843,-0.05135,0.3818,0.0,0.007033333333333179
2026-02-12 20:40:46.184062,-0.05135,0.3818,0.0,-0.000866666666666821
2026-02-12 20:40:46.184339,-0.05135,0.3818,0.0,-0.12836666666666682
2026-02-12 20:40:46.184485,-0.05135,0.3818,0.0,-0.24810000000000018
2026-02-12 20:40:46.184597,-0.05135,0.3818,0.0,-0.24810000000000018
2026-02-12 20:40:46.184840,-0.05135,0.3818,0.0,-0.24810000000000018
2026-02-12 20:40:46.184895,-0.05135,0.3818,0.0,-0.2844666666666668
2026-02-12 20:40:46.185140,-0.05135,0.3818,0.0,-0.20951666666666688
2026-02-12 20:40:46.185257,-0.05135,0.3818,0.0,-0.0055500000000001755
2026-02-12 20:40:46.185312,-0.05135,0.3818,0.0,0.11418333333333315
2026-02-12 20:40:46.379375,-0.05135,0.0,0.0,0.1370199999999998
2026-02-12 20:40:46.379541,-0.05135,0.3982000000000002,0.0,0.17127499999999976
2026-02-12 20:40:46.379631,-0.05135,0.44103333333333344,0.0,0.152933333333333
2026-02-12 20:40:46.379854,-0.05135,0.22410000000000008,0.0,0.22939999999999952
2026-02-12 20:40:46.380004,-0.05135,0.17928000000000005,0.0,0.0
2026-02-12 20:40:46.380215,-0.05135,0.14940000000000006,0.0,0.0
2026-02-12 20:40:46.380280,-0.05135,0.14940000000000006,0.0,0.0
2026-02-12 20:40:46.380386,-0.05135,0.05038333333333339,0.0,0.0
2026-02-12 20:40:46.380528,-0.05135,-0.037399999999999926,0.0,0.0
2026-02-12 20:40:46.380719,-0.05135,0.04750833333333341,0.0,0.0
2026-02-12 20:40:46.380976,-0.05135,0.2669833333333334,0.0,0.0
2026-02-12 20:40:46.381249,-0.05135,0.18466666666666676,0.0,0.0
2026-02-12 20:40:46.381332,-0.05135,0.18466666666666676,0.0,0.0
2026-02-12 20:40:46.381561,-0.05135,0.05563333333333342,0.0,0.0
2026-02-12 20:40:46.381715,-0.05135,0.04707500000000009,0.0,0.0
2026-02-12 20:40:46.604324,-0.05135,0.03994000000000011,0.5574,0.0
2026-02-12 20:40:46.604541,-0.05135,-0.2792874999999999,0.11959999999999996,0.0
2026-02-12 20:40:46.604622,-0.05135,-0.20774999999999988,0.07973333333333331,0.0
2026-02-12 20:40:46.604809,-0.05135,-0.3116249999999998,0.15524999999999997,0.0
2026-02-12 20:40:46.604889,-0.05135,-0.05135,0.12419999999999998,0.0
2026-02-12 20:40:46.605039,-0.05135,-0.05135,0.10349999999999998,0.0
2026-02-12 20:40:46.605159,-0.05135,-0.05135,0.01059999999999998,0.0
2026-02-12 20:40:46.605278,-0.05135,-0.05135,0.0636333333333333,0.0
2026-02-12 20:40:46.605347,-0.05135,-0.05135,0.0636333333333333,0.0
2026-02-12 20:40:46.605497,-0.05135,-0.05135,0.12114999999999998,0.0
2026-02-12 20:40:46.605637,-0.05135,-0.05135,0.20059999999999997,0.0
2026-02-12 20:40:46.605716,-0.05135,-0.05135,0.20059999999999997,0.0
2026-02-12 20:40:46.605866,-0.05135,-0.05135,0.15126666666666666,0.0
2026-02-12 20:40:46.605992,-0.05135,-0.05135,0.15341666666666665,0.0
2026-02-12 20:40:46.606096,-0.05135,-0.05135,0.15341666666666665,0.0
2026-02-12 20:40:46.786831,-0.6705,-0.05135,0.03871999999999998,0.0
2026-02-12 20:40:46.787265,0.2702999999999999,-0.05135,-0.07077500000000003,0.0
2026-02-12 20:40:46.787579,-0.06746666666666674,-0.05135,-0.09436666666666671,0.0
2026-02-12 20:40:46.787717,-0.05060000000000006,-0.05135,0.006449999999999928,0.0
2026-02-12 20:40:46.787905,0.10779999999999994,-0.05135,0.0,0.0
2026-02-12 20:40:46.788056,0.02963333333333328,-0.05135,0.0,0.0
2026-02-12 20:40:46.788183,0.14353333333333326,-0.05135,0.0,0.0
2026-02-12 20:40:46.788322,-0.05831666666666674,-0.05135,0.0,0.0
2026-02-12 20:40:46.788539,0.0655166666666666,-0.05135,0.0,0.0
2026-02-12 20:40:46.788745,0.13249999999999992,-0.05135,0.0,0.0
2026-02-12 20:40:46.788943,0.023758333333333267,-0.05135,0.0,0.0
2026-02-12 20:40:46.789041,0.09462499999999992,-0.05135,0.0,0.0
2026-02-12 20:40:46.789204,0.08180833333333327,-0.05135,0.0,0.0
2026-02-12 20:40:46.789322,0.002358333333333268,-0.05135,0.0,0.0
2026-02-12 20:40:46.789440,0.002358333333333272,-0.05135,0.0,0.0
2026-02-12 21:22:34.983837,-0.07755000000000008,-0.05135,0.0,-0.4023
2026-02-12 21:22:34.983918,-0.11917500000000009,-0.05135,0.0,-0.20115000000000047
2026-02-12 21:22:34.984012,-0.18023333333333347,-0.05135,0.0,-0.1341000000000003
2026-02-12 21:22:34.984119,-0.23835000000000017,-0.05135,0.0,-0.10057500000000023
2026-02-12 21:22:34.984262,0.0,-0.05135,0.0,-0.08046000000000018
2026-02-12 21:22:34.984472,0.0,-0.05135,0.0,0.007033333333333179
2026-02-12 21:22:34.984684,0.0,-0.05135,0.0,-0.000866666666666821
2026-02-12 21:22:34.984970,0.0,-0.05135,0.0,-0.12836666666666682
2026-02-12 21:22:34.985118,0.0,-0.05135,0.0,-0.24810000000000018
2026-02-12 21:22:34.985231,0.0,-0.05135,0.0,-0.24810000000000018
2026-02-12 21:22:34.985498,0.0,-0.05135,0.0,-0.24810000000000018
2026-02-12 21:22:34.985555,0.0,-0.05135,0.0,-0.2844666666666668
2026-02-12 21:22:34.985787,0.0,-0.05135,0.0,-0.20951666666666688
2026-02-12 21:22:34.985904,0.0,-0.05135,0.0,-0.0055500000000001755
2026-02-12 21:22:34.985957,0.0,-0.05135,0.0,0.11418333333333315
2026-02-12 21:22:35.147154,0.0,0.2732,0.0,0.1370199999999998
2026-02-12 21:22:35.147291,0.0,0.13660000000000017,0.0,0.17127499999999976
2026-02-12 21:22:35.147519,0.0,0.16650000000000012,0.0,0.152933333333333
2026-02-12 21:22:35.147723,0.0,0.1408125000000001,0.0,0.22939999999999952
2026-02-12 21:22:35.147989,0.0,-0.01706999999999992,0.0,0.0
2026-02-12 21:22:35.148166,0.0,0.049408333333333394,0.0,0.0
2026-02-12 21:22:35.148234,0.0,0.0038750000000000637,0.0,0.0
2026-02-12 21:22:35.148395,0.0,0.13660833333333341,0.0,0.0
2026-02-12 21:22:35.148481,0.0,0.18667500000000006,0.0,0.0
2026-02-12 21:22:35.148733,0.0,0.10493333333333339,0.0,0.0
2026-02-12 21:22:35.148874,0.0,0.21303333333333338,0.0,0.0
2026-02-12 21:22:35.149090,0.0,0.14940000000000006,0.0,0.0
2026-02-12 21:22:35.149153,0.0,0.14940000000000006,0.0,0.0
2026-02-12 21:22:35.149261,0.0,0.05038333333333339,0.0,0.0
2026-02-12 21:22:35.149426,0.0,-0.037399999999999926,0.0,0.0
2026-02-12 21:22:35.332138,0.0,0.04046000000000009,0.0,0.0
2026-02-12 21:22:35.332329,0.0,0.05057500000000011,0.27869999999999995,0.0
2026-02-12 21:22:35.332569,0.0,0.06743333333333348,0.07973333333333331,0.0
2026-02-12 21:22:35.332648,0.0,0.10115000000000023,0.05979999999999998,0.0
2026-02-12 21:22:35.332842,0.0,0.0,0.12419999999999998,0.0
2026-02-12 21:22:35.332919,0.0,0.0,0.10349999999999998,0.0
2026-02-12 21:22:35.333049,0.0,0.0,0.10349999999999998,0.0
2026-02-12 21:22:35.333166,0.0,0.0,0.01059999999999998,0.0
2026-02-12 21:22:35.333285,0.0,0.0,0.0636333333333333,0.0
2026-02-12 21:22:35.333374,0.0,0.0,0.0636333333333333,0.0
2026-02-12 21:22:35.333529,0.0,0.0,0.12114999999999998,0.0
2026-02-12 21:22:35.333674,0.0,0.0,0.20059999999999997,0.0
2026-02-12 21:22:35.333752,0.0,0.0,0.20059999999999997,0.0
2026-02-12 21:22:35.333906,0.0,0.0,0.15126666666666666,0.0
2026-02-12 21:22:35.334018,0.0,0.0,0.15341666666666665,0.0
2026-02-12 21:22:35.524502,0.0,0.0,0.18409999999999999,0.0
2026-02-12 21:22:35.524610,-0.14800000000000016,0.0,0.04839999999999997,0.0
2026-02-12 21:22:35.524712,-0.02323333333333344,0.0,-0.09436666666666671,0.0
2026-02-12 21:22:35.524897,-0.06757500000000008,0.0,-0.14155000000000006,0.0
2026-02-12 21:22:35.525027,-0.054060000000000066,0.0,0.0129,0.0
2026-02-12 21:22:35.525302,-0.15315000000000004,0.0,0.0129,0.0
2026-02-12 21:22:35.525504,-0.08951666666666673,0.0,0.0129,0.0
2026-02-12 21:22:35.525641,-0.15193333333333336,0.0,0.0129,0.0
2026-02-12 21:22:35.526016,0.012199999999999989,0.0,0.0129,0.0
2026-02-12 21:22:35.526313,-0.07820000000000002,0.0,0.0129,0.0
2026-02-12 21:22:35.526472,-0.07820000000000002,0.0,0.0129,0.0
2026-02-12 21:22:35.526656,0.15346666666666664,0.0,0.0129,0.0
2026-02-12 21:22:35.526781,0.0296333333333333,0.0,0.0129,0.0
2026-02-12 21:22:35.526905,0.14353333333333326,0.0,0.0129,0.0
2026-02-12 21:22:35.527042,-0.05831666666666674,0.0,0.0129,0.0
2026-02-12 22:20:19.056007,0.07861999999999991,0.0,0.0129,-0.4023
2026-02-12 22:20:19.056081,0.09827499999999989,0.0,0.0129,-0.20115000000000047
2026-02-12 22:20:19.056179,-0.11610000000000013,0.0,0.0129,-0.1341000000000003
2026-02-12 22:20:19.056282,0.006449999999999817,0.0,0.0129,-0.10057500000000023
2026-02-12 22:20:19.056418,0.0,0.0,0.0129,-0.08046000000000018
2026-02-12 22:20:19.056603,0.0,0.0,0.0129,0.007033333333333179
2026-02-12 22:20:19.056809,0.0,0.0,0.0129,-0.000866666666666821
2026-02-12 22:20:19.057077,0.0,0.0,0.0129,-0.12836666666666682
2026-02-12 22:20:19.057235,0.0,0.0,0.0129,-0.24810000000000018
2026-02-12 22:20:19.057351,0.0,0.0,0.0129,-0.24810000000000018
2026-02-12 22:20:19.057597,0.0,0.0,0.0129,-0.24810000000000018
2026-02-12 22:20:19.057653,0.0,0.0,0.0129,-0.2844666666666668
2026-02-12 22:20:19.057884,0.0,0.0,0.0129,-0.20951666666666688
2026-02-12 22:20:19.058001,0.0,0.0,0.0129,-0.0055500000000001755
2026-02-12 22:20:19.058055,0.0,0.0,0.0129,0.11418333333333315
2026-02-12 22:20:19.214061,0.0,0.4404,0.0129,0.1370199999999998
2026-02-12 22:20:19.214271,0.0,0.33335000000000026,0.0129,0.17127499999999976
2026-02-12 22:20:19.214379,0.0,-0.039266666666666485,0.0129,0.152933333333333
2026-02-12 22:20:19.214452,0.0,0.05555000000000014,0.0129,0.22939999999999952
2026-02-12 22:20:19.214598,0.0,0.09908000000000011,0.0129,0.0
2026-02-12 22:20:19.214714,0.0,0.08256666666666676,0.0129,0.0
2026-02-12 22:20:19.214903,0.0,0.04688333333333342,0.0129,0.0
2026-02-12 22:20:19.215101,0.0,0.01979166666666676,0.0129,0.0
2026-02-12 22:20:19.215413,0.0,0.042441666666666766,0.0129,0.0
2026-02-12 22:20:19.215608,0.0,0.04940833333333342,0.0129,0.0
2026-02-12 22:20:19.215674,0.0,0.0038750000000000915,0.0129,0.0
2026-02-12 22:20:19.215821,0.0,0.13660833333333341,0.0129,0.0
2026-02-12 22:20:19.215908,0.0,0.18667500000000006,0.0129,0.0
2026-02-12 22:20:19.216131,0.0,0.10493333333333339,0.0129,0.0
2026-02-12 22:20:19.216279,0.0,0.2130333333333334,0.0129,0.0
2026-02-12 22:20:19.565293,0.0,0.17928000000000005,0.0,0.0
2026-02-12 22:20:19.565359,0.0,0.22410000000000008,0.0,0.0
2026-02-12 22:20:19.565531,0.0,0.03333333333333344,0.0754333333333333,0.0
2026-02-12 22:20:19.565653,0.0,-0.21334999999999982,0.05657499999999997,0.0
2026-02-12 22:20:19.565828,0.0,0.0,0.15673999999999996,0.0
2026-02-12 22:20:19.566052,0.0,0.0,0.07758333333333332,0.0
2026-02-12 22:20:19.566127,0.0,0.0,0.07758333333333332,0.0
2026-02-12 22:20:19.566330,0.0,0.0,0.14121666666666666,0.0
2026-02-12 22:20:19.566408,0.0,0.0,0.1035,0.0
2026-02-12 22:20:19.566538,0.0,0.0,0.1035,0.0
2026-02-12 22:20:19.566656,0.0,0.0,0.01059999999999998,0.0
2026-02-12 22:20:19.566775,0.0,0.0,0.0636333333333333,0.0
2026-02-12 22:20:19.566845,0.0,0.0,0.0636333333333333,0.0
2026-02-12 22:20:19.566996,0.0,0.0,0.12114999999999998,0.0
2026-02-12 22:20:19.567143,0.0,0.0,0.20059999999999997,0.0
2026-02-12 22:20:19.741590,0.0,0.0,0.24071999999999996,0.0
2026-02-12 22:20:19.741824,-0.27870000000000017,0.0,0.30089999999999995,0.0
2026-02-12 22:20:19.741923,-0.4473000000000001,0.0,0.40119999999999995,0.0
2026-02-12 22:20:19.742075,-0.2504750000000001,0.0,0.6017999999999999,0.0
2026-02-12 22:20:19.742223,-0.20038000000000009,0.0,0.4767,0.0
2026-02-12 22:20:19.742315,-0.1669833333333334,0.0,0.4767,0.0
2026-02-12 22:20:19.742405,-0.2163166666666667,0.0,0.4767,0.0
2026-02-12 22:20:19.742499,-0.08570000000000007,0.0,0.4767,0.0
2026-02-12 22:20:19.742722,0.0116166666666666,0.0,0.4767,0.0
2026-02-12 22:20:19.742852,-0.04505000000000007,0.0,0.4767,0.0
2026-02-12 22:20:19.743100,-0.15315000000000006,0.0,0.4767,0.0
2026-02-12 22:20:19.743310,-0.08951666666666673,0.0,0.4767,0.0
2026-02-12 22:20:19.743454,-0.1519333333333334,0.0,0.4767,0.0
2026-02-12 22:20:19.743840,0.012199999999999952,0.0,0.4767,0.0
2026-02-12 22:20:19.744162,-0.07820000000000006,0.0,0.4767,0.0
2026-02-12 23:18:03.901109,-0.09384000000000006,0.0,0.4767,-0.4023
2026-02-12 23:18:03.901202,0.044849999999999904,0.0,0.4767,-0.20115000000000047
2026-02-12 23:18:03.901323,-0.06746666666666679,0.0,0.4767,-0.1341000000000003
2026-02-12 23:18:03.901481,0.2340499999999998,0.0,0.4767,-0.10057500000000023
2026-02-12 23:18:03.901700,-0.743,0.0,0.4767,-0.08046000000000018
2026-02-12 23:18:03.901984,-0.743,0.0,0.4767,0.007033333333333179
2026-02-12 23:18:03.902328,-0.743,0.0,0.4767,-0.000866666666666821
2026-02-12 23:18:03.902776,-0.743,0.0,0.4767,-0.12836666666666682
2026-02-12 23:18:03.903031,-0.743,0.0,0.4767,-0.24810000000000018
2026-02-12 23:18:03.903219,-0.743,0.0,0.4767,-0.24810000000000018
2026-02-12 23:18:03.903634,-0.743,0.0,0.4767,-0.24810000000000018
2026-02-12 23:18:03.903716,-0.743,0.0,0.4767,-0.2844666666666668
2026-02-12 23:18:03.904126,-0.743,0.0,0.4767,-0.20951666666666688
2026-02-12 23:18:03.904317,-0.743,0.0,0.4767,-0.0055500000000001755
2026-02-12 23:18:03.904403,-0.743,0.0,0.4767,0.11418333333333315
2026-02-12 23:18:04.010682,-0.743,0.0,0.4767,0.1370199999999998
2026-02-12 23:18:04.010757,-0.743,0.10115000000000023,0.4767,0.17127499999999976
2026-02-12 23:18:04.011116,-0.743,0.04400000000000015,0.4767,0.152933333333333
2026-02-12 23:18:04.011186,-0.743,0.03300000000000011,0.4767,0.22939999999999952
2026-02-12 23:18:04.011371,-0.743,-0.09607999999999992,0.4767,0.0
2026-02-12 23:18:04.011541,-0.743,-0.1777166666666666,0.4767,0.0
2026-02-12 23:18:04.011726,-0.743,-0.1043166666666666,0.4767,0.0
2026-02-12 23:18:04.011889,-0.743,-0.10031666666666661,0.4767,0.0
2026-02-12 23:18:04.011984,-0.743,-0.21934999999999993,0.4767,0.0
2026-02-12 23:18:04.012074,-0.743,-0.16268333333333326,0.4767,0.0
2026-02-12 23:18:04.012221,-0.743,-0.015083333333333254,0.4767,0.0
2026-02-12 23:18:04.012339,-0.743,0.08256666666666675,0.4767,0.0
2026-02-12 23:18:04.012526,-0.743,0.04688333333333341,0.4767,0.0
2026-02-12 23:18:04.012717,-0.743,0.01979166666666674,0.4767,0.0
2026-02-12 23:18:04.012971,-0.743,0.042441666666666746,0.4767,0.0
2026-02-12 23:18:04.121959,-0.743,-0.017069999999999908,-0.296,0.0
2026-02-12 23:18:04.122101,-0.743,-0.08963749999999988,-0.296,0.0
2026-02-12 23:18:04.122265,-0.743,-0.11951666666666651,-0.027133333333333343,0.0
2026-02-12 23:18:04.122340,-0.743,-0.29242499999999977,-0.020350000000000007,0.0
2026-02-12 23:18:04.122394,-0.743,-0.6486,-0.016280000000000006,0.0
2026-02-12 23:18:04.122539,-0.743,-0.6486,0.024149999999999994,0.0
2026-02-12 23:18:04.122653,-0.743,-0.6486,0.07348333333333333,0.0
2026-02-12 23:18:04.122821,-0.743,-0.6486,0.21571666666666664,0.0
2026-02-12 23:18:04.123051,-0.743,-0.6486,0.07758333333333332,0.0
2026-02-12 23:18:04.123127,-0.743,-0.6486,0.07758333333333332,0.0
2026-02-12 23:18:04.123316,-0.743,-0.6486,0.14121666666666666,0.0
2026-02-12 23:18:04.123395,-0.743,-0.6486,0.1035,0.0
2026-02-12 23:18:04.123524,-0.743,-0.6486,0.1035,0.0
2026-02-12 23:18:04.123641,-0.743,-0.6486,0.01059999999999998,0.0
2026-02-12 23:18:04.123759,-0.743,-0.6486,0.0636333333333333,0.0
2026-02-12 23:18:04.330011,0.4404,-0.6486,0.07635999999999997,0.0
2026-02-12 23:18:04.330192,0.5061499999999998,-0.6486,0.0,0.0
2026-02-12 23:18:04.330407,0.3374333333333332,-0.6486,0.0,0.0
2026-02-12 23:18:04.330626,0.11372499999999988,-0.6486,0.0,0.0
2026-02-12 23:18:04.330722,-0.06592000000000009,-0.6486,0.0,0.0
2026-02-12 23:18:04.330874,0.0017333333333332628,-0.6486,0.0,0.0
2026-02-12 23:18:04.331002,-0.07166666666666674,-0.6486,0.0,0.0
2026-02-12 23:18:04.331091,-0.1669833333333334,-0.6486,0.0,0.0
2026-02-12 23:18:04.331185,-0.21631666666666674,-0.6486,0.0,0.0
2026-02-12 23:18:04.331280,-0.08570000000000005,-0.6486,0.0,0.0
2026-02-12 23:18:04.331474,0.011616666666666609,-0.6486,0.0,0.0
2026-02-12 23:18:04.331605,-0.04505000000000006,-0.6486,0.0,0.0
2026-02-12 23:18:04.331858,-0.15315000000000004,-0.6486,0.0,0.0
2026-02-12 23:18:04.332052,-0.08951666666666673,-0.6486,0.0,0.0
2026-02-12 23:18:04.332194,-0.1519333333333334,-0.6486,0.0,0.0
2026-02-13 01:07:12.336796,-0.22758000000000006,-0.6486,0.0,-0.4023
2026-02-13 01:07:12.336863,-0.23432500000000012,-0.6486,0.0,-0.20115000000000047
2026-02-13 01:07:12.336944,-0.3124333333333335,-0.6486,0.0,-0.1341000000000003
2026-02-13 01:07:12.337042,-0.1443500000000002,-0.6486,0.0,-0.10057500000000023
2026-02-13 01:07:12.337195,-0.6705,-0.6486,0.0,-0.08046000000000018
2026-02-13 01:07:12.337377,-0.6705,-0.6486,0.0,0.007033333333333179
2026-02-13 01:07:12.337574,-0.6705,-0.6486,0.0,-0.000866666666666821
2026-02-13 01:07:12.337840,-0.6705,-0.6486,0.0,-0.12836666666666682
2026-02-13 01:07:12.337980,-0.6705,-0.6486,0.0,-0.24810000000000018
2026-02-13 01:07:12.338090,-0.6705,-0.6486,0.0,-0.24810000000000018
2026-02-13 01:07:12.338346,-0.6705,-0.6486,0.0,-0.24810000000000018
2026-02-13 01:07:12.338399,-0.6705,-0.6486,0.0,-0.2844666666666668
2026-02-13 01:07:12.338628,-0.6705,-0.6486,0.0,-0.20951666666666688
2026-02-13 01:07:12.338740,-0.6705,-0.6486,0.0,-0.0055500000000001755
2026-02-13 01:07:12.338791,-0.6705,-0.6486,0.0,0.11418333333333315
2026-02-13 01:07:12.478838,-0.6705,0.6369,0.0,0.1370199999999998
2026-02-13 01:07:12.478997,-0.6705,0.09825000000000023,0.0,0.17127499999999976
2026-02-13 01:07:12.479191,-0.6705,0.4835000000000001,0.0,0.152933333333333
2026-02-13 01:07:12.479372,-0.6705,0.3529750000000001,0.0,0.22939999999999952
2026-02-13 01:07:12.479549,-0.6705,0.21438000000000007,0.0,0.0
2026-02-13 01:07:12.479695,-0.6705,0.2163666666666667,0.0,0.0
2026-02-13 01:07:12.479776,-0.6705,0.1102166666666667,0.0,0.0
2026-02-13 01:07:12.479834,-0.6705,0.21733333333333338,0.0,0.0
2026-02-13 01:07:12.480141,-0.6705,-0.003383333333333303,0.0,0.0
2026-02-13 01:07:12.480202,-0.6705,0.0030500000000000306,0.0,0.0
2026-02-13 01:07:12.480363,-0.6705,-0.04234999999999997,0.0,0.0
2026-02-13 01:07:12.480513,-0.6705,-0.17771666666666663,0.0,0.0
2026-02-13 01:07:12.480679,-0.6705,-0.10431666666666663,0.0,0.0
2026-02-13 01:07:12.480831,-0.6705,-0.10031666666666665,0.0,0.0
2026-02-13 01:07:12.480915,-0.6705,-0.21934999999999996,0.0,0.0
2026-02-13 01:07:12.725549,-0.6705,-0.26321999999999995,0.0,0.0
2026-02-13 01:07:12.725641,-0.6705,-0.17592499999999994,0.0,0.0
2026-02-13 01:07:12.725724,-0.6705,-0.039266666666666596,0.0,0.0
2026-02-13 01:07:12.725957,-0.6705,-0.2790999999999999,-0.19612500000000002,0.0
2026-02-13 01:07:12.726103,-0.6705,-0.7845,-0.01152000000000002,0.0
2026-02-13 01:07:12.726360,-0.6705,-0.7845,-0.003166666666666682,0.0
2026-02-13 01:07:12.726468,-0.6705,-0.7845,-0.05250000000000001,0.0
2026-02-13 01:07:12.726567,-0.6705,-0.7845,-0.10183333333333333,0.0
2026-02-13 01:07:12.726717,-0.6705,-0.7845,-0.01673333333333334,0.0
2026-02-13 01:07:12.726782,-0.6705,-0.7845,0.11401666666666666,0.0
2026-02-13 01:07:12.726830,-0.6705,-0.7845,-0.007133333333333343,0.0
2026-02-13 01:07:12.726966,-0.6705,-0.7845,0.02414999999999999,0.0
2026-02-13 01:07:12.727073,-0.6705,-0.7845,0.07348333333333333,0.0
2026-02-13 01:07:12.727241,-0.6705,-0.7845,0.21571666666666664,0.0
2026-02-13 01:07:12.727434,-0.6705,-0.7845,0.07758333333333331,0.0
2026-02-13 01:07:12.977668,0.296,-0.7845,0.09309999999999997,0.0
2026-02-13 01:07:12.977852,0.14799999999999977,-0.7845,0.11637499999999996,0.0
2026-02-13 01:07:12.977955,0.09866666666666651,-0.7845,0.07973333333333328,0.0
2026-02-13 01:07:12.978182,-0.03842500000000011,-0.7845,0.11959999999999993,0.0
2026-02-13 01:07:12.978351,-0.13608000000000006,-0.7845,-0.3182,0.0
2026-02-13 01:07:12.978468,-0.11340000000000006,-0.7845,-0.3182,0.0
2026-02-13 01:07:12.978706,-0.2505166666666667,-0.7845,-0.3182,0.0
2026-02-13 01:07:12.978903,-0.2505166666666667,-0.7845,-0.3182,0.0
2026-02-13 01:07:12.979047,-0.2505166666666667,-0.7845,-0.3182,0.0
2026-02-13 01:07:12.979110,-0.17556666666666673,-0.7845,-0.3182,0.0
2026-02-13 01:07:12.979226,-0.014383333333333395,-0.7845,-0.3182,0.0
2026-02-13 01:07:12.979353,0.08093333333333326,-0.7845,-0.3182,0.0
2026-02-13 01:07:12.979529,0.1687166666666666,-0.7845,-0.3182,0.0
2026-02-13 04:09:17.955453,0.20245999999999992,-0.7845,-0.3182,0.4588
2026-02-13 04:09:17.955644,0.2530749999999999,-0.7845,-0.3182,0.4588
2026-02-13 04:09:17.955768,0.3374333333333332,-0.7845,-0.3182,0.30586666666666634
2026-02-13 04:09:17.956006,0.28594999999999976,-0.7845,-0.3182,0.12882499999999975
2026-02-13 04:09:17.956063,0.0,-0.7845,-0.3182,0.10305999999999979
2026-02-13 04:09:17.956132,0.0,-0.7845,-0.3182,0.08588333333333316
2026-02-13 04:09:17.956223,0.0,-0.7845,-0.3182,0.009416666666666509
2026-02-13 04:09:17.956349,0.0,-0.7845,-0.3182,-0.06705000000000015
2026-02-13 04:09:17.956525,0.0,-0.7845,-0.3182,0.007033333333333179
2026-02-13 04:09:17.956729,0.0,-0.7845,-0.3182,-0.000866666666666821
2026-02-13 04:09:17.956992,0.0,-0.7845,-0.3182,-0.12836666666666682
2026-02-13 04:09:17.957132,0.0,-0.7845,-0.3182,-0.24810000000000018
2026-02-13 04:09:17.957239,0.0,-0.7845,-0.3182,-0.24810000000000018
2026-02-13 04:09:17.957473,0.0,-0.7845,-0.3182,-0.24810000000000018
2026-02-13 04:09:17.957524,0.0,-0.7845,-0.3182,-0.2844666666666668
2026-02-13 04:09:18.153682,0.0,0.0386,-0.3182,-0.25142000000000025
2026-02-13 04:09:18.153863,0.0,0.2980000000000001,-0.3182,-0.12302500000000027
2026-02-13 04:09:18.153970,0.0,0.19866666666666674,-0.3182,0.07543333333333298
2026-02-13 04:09:18.154099,0.0,0.16500000000000004,-0.3182,0.11314999999999947
2026-02-13 04:09:18.154337,0.0,0.22376000000000004,-0.3182,0.2263
2026-02-13 04:09:18.154568,0.0,0.2715666666666667,-0.3182,0.2263
2026-02-13 04:09:18.154814,0.0,0.3144666666666667,-0.3182,0.2263
2026-02-13 04:09:18.155053,0.0,0.15458333333333335,-0.3182,0.2263
2026-02-13 04:09:18.155304,0.0,0.2607333333333334,-0.3182,0.2263
2026-02-13 04:09:18.155439,0.0,0.17666666666666667,-0.3182,0.2263
2026-02-13 04:09:18.155616,0.0,0.30920000000000003,-0.3182,0.2263
2026-02-13 04:09:18.155799,0.0,0.21766666666666667,-0.3182,0.2263
2026-02-13 04:09:18.155974,0.0,0.11166666666666665,-0.3182,0.2263
2026-02-13 04:09:18.156117,0.0,0.21636666666666662,-0.3182,0.2263
2026-02-13 04:09:18.156196,0.0,0.11021666666666667,-0.3182,0.2263
2026-02-13 04:09:18.332739,0.0,0.22034000000000004,0.0,0.2263
2026-02-13 04:09:18.332902,0.0,-0.03807499999999997,-0.3124500000000001,0.2263
2026-02-13 04:09:18.332959,0.0,-0.03789999999999996,-0.20830000000000007,0.2263
2026-02-13 04:09:18.333047,0.0,0.11315000000000007,-0.15622500000000006,0.2263
2026-02-13 04:09:18.333122,0.0,0.0,-0.12498000000000005,0.2263
2026-02-13 04:09:18.333193,0.0,0.0,-0.10415000000000003,0.2263
2026-02-13 04:09:18.333266,0.0,0.0,-0.10415000000000003,0.2263
2026-02-13 04:09:18.333480,0.0,0.0,-0.13075000000000003,0.2263
2026-02-13 04:09:18.333633,0.0,0.0,-0.009600000000000034,0.2263
2026-02-13 04:09:18.333881,0.0,0.0,-0.003166666666666701,0.2263
2026-02-13 04:09:18.333993,0.0,0.0,-0.052500000000000026,0.2263
2026-02-13 04:09:18.334095,0.0,0.0,-0.10183333333333337,0.2263
2026-02-13 04:09:18.334246,0.0,0.0,-0.01673333333333334,0.2263
2026-02-13 04:09:18.334313,0.0,0.0,0.11401666666666666,0.2263
2026-02-13 04:09:18.334364,0.0,0.0,-0.007133333333333343,0.2263
2026-02-13 04:09:18.538686,0.0,0.0,-0.01628000000000001,0.2263
2026-02-13 04:09:18.538850,0.0,0.0,0.05364999999999998,0.2263
2026-02-13 04:09:18.539002,0.08333333333333319,0.0,0.1702,0.2263
2026-02-13 04:09:18.539123,0.06249999999999989,0.0,0.0,0.2263
2026-02-13 04:09:18.539263,0.04999999999999991,0.0,0.0,0.2263
2026-02-13 04:09:18.539357,0.041666666666666595,0.0,0.0,0.2263
2026-02-13 04:09:18.539537,0.041666666666666595,0.0,0.0,0.2263
2026-02-13 04:09:18.539721,0.041666666666666595,0.0,0.0,0.2263
2026-02-13 04:09:18.539801,0.0823166666666666,0.0,0.0,0.2263
2026-02-13 04:09:18.539908,0.0823166666666666,0.0,0.0,0.2263
2026-02-13 04:09:18.540218,-0.048433333333333405,0.0,0.0,0.2263
2026-02-13 04:09:18.540432,-0.11541666666666672,0.0,0.0,0.2263
2026-02-13 04:09:18.540570,-0.11541666666666672,0.0,0.0,0.2263
2026-02-13 04:09:18.540666,-0.0660833333333334,0.0,0.0,0.2263
2026-02-13 05:52:04.982906,-0.17808000000000007,0.0,0.0,0.0
2026-02-13 05:52:04.983097,-0.2226000000000001,0.0,0.0,0.2293999999999995
2026-02-13 05:52:04.983261,-0.035300000000000144,0.0,0.0,0.30586666666666634
2026-02-13 05:52:04.983382,0.14799999999999977,0.0,0.0,0.22939999999999974
2026-02-13 05:52:04.983619,0.296,0.0,0.0,0.10305999999999979
2026-02-13 05:52:04.983670,0.296,0.0,0.0,0.08588333333333316
2026-02-13 05:52:04.983739,0.296,0.0,0.0,0.08588333333333316
2026-02-13 05:52:04.983834,0.296,0.0,0.0,0.009416666666666499
2026-02-13 05:52:04.983960,0.296,0.0,0.0,-0.06705000000000017
2026-02-13 05:52:04.984155,0.296,0.0,0.0,0.007033333333333169
2026-02-13 05:52:04.984350,0.296,0.0,0.0,-0.0008666666666668302
2026-02-13 05:52:04.984629,0.296,0.0,0.0,-0.12836666666666682
2026-02-13 05:52:04.984771,0.296,0.0,0.0,-0.24810000000000018
2026-02-13 05:52:04.984884,0.296,0.0,0.0,-0.24810000000000018
2026-02-13 05:52:04.985146,0.296,0.0,0.0,-0.24810000000000018
2026-02-13 05:52:05.330947,0.296,0.5106,0.0,-0.3866200000000002
2026-02-13 05:52:05.331183,0.296,0.2746,0.0,-0.37085000000000024
2026-02-13 05:52:05.331354,0.296,0.3688666666666667,0.0,-0.23946666666666702
2026-02-13 05:52:05.331456,0.296,0.27665,0.0,0.0
2026-02-13 05:52:05.331581,0.296,0.23412000000000002,0.0,0.0
2026-02-13 05:52:05.331818,0.296,0.2715666666666667,0.0,0.0
2026-02-13 05:52:05.332060,0.296,0.2715666666666667,0.0,0.0
2026-02-13 05:52:05.332287,0.296,0.31446666666666667,0.0,0.0
2026-02-13 05:52:05.332513,0.296,0.15458333333333335,0.0,0.0
2026-02-13 05:52:05.332760,0.296,0.2607333333333333,0.0,0.0
2026-02-13 05:52:05.332894,0.296,0.17666666666666667,0.0,0.0
2026-02-13 05:52:05.333069,0.296,0.30920000000000003,0.0,0.0
2026-02-13 05:52:05.333244,0.296,0.21766666666666667,0.0,0.0
2026-02-13 05:52:05.333417,0.296,0.11166666666666665,0.0,0.0
2026-02-13 05:52:05.333554,0.296,0.21636666666666662,0.0,0.0
2026-02-13 05:52:05.589294,0.296,0.13226,0.3818,0.0
2026-02-13 05:52:05.589393,0.296,0.275425,-0.010050000000000114,0.0
2026-02-13 05:52:05.589515,0.296,-0.0507666666666667,-0.12710000000000007,0.0
2026-02-13 05:52:05.589601,0.296,-0.05685000000000005,-0.09532500000000006,0.0
2026-02-13 05:52:05.589754,0.296,0.2263,-0.20124000000000003,0.0
2026-02-13 05:52:05.589807,0.296,0.2263,-0.16770000000000004,0.0
2026-02-13 05:52:05.589896,0.296,0.2263,-0.23133333333333336,0.0
2026-02-13 05:52:05.589971,0.296,0.2263,-0.16435000000000002,0.0
2026-02-13 05:52:05.590061,0.296,0.2263,-0.10415000000000003,0.0
2026-02-13 05:52:05.590135,0.296,0.2263,-0.10415000000000003,0.0
2026-02-13 05:52:05.590347,0.296,0.2263,-0.13075000000000003,0.0
2026-02-13 05:52:05.590483,0.296,0.2263,-0.009600000000000034,0.0
2026-02-13 05:52:05.590720,0.296,0.2263,-0.003166666666666701,0.0
2026-02-13 05:52:05.590823,0.296,0.2263,-0.052500000000000026,0.0
2026-02-13 05:52:05.590920,0.296,0.2263,-0.10183333333333337,0.0
2026-02-13 05:52:05.825485,0.08895,0.2263,-0.12220000000000004,0.0
2026-02-13 05:52:05.825796,0.24542499999999978,0.2263,0.04337499999999994,0.0
2026-02-13 05:52:05.825878,-0.0010166666666668323,0.2263,-0.18446666666666675,0.0
2026-02-13 05:52:05.825983,-0.0007625000000001242,0.2263,-0.296,0.0
2026-02-13 05:52:05.826259,0.0511699999999999,0.2263,-0.296,0.0
2026-02-13 05:52:05.826322,0.042641666666666585,0.2263,-0.296,0.0
2026-02-13 05:52:05.826459,0.027816666666666587,0.2263,-0.296,0.0
2026-02-13 05:52:05.826605,0.0024999999999999237,0.2263,-0.296,0.0
2026-02-13 05:52:05.826726,0.0848166666666666,0.2263,-0.296,0.0
2026-02-13 05:52:05.826875,0.0848166666666666,0.2263,-0.296,0.0
2026-02-13 05:52:05.826975,0.041666666666666595,0.2263,-0.296,0.0
2026-02-13 05:52:05.827188,0.041666666666666595,0.2263,-0.296,0.0
2026-02-13 05:52:05.827376,0.041666666666666595,0.2263,-0.296,0.0
2026-02-13 05:52:05.827460,0.0823166666666666,0.2263,-0.296,0.0
2026-02-13 06:44:30.174822,0.09877999999999991,0.2263,-0.296,0.0
2026-02-13 06:44:30.174999,0.12347499999999989,0.2263,-0.296,0.2293999999999995
2026-02-13 06:44:30.175160,0.1646333333333332,0.2263,-0.296,0.30586666666666634
2026-02-13 06:44:30.175283,0.24694999999999978,0.2263,-0.296,0.22939999999999974
2026-02-13 06:44:30.175546,0.4939,0.2263,-0.296,0.10305999999999979
2026-02-13 06:44:30.175602,0.4939,0.2263,-0.296,0.08588333333333316
2026-02-13 06:44:30.175676,0.4939,0.2263,-0.296,0.08588333333333316
2026-02-13 06:44:30.175774,0.4939,0.2263,-0.296,0.009416666666666499
2026-02-13 06:44:30.175908,0.4939,0.2263,-0.296,-0.06705000000000017
2026-02-13 06:44:30.176091,0.4939,0.2263,-0.296,0.007033333333333169
2026-02-13 06:44:30.176285,0.4939,0.2263,-0.296,-0.0008666666666668302
2026-02-13 06:44:30.176567,0.4939,0.2263,-0.296,-0.12836666666666682
2026-02-13 06:44:30.176718,0.4939,0.2263,-0.296,-0.24810000000000018
2026-02-13 06:44:30.176830,0.4939,0.2263,-0.296,-0.24810000000000018
2026-02-13 06:44:30.177073,0.4939,0.2263,-0.296,-0.24810000000000018
2026-02-13 06:44:30.438877,0.4939,-0.4738,-0.296,-0.3866200000000002
2026-02-13 06:44:30.439088,0.4939,0.09834999999999994,-0.296,-0.37085000000000024
2026-02-13 06:44:30.439353,0.4939,-0.03310000000000004,-0.296,-0.23946666666666702
2026-02-13 06:44:30.439512,0.4939,0.10282499999999999,-0.296,0.0
2026-02-13 06:44:30.439739,0.4939,0.08997999999999999,-0.296,0.0
2026-02-13 06:44:30.439907,0.4939,0.1678833333333333,-0.296,0.0
2026-02-13 06:44:30.440013,0.4939,0.24685,-0.296,0.0
2026-02-13 06:44:30.440143,0.4939,0.14576666666666668,-0.296,0.0
2026-02-13 06:44:30.440392,0.4939,0.2715666666666667,-0.296,0.0
2026-02-13 06:44:30.440639,0.4939,0.2715666666666667,-0.296,0.0
2026-02-13 06:44:30.440872,0.4939,0.31446666666666667,-0.296,0.0
2026-02-13 06:44:30.441131,0.4939,0.15458333333333335,-0.296,0.0
2026-02-13 06:44:30.441389,0.4939,0.2607333333333333,-0.296,0.0
2026-02-13 06:44:30.441564,0.4939,0.17666666666666667,-0.296,0.0
2026-02-13 06:44:30.441745,0.4939,0.30920000000000003,-0.296,0.0
2026-02-13 06:44:30.563658,0.4939,0.26892,0.3818,0.0
2026-02-13 06:44:30.563760,0.4939,0.26215,-0.010050000000000114,0.0
2026-02-13 06:44:30.563887,0.4939,0.4835,-0.12710000000000007,0.0
2026-02-13 06:44:30.563975,0.4939,0.4068,-0.09532500000000006,0.0
2026-02-13 06:44:30.564128,0.4939,1.254,-0.20124000000000003,0.0
2026-02-13 06:44:30.564184,0.4939,1.254,-0.16770000000000004,0.0
2026-02-13 06:44:30.564276,0.4939,1.254,-0.23133333333333336,0.0
2026-02-13 06:44:30.564352,0.4939,1.254,-0.16435000000000002,0.0
2026-02-13 06:44:30.564427,0.4939,1.254,-0.10415000000000003,0.0
2026-02-13 06:44:30.564502,0.4939,1.254,-0.10415000000000003,0.0
2026-02-13 06:44:30.564732,0.4939,1.254,-0.13075000000000003,0.0
2026-02-13 06:44:30.564877,0.4939,1.254,-0.009600000000000034,0.0
2026-02-13 06:44:30.565118,0.4939,1.254,-0.003166666666666701,0.0
2026-02-13 06:44:30.565223,0.4939,1.254,-0.052500000000000026,0.0
2026-02-13 06:44:30.565323,0.4939,1.254,-0.10183333333333337,0.0
2026-02-13 06:44:30.855693,0.0,1.254,-0.12220000000000004,0.0
2026-02-13 06:44:30.855974,-0.6562500000000002,1.254,0.04337499999999994,0.0
2026-02-13 06:44:30.856202,-0.43750000000000017,1.254,-0.18446666666666675,0.0
2026-02-13 06:44:30.856338,-0.3281250000000001,1.254,-0.296,0.0
2026-02-13 06:44:30.856610,-0.41408000000000006,1.254,-0.296,0.0
2026-02-13 06:44:30.856850,-0.40870000000000006,1.254,-0.296,0.0
2026-02-13 06:44:30.857090,-0.5365666666666667,1.254,-0.296,0.0
2026-02-13 06:44:30.857223,-0.23003333333333342,1.254,-0.296,0.0
2026-02-13 06:44:30.857426,-0.32041666666666674,1.254,-0.296,0.0
2026-02-13 06:44:30.857708,-0.30559166666666676,1.254,-0.296,0.0
2026-02-13 06:44:30.858010,-0.11229166666666675,1.254,-0.296,0.0
2026-02-13 06:44:30.858091,-0.1309750000000001,1.254,-0.296,0.0
2026-02-13 06:44:30.858195,-0.003108333333333426,1.254,-0.296,0.0
2026-02-13 06:44:30.858448,-0.04774166666666674,1.254,-0.296,0.0
2026-02-13 06:44:30.858506,0.0426416666666666,1.254,-0.296,0.0
2026-02-13 07:41:48.420592,0.03337999999999992,1.254,-0.296,0.0
2026-02-13 07:41:48.420787,-0.0587500000000001,1.254,-0.296,0.2293999999999995
2026-02-13 07:41:48.420955,0.08629999999999986,1.254,-0.296,0.30586666666666634
2026-02-13 07:41:48.421083,0.1294499999999998,1.254,-0.296,0.22939999999999974
2026-02-13 07:41:48.421327,0.0,1.254,-0.296,0.10305999999999979
2026-02-13 07:41:48.421380,0.0,1.254,-0.296,0.08588333333333316
2026-02-13 07:41:48.421455,0.0,1.254,-0.296,0.08588333333333316
2026-02-13 07:41:48.421553,0.0,1.254,-0.296,0.009416666666666499
2026-02-13 07:41:48.421703,0.0,1.254,-0.296,-0.06705000000000017
2026-02-13 07:41:48.421889,0.0,1.254,-0.296,0.007033333333333169
2026-02-13 07:41:48.422088,0.0,1.254,-0.296,-0.0008666666666668302
2026-02-13 07:41:48.422362,0.0,1.254,-0.296,-0.12836666666666682
2026-02-13 07:41:48.422504,0.0,1.254,-0.296,-0.24810000000000018
2026-02-13 07:41:48.422617,0.0,1.254,-0.296,-0.24810000000000018
2026-02-13 07:41:48.422879,0.0,1.254,-0.296,-0.24810000000000018
2026-02-13 07:41:48.618560,0.0,0.4939,-0.296,-0.3866200000000002
2026-02-13 07:41:48.618871,0.0,0.27895000000000003,-0.296,-0.37085000000000024
2026-02-13 07:41:48.619111,0.0,0.028033333333333337,-0.296,-0.23946666666666702
2026-02-13 07:41:48.619306,0.0,0.18864999999999998,-0.296,0.0
2026-02-13 07:41:48.619561,0.0,0.09172000000000001,-0.296,0.0
2026-02-13 07:41:48.619728,0.0,0.16153333333333333,-0.296,0.0
2026-02-13 07:41:48.619933,0.0,0.08565000000000002,-0.296,0.0
2026-02-13 07:41:48.620096,0.0,0.16788333333333336,-0.296,0.0
2026-02-13 07:41:48.620192,0.0,0.24685,-0.296,0.0
2026-02-13 07:41:48.620318,0.0,0.1457666666666667,-0.296,0.0
2026-02-13 07:41:48.620563,0.0,0.2715666666666667,-0.296,0.0
2026-02-13 07:41:48.620808,0.0,0.2715666666666667,-0.296,0.0
2026-02-13 07:41:48.621039,0.0,0.3144666666666667,-0.296,0.0
2026-02-13 07:41:48.621277,0.0,0.15458333333333335,-0.296,0.0
2026-02-13 07:41:48.621535,0.0,0.2607333333333334,-0.296,0.0
2026-02-13 07:41:48.806899,0.0,0.30008,-0.3182,0.0
2026-02-13 07:41:48.807054,0.0,0.2604000000000001,-0.1591000000000001,0.0
2026-02-13 07:41:48.807186,0.0,0.17700000000000005,0.021199999999999924,0.0
2026-02-13 07:41:48.807274,0.0,0.11750000000000008,-0.08457500000000005,0.0
2026-02-13 07:41:48.807390,0.0,0.6369,-0.13990000000000005,0.0
2026-02-13 07:41:48.807474,0.0,0.6369,-0.11658333333333337,0.0
2026-02-13 07:41:48.807644,0.0,0.6369,-0.16770000000000004,0.0
2026-02-13 07:41:48.807705,0.0,0.6369,-0.16770000000000004,0.0
2026-02-13 07:41:48.807796,0.0,0.6369,-0.23133333333333336,0.0
2026-02-13 07:41:48.807872,0.0,0.6369,-0.16435000000000002,0.0
2026-02-13 07:41:48.807946,0.0,0.6369,-0.10415000000000003,0.0
2026-02-13 07:41:48.808020,0.0,0.6369,-0.10415000000000003,0.0
2026-02-13 07:41:48.808236,0.0,0.6369,-0.13075000000000003,0.0
2026-02-13 07:41:48.808377,0.0,0.6369,-0.009600000000000034,0.0
2026-02-13 07:41:48.808632,0.0,0.6369,-0.003166666666666701,0.0
2026-02-13 07:41:49.024606,-0.3182,0.6369,-0.0038000000000000408,0.0
2026-02-13 07:41:49.024859,-0.1591000000000002,0.6369,-0.004750000000000051,0.0
2026-02-13 07:41:49.025110,-0.1017666666666668,0.6369,-0.006333333333333402,0.0
2026-02-13 07:41:49.025436,-0.0891625000000001,0.6369,0.38274999999999987,0.0
2026-02-13 07:41:49.025553,-0.07133000000000009,0.6369,0.0386,0.0
2026-02-13 07:41:49.025658,-0.05944166666666673,0.6369,0.0386,0.0
2026-02-13 07:41:49.025777,-0.006408333333333407,0.6369,0.0386,0.0
2026-02-13 07:41:49.025861,-0.006408333333333407,0.6369,0.0386,0.0
2026-02-13 07:41:49.026035,-0.008558333333333407,0.6369,0.0386,0.0
2026-02-13 07:41:49.026137,0.0,0.6369,0.0386,0.0
2026-02-13 07:41:49.026375,0.07024999999999992,0.6369,0.0386,0.0
2026-02-13 07:41:49.026636,-0.04150000000000007,0.6369,0.0386,0.0
2026-02-13 07:41:49.026806,0.025483333333333257,0.6369,0.0386,0.0
2026-02-13 07:41:49.026986,0.10779999999999994,0.6369,0.0386,0.0
2026-02-13 07:41:49.027034,0.10779999999999994,0.6369,0.0386,0.0
2026-02-13 08:29:44.588386,0.12935999999999992,0.6369,0.0386,0.0
2026-02-13 08:29:44.588552,0.0563249999999999,0.6369,0.0386,0.2293999999999995
2026-02-13 08:29:44.588710,0.29859999999999987,0.6369,0.0386,0.30586666666666634
2026-02-13 08:29:44.588832,0.2469499999999998,0.6369,0.0386,0.22939999999999974
2026-02-13 08:29:44.589089,0.0,0.6369,0.0386,0.10305999999999979
2026-02-13 08:29:44.589140,0.0,0.6369,0.0386,0.08588333333333316
2026-02-13 08:29:44.589213,0.0,0.6369,0.0386,0.08588333333333316
2026-02-13 08:29:44.589307,0.0,0.6369,0.0386,0.009416666666666499
2026-02-13 08:29:44.589437,0.0,0.6369,0.0386,-0.06705000000000017
2026-02-13 08:29:44.589618,0.0,0.6369,0.0386,0.007033333333333169
2026-02-13 08:29:44.589811,0.0,0.6369,0.0386,-0.0008666666666668302
2026-02-13 08:29:44.590096,0.0,0.6369,0.0386,-0.12836666666666682
2026-02-13 08:29:44.590237,0.0,0.6369,0.0386,-0.24810000000000018
2026-02-13 08:29:44.590351,0.0,0.6369,0.0386,-0.24810000000000018
2026-02-13 08:29:44.590590,0.0,0.6369,0.0386,-0.24810000000000018
2026-02-13 08:29:44.697343,0.0,0.0,0.0386,-0.3866200000000002
2026-02-13 08:29:44.697615,0.0,0.0,0.0386,-0.37085000000000024
2026-02-13 08:29:44.697717,0.0,0.16463333333333338,0.0386,-0.23946666666666702
2026-02-13 08:29:44.698060,0.0,0.13947500000000002,0.0386,0.0
2026-02-13 08:29:44.698449,0.0,0.016820000000000022,0.0386,0.0
2026-02-13 08:29:44.698656,0.0,0.1257666666666667,0.0386,0.0
2026-02-13 08:29:44.699040,0.0,0.07643333333333334,0.0386,0.0
2026-02-13 08:29:44.699192,0.0,0.16153333333333333,0.0386,0.0
2026-02-13 08:29:44.699396,0.0,0.08565000000000002,0.0386,0.0
2026-02-13 08:29:44.699556,0.0,0.16788333333333336,0.0386,0.0
2026-02-13 08:29:44.699649,0.0,0.24685,0.0386,0.0
2026-02-13 08:29:44.699790,0.0,0.1457666666666667,0.0386,0.0
2026-02-13 08:29:44.700065,0.0,0.2715666666666667,0.0386,0.0
2026-02-13 08:29:44.700298,0.0,0.2715666666666667,0.0386,0.0
2026-02-13 08:29:44.700549,0.0,0.3144666666666667,0.0386,0.0
2026-02-13 08:29:44.966467,0.0,0.26588,-0.6705,0.0
2026-02-13 08:29:44.966639,0.0,0.33235000000000003,-0.3352500000000001,0.0
2026-02-13 08:29:44.966729,0.0,0.4218000000000001,-0.22350000000000006,0.0
2026-02-13 08:29:44.966812,0.0,0.4033000000000001,-0.24717500000000003,0.0
2026-02-13 08:29:44.966958,0.0,0.296,-0.19774000000000003,0.0
2026-02-13 08:29:44.967081,0.0,0.296,-0.10115000000000003,0.0
2026-02-13 08:29:44.967168,0.0,0.296,-0.05638333333333337,0.0
2026-02-13 08:29:44.967279,0.0,0.296,-0.11658333333333337,0.0
2026-02-13 08:29:44.967360,0.0,0.296,-0.11658333333333337,0.0
2026-02-13 08:29:44.967505,0.0,0.296,-0.16770000000000004,0.0
2026-02-13 08:29:44.967558,0.0,0.296,-0.16770000000000004,0.0
2026-02-13 08:29:44.967645,0.0,0.296,-0.23133333333333336,0.0
2026-02-13 08:29:44.967720,0.0,0.296,-0.16435000000000002,0.0
2026-02-13 08:29:44.967792,0.0,0.296,-0.10415000000000003,0.0
2026-02-13 08:29:44.967865,0.0,0.296,-0.10415000000000003,0.0
2026-02-13 08:29:45.183451,0.5719,0.296,0.0,0.0
2026-02-13 08:29:45.183590,0.2859499999999997,0.296,0.0,0.0
2026-02-13 08:29:45.183764,0.03769999999999981,0.296,0.0,0.0
2026-02-13 08:29:45.184006,0.09657499999999986,0.296,0.0,0.0
2026-02-13 08:29:45.184215,0.15361999999999987,0.296,0.0,0.0
2026-02-13 08:29:45.184290,0.12801666666666656,0.296,0.0,0.0
2026-02-13 08:29:45.184371,-0.020333333333333425,0.296,0.0,0.0
2026-02-13 08:29:45.184558,-0.020333333333333425,0.296,0.0,0.0
2026-02-13 08:29:45.184789,0.05828333333333324,0.296,0.0,0.0
2026-02-13 08:29:45.185119,0.004191666666666573,0.296,0.0,0.0
2026-02-13 08:29:45.185230,-0.059441666666666754,0.296,0.0,0.0
2026-02-13 08:29:45.185314,-0.059441666666666754,0.296,0.0,0.0
2026-02-13 08:29:45.185425,-0.006408333333333423,0.296,0.0,0.0
2026-02-13 08:29:45.185506,-0.006408333333333423,0.296,0.0,0.0
2026-02-13 09:32:11.492487,-0.010270000000000109,0.296,0.0,0.0
2026-02-13 09:32:11.492714,0.0,0.296,0.0,0.2293999999999995
2026-02-13 09:32:11.492929,0.0,0.296,0.0,0.30586666666666634
2026-02-13 09:32:11.493084,0.0,0.296,0.0,0.22939999999999974
2026-02-13 09:32:11.493368,0.0,0.296,0.0,0.10305999999999979
2026-02-13 09:32:11.493419,0.0,0.296,0.0,0.08588333333333316
2026-02-13 09:32:11.493490,0.0,0.296,0.0,0.08588333333333316
2026-02-13 09:32:11.493603,0.0,0.296,0.0,0.009416666666666499
2026-02-13 09:32:11.493740,0.0,0.296,0.0,-0.06705000000000017
2026-02-13 09:32:11.493927,0.0,0.296,0.0,0.007033333333333169
2026-02-13 09:32:11.494125,0.0,0.296,0.0,-0.0008666666666668302
2026-02-13 09:32:11.494395,0.0,0.296,0.0,-0.12836666666666682
2026-02-13 09:32:11.494552,0.0,0.296,0.0,-0.24810000000000018
2026-02-13 09:32:11.494663,0.0,0.296,0.0,-0.24810000000000018
2026-02-13 09:32:11.494905,0.0,0.296,0.0,-0.24810000000000018
2026-02-13 09:32:11.604984,0.0,-0.3182,0.0,-0.3866200000000002
2026-02-13 09:32:11.605301,0.0,-0.12709999999999988,0.0,-0.37085000000000024
2026-02-13 09:32:11.605374,0.0,-0.08473333333333326,0.0,-0.23946666666666702
2026-02-13 09:32:11.605537,0.0,-0.06354999999999994,0.0,0.0
2026-02-13 09:32:11.605759,0.0,-0.050839999999999955,0.0,0.0
2026-02-13 09:32:11.605854,0.0,0.03995000000000004,0.0,0.0
2026-02-13 09:32:11.606110,0.0,0.10365000000000006,0.0,0.0
2026-02-13 09:32:11.606335,0.0,0.014016666666666705,0.0,0.0
2026-02-13 09:32:11.606554,0.0,0.1257666666666667,0.0,0.0
2026-02-13 09:32:11.606799,0.0,0.07643333333333338,0.0,0.0
2026-02-13 09:32:11.606946,0.0,0.1615333333333334,0.0,0.0
2026-02-13 09:32:11.607151,0.0,0.08565000000000006,0.0,0.0
2026-02-13 09:32:11.607311,0.0,0.16788333333333338,0.0,0.0
2026-02-13 09:32:11.607404,0.0,0.2468500000000001,0.0,0.0
2026-02-13 09:32:11.607550,0.0,0.14576666666666674,0.0,0.0
2026-02-13 09:32:11.858703,0.0,0.2341200000000001,-0.2263,0.0
2026-02-13 09:32:11.858990,0.0,0.1650000000000001,-0.11315000000000011,0.0
2026-02-13 09:32:11.859123,0.0,0.20713333333333347,-0.29893333333333344,0.0
2026-02-13 09:32:11.859284,0.0,0.032000000000000195,-0.22420000000000004,0.0
2026-02-13 09:32:11.859371,0.0,0.064,-0.17936000000000002,0.0
2026-02-13 09:32:11.859472,0.0,0.064,-0.2025,0.0
2026-02-13 09:32:11.859619,0.0,0.064,-0.16478333333333336,0.0
2026-02-13 09:32:11.859749,0.0,0.064,-0.10115000000000003,0.0
2026-02-13 09:32:11.859832,0.0,0.064,-0.05638333333333335,0.0
2026-02-13 09:32:11.859942,0.0,0.064,-0.11658333333333336,0.0
2026-02-13 09:32:11.860024,0.0,0.064,-0.11658333333333336,0.0
2026-02-13 09:32:11.860171,0.0,0.064,-0.16770000000000004,0.0
2026-02-13 09:32:11.860224,0.0,0.064,-0.16770000000000004,0.0
2026-02-13 09:32:11.860307,0.0,0.064,-0.23133333333333336,0.0
2026-02-13 09:32:11.860380,0.0,0.064,-0.16435000000000002,0.0
2026-02-13 09:32:11.975637,0.0,0.064,-0.12498000000000005,0.0
2026-02-13 09:32:11.975734,0.0,0.064,-0.15622500000000006,0.0
2026-02-13 09:32:11.975907,0.0,0.064,0.0,0.0
2026-02-13 09:32:11.976173,-0.09545000000000013,0.064,0.0,0.0
2026-02-13 09:32:11.976248,0.03801999999999989,0.064,0.0,0.0
2026-02-13 09:32:11.976370,0.03168333333333324,0.064,0.0,0.0
2026-02-13 09:32:11.976561,-0.044783333333333425,0.064,0.0,0.0
2026-02-13 09:32:11.976784,0.0007499999999999082,0.064,0.0,0.0
2026-02-13 09:32:11.976997,0.06438333333333324,0.064,0.0,0.0
2026-02-13 09:32:11.977072,0.12801666666666656,0.064,0.0,0.0
2026-02-13 09:32:11.977147,-0.020333333333333415,0.064,0.0,0.0
2026-02-13 09:32:11.977310,-0.020333333333333415,0.064,0.0,0.0
2026-02-13 09:32:11.977550,0.05828333333333325,0.064,0.0,0.0
2026-02-13 09:32:11.977870,0.004191666666666582,0.064,0.0,0.0
2026-02-13 10:28:40.255954,-0.07133000000000009,0.064,0.0,-0.4404
2026-02-13 10:28:40.256092,-0.08916250000000012,0.064,0.0,-0.2202000000000005
2026-02-13 10:28:40.256245,-0.012816666666666829,0.064,0.0,0.006133333333332991
2026-02-13 10:28:40.256399,-0.019225000000000242,0.064,0.0,0.11929999999999974
2026-02-13 10:28:40.256520,-0.05135,0.064,0.0,0.09543999999999979
2026-02-13 10:28:40.256774,-0.05135,0.064,0.0,0.01248333333333316
2026-02-13 10:28:40.256820,-0.05135,0.064,0.0,0.08588333333333316
2026-02-13 10:28:40.256888,-0.05135,0.064,0.0,0.08588333333333316
2026-02-13 10:28:40.256980,-0.05135,0.064,0.0,0.009416666666666499
2026-02-13 10:28:40.257110,-0.05135,0.064,0.0,-0.06705000000000017
2026-02-13 10:28:40.257285,-0.05135,0.064,0.0,0.007033333333333169
2026-02-13 10:28:40.257477,-0.05135,0.064,0.0,-0.0008666666666668302
2026-02-13 10:28:40.257752,-0.05135,0.064,0.0,-0.12836666666666682
2026-02-13 10:28:40.257892,-0.05135,0.064,0.0,-0.24810000000000018
2026-02-13 10:28:40.258001,-0.05135,0.064,0.0,-0.24810000000000018
2026-02-13 10:28:40.371656,-0.05135,0.0386,0.0,-0.2977200000000002
2026-02-13 10:28:40.371914,-0.05135,-0.26664999999999983,0.0,-0.48327500000000023
2026-02-13 10:28:40.372188,-0.05135,-0.2838333333333332,0.0,-0.494466666666667
2026-02-13 10:28:40.372436,-0.05135,-0.1968749999999999,0.0,-0.3592000000000005
2026-02-13 10:28:40.372497,-0.05135,-0.15749999999999992,0.0,0.0
2026-02-13 10:28:40.372629,-0.05135,-0.13124999999999995,0.0,0.0
2026-02-13 10:28:40.372855,-0.05135,-0.13768333333333327,0.0,0.0
2026-02-13 10:28:40.372945,-0.05135,0.03995000000000006,0.0,0.0
2026-02-13 10:28:40.373197,-0.05135,0.10365000000000006,0.0,0.0
2026-02-13 10:28:40.373415,-0.05135,0.014016666666666724,0.0,0.0
2026-02-13 10:28:40.373592,-0.05135,0.12576666666666672,0.0,0.0
2026-02-13 10:28:40.373848,-0.05135,0.07643333333333338,0.0,0.0
2026-02-13 10:28:40.373991,-0.05135,0.1615333333333334,0.0,0.0
2026-02-13 10:28:40.374185,-0.05135,0.08565000000000006,0.0,0.0
2026-02-13 10:28:40.374337,-0.05135,0.16788333333333338,0.0,0.0
2026-02-13 10:28:40.538069,-0.05135,0.29622000000000004,-0.3818,0.0
2026-02-13 10:28:40.538133,-0.05135,0.20265000000000008,-0.1909000000000001,0.0
2026-02-13 10:28:40.538331,-0.05135,0.36886666666666673,0.10616666666666662,0.0
2026-02-13 10:28:40.538462,-0.05135,0.29800000000000015,-0.020850000000000035,0.0
2026-02-13 10:28:40.538582,-0.05135,0.5574,-0.07588000000000003,0.0
2026-02-13 10:28:40.538849,-0.05135,0.5574,-0.10095000000000003,0.0
2026-02-13 10:28:40.539085,-0.05135,0.5574,-0.03731666666666669,0.0
2026-02-13 10:28:40.539209,-0.05135,0.5574,-0.14906666666666668,0.0
2026-02-13 10:28:40.539362,-0.05135,0.5574,-0.2657833333333333,0.0
2026-02-13 10:28:40.539438,-0.05135,0.5574,-0.1988,0.0
2026-02-13 10:28:40.539513,-0.05135,0.5574,-0.20250000000000004,0.0
2026-02-13 10:28:40.539629,-0.05135,0.5574,-0.1647833333333334,0.0
2026-02-13 10:28:40.539750,-0.05135,0.5574,-0.10115000000000006,0.0
2026-02-13 10:28:40.674827,0.4939,0.5574,0.012719999999999954,0.0
2026-02-13 10:28:40.675076,0.6144999999999997,0.5574,0.015899999999999942,0.0
2026-02-13 10:28:40.675424,0.14419999999999986,0.5574,0.021199999999999924,0.0
2026-02-13 10:28:40.675654,-0.0235250000000001,0.5574,0.19089999999999988,0.0
2026-02-13 10:28:40.675957,-0.27757000000000015,0.5574,0.3818,0.0
2026-02-13 10:28:40.676185,-0.14352500000000012,0.5574,0.3818,0.0
2026-02-13 10:28:40.676410,-0.1046916666666668,0.5574,0.3818,0.0
2026-02-13 10:28:40.676520,-0.2765416666666668,0.5574,0.3818,0.0
2026-02-13 10:28:40.676813,-0.04390833333333344,0.5574,0.3818,0.0
2026-02-13 10:28:40.676969,0.11412499999999988,0.5574,0.3818,0.0
2026-02-13 10:28:40.677227,0.32974999999999993,0.5574,0.3818,0.0
2026-02-13 10:28:40.677296,0.24196666666666658,0.5574,0.3818,0.0
2026-02-13 10:28:40.677428,0.12081666666666659,0.5574,0.3818,0.0
2026-02-13 10:28:40.677636,0.10651666666666659,0.5574,0.3818,0.0
2026-02-13 11:23:35.994005,0.007939999999999925,0.5574,0.3818,0.064
2026-02-13 11:23:35.994133,-0.09545000000000009,0.5574,0.3818,-0.1882000000000005
2026-02-13 11:23:35.994253,-0.12726666666666678,0.5574,0.3818,-0.125466666666667
2026-02-13 11:23:35.994430,-0.19090000000000018,0.5574,0.3818,0.020599999999999744
2026-02-13 11:23:35.994594,-0.3818,0.5574,0.3818,0.10823999999999981
2026-02-13 11:23:35.994710,-0.3818,0.5574,0.3818,0.09019999999999984
2026-02-13 11:23:35.994948,-0.3818,0.5574,0.3818,0.01248333333333316
2026-02-13 11:23:35.995000,-0.3818,0.5574,0.3818,0.08588333333333316
2026-02-13 11:23:35.995071,-0.3818,0.5574,0.3818,0.08588333333333316
2026-02-13 11:23:35.995167,-0.3818,0.5574,0.3818,0.009416666666666499
2026-02-13 11:23:35.995297,-0.3818,0.5574,0.3818,-0.06705000000000017
2026-02-13 11:23:35.995496,-0.3818,0.5574,0.3818,0.007033333333333169
2026-02-13 11:23:35.995694,-0.3818,0.5574,0.3818,-0.0008666666666668302
2026-02-13 11:23:35.995962,-0.3818,0.5574,0.3818,-0.12836666666666682
2026-02-13 11:23:35.996105,-0.3818,0.5574,0.3818,-0.24810000000000018
2026-02-13 11:23:36.104500,-0.3818,0.0,0.3818,-0.2977200000000002
2026-02-13 11:23:36.104672,-0.3818,0.0,0.3818,-0.37215000000000026
2026-02-13 11:23:36.104842,-0.3818,-0.06743333333333319,0.3818,-0.644366666666667
2026-02-13 11:23:36.105089,-0.3818,-0.2004249999999999,0.3818,-0.7417000000000005
2026-02-13 11:23:36.105203,-0.3818,-0.15261999999999992,0.3818,-0.7184
2026-02-13 11:23:36.105430,-0.3818,-0.22249999999999992,0.3818,-0.7184
2026-02-13 11:23:36.105709,-0.3818,-0.27553333333333324,0.3818,-0.7184
2026-02-13 11:23:36.105960,-0.3818,-0.2648666666666666,0.3818,-0.7184
2026-02-13 11:23:36.106021,-0.3818,-0.23114999999999997,0.3818,-0.7184
2026-02-13 11:23:36.106155,-0.3818,-0.13124999999999992,0.3818,-0.7184
2026-02-13 11:23:36.106381,-0.3818,-0.13768333333333324,0.3818,-0.7184
2026-02-13 11:23:36.106476,-0.3818,0.039950000000000076,0.3818,-0.7184
2026-02-13 11:23:36.106777,-0.3818,0.10365000000000009,0.3818,-0.7184
2026-02-13 11:23:36.217659,-0.3818,0.1115800000000001,0.7579,-0.7184
2026-02-13 11:23:36.217767,-0.3818,0.13947500000000013,0.1880499999999999,-0.7184
2026-02-13 11:23:36.217824,-0.3818,0.18596666666666684,0.1253666666666666,-0.7184
2026-02-13 11:23:36.218012,-0.3818,0.27895000000000025,0.26909999999999995,-0.7184
2026-02-13 11:23:36.218140,-0.3818,0.064,0.13489999999999996,-0.7184
2026-02-13 11:23:36.218263,-0.3818,0.064,0.06308333333333332,-0.7184
2026-02-13 11:23:36.218551,-0.3818,0.064,-0.10095000000000003,-0.7184
2026-02-13 11:23:36.218798,-0.3818,0.064,-0.037316666666666685,-0.7184
2026-02-13 11:23:36.218930,-0.3818,0.064,-0.14906666666666668,-0.7184
2026-02-13 11:23:36.219088,-0.3818,0.064,-0.2657833333333333,-0.7184
2026-02-13 11:23:36.219168,-0.3818,0.064,-0.1988,-0.7184
2026-02-13 11:23:36.219245,-0.3818,0.064,-0.2025,-0.7184
2026-02-13 11:23:36.219434,-0.3818,0.064,-0.16478333333333336,-0.7184
2026-02-13 11:23:36.340449,0.0,0.064,-0.19774000000000003,-0.7184
2026-02-13 11:23:36.340553,0.0,0.064,-0.07955000000000001,-0.7184
2026-02-13 11:23:36.340600,0.0,0.064,-0.10606666666666668,-0.7184
2026-02-13 11:23:36.340777,0.0,0.064,-0.15910000000000002,-0.7184
2026-02-13 11:23:36.341053,0.012799999999999912,0.064,0.0,-0.7184
2026-02-13 11:23:36.341160,0.05999999999999992,0.064,0.0,-0.7184
2026-02-13 11:23:36.341275,0.14778333333333324,0.064,0.0,-0.7184
2026-02-13 11:23:36.341352,0.14778333333333324,0.064,0.0,-0.7184
2026-02-13 11:23:36.341513,0.14778333333333324,0.064,0.0,-0.7184
2026-02-13 11:23:36.341673,0.14778333333333324,0.064,0.0,-0.7184
2026-02-13 11:23:36.341799,0.13711666666666658,0.064,0.0,-0.7184
2026-02-13 11:23:36.341959,0.17288333333333328,0.064,0.0,-0.7184
2026-02-13 11:23:36.342116,0.08509999999999994,0.064,0.0,-0.7184
2026-02-13 12:30:26.105229,0.10211999999999992,0.064,0.0,0.064
2026-02-13 12:30:26.105371,0.1276499999999999,0.064,0.0,-0.1882000000000005
2026-02-13 12:30:26.105506,0.17019999999999988,0.064,0.0,-0.125466666666667
2026-02-13 12:30:26.105681,0.2552999999999998,0.064,0.0,0.020599999999999744
2026-02-13 12:30:26.105873,0.0,0.064,0.0,0.10823999999999981
2026-02-13 12:30:26.105992,0.0,0.064,0.0,0.09019999999999984
2026-02-13 12:30:26.106225,0.0,0.064,0.0,0.01248333333333316
2026-02-13 12:30:26.106275,0.0,0.064,0.0,0.08588333333333316
2026-02-13 12:30:26.106345,0.0,0.064,0.0,0.08588333333333316
2026-02-13 12:30:26.106440,0.0,0.064,0.0,0.009416666666666499
2026-02-13 12:30:26.106568,0.0,0.064,0.0,-0.06705000000000017
2026-02-13 12:30:26.106746,0.0,0.064,0.0,0.007033333333333169
2026-02-13 12:30:26.106958,0.0,0.064,0.0,-0.0008666666666668302
2026-02-13 12:30:26.107226,0.0,0.064,0.0,-0.12836666666666682
2026-02-13 12:30:26.107371,0.0,0.064,0.0,-0.24810000000000018
2026-02-13 12:30:26.287717,0.0,0.34,0.0,-0.2977200000000002
2026-02-13 12:30:26.287787,0.0,0.17000000000000023,0.0,-0.37215000000000026
2026-02-13 12:30:26.287910,0.0,0.3256333333333335,0.0,-0.644366666666667
2026-02-13 12:30:26.288015,0.0,0.33452500000000013,0.0,-0.7417000000000005
2026-02-13 12:30:26.288256,0.0,0.2753400000000001,0.0,-0.7184
2026-02-13 12:30:26.288395,0.0,0.1560500000000001,0.0,-0.7184
2026-02-13 12:30:26.288508,0.0,0.09938333333333342,0.0,-0.7184
2026-02-13 12:30:26.288646,0.0,0.09938333333333342,0.0,-0.7184
2026-02-13 12:30:26.288810,0.0,-0.04048333333333325,0.0,-0.7184
2026-02-13 12:30:26.289051,0.0,-0.20058333333333325,0.0,-0.7184
2026-02-13 12:30:26.289151,0.0,-0.20058333333333325,0.0,-0.7184
2026-02-13 12:30:26.289343,0.0,-0.22249999999999992,0.0,-0.7184
2026-02-13 12:30:26.289591,0.0,-0.27553333333333324,0.0,-0.7184
2026-02-13 12:30:26.439912,0.0,-0.33063999999999993,-0.6249,-0.7184
2026-02-13 12:30:26.440085,0.0,-0.3627249999999999,-0.31245,-0.7184
2026-02-13 12:30:26.440239,0.0,-0.28383333333333316,-0.4166,-0.7184
2026-02-13 12:30:26.440421,0.0,-0.4450499999999997,-0.122975,-0.7184
2026-02-13 12:30:26.440503,0.0,-0.3182,-0.17473999999999998,-0.7184
2026-02-13 12:30:26.440561,0.0,-0.3182,-0.14561666666666664,-0.7184
2026-02-13 12:30:26.440738,0.0,-0.3182,0.07525,-0.7184
2026-02-13 12:30:26.440904,0.0,-0.3182,0.008266666666666672,-0.7184
2026-02-13 12:30:26.441027,0.0,-0.3182,0.06308333333333335,-0.7184
2026-02-13 12:30:26.441288,0.0,-0.3182,-0.10094999999999998,-0.7184
2026-02-13 12:30:26.441526,0.0,-0.3182,-0.03731666666666666,-0.7184
2026-02-13 12:30:26.441651,0.0,-0.3182,-0.14906666666666665,-0.7184
2026-02-13 12:30:26.441821,0.0,-0.3182,-0.2657833333333333,-0.7184
2026-02-13 12:30:26.618683,-0.2263,-0.3182,-0.23855999999999997,-0.7184
2026-02-13 12:30:26.618840,-0.11315000000000022,-0.3182,-0.22419999999999998,-0.7184
2026-02-13 12:30:26.618988,-0.07543333333333348,-0.3182,-0.22349999999999995,-0.7184
2026-02-13 12:30:26.619137,-0.14157500000000012,-0.3182,-0.33524999999999994,-0.7184
2026-02-13 12:30:26.619224,-0.1132600000000001,-0.3182,0.0,-0.7184
2026-02-13 12:30:26.619452,-0.09438333333333342,-0.3182,0.0,-0.7184
2026-02-13 12:30:26.619594,-0.05666666666666675,-0.3182,0.0,-0.7184
2026-02-13 12:30:26.619722,-0.05666666666666675,-0.3182,0.0,-0.7184
2026-02-13 12:30:26.619972,-0.05666666666666675,-0.3182,0.0,-0.7184
2026-02-13 12:30:26.620119,-0.10415000000000008,-0.3182,0.0,-0.7184
2026-02-13 12:30:26.620232,-0.10415000000000008,-0.3182,0.0,-0.7184
2026-02-13 12:30:26.620272,-0.10415000000000008,-0.3182,0.0,-0.7184
2026-02-13 12:30:26.620349,-0.10415000000000008,-0.3182,0.0,-0.7184
2026-02-13 12:30:26.620389,-0.10415000000000008,-0.3182,0.0,-0.7184
2026-02-13 13:53:52.379576,-0.12498000000000009,-0.3182,0.0,0.064
2026-02-13 13:53:52.379735,0.0,-0.3182,0.0,-0.1882000000000005
2026-02-13 13:53:52.379867,0.0,-0.3182,0.0,-0.125466666666667
2026-02-13 13:53:52.380034,0.0,-0.3182,0.0,0.020599999999999744
2026-02-13 13:53:52.380208,0.0,-0.3182,0.0,0.10823999999999981
2026-02-13 13:53:52.380345,0.0,-0.3182,0.0,0.09019999999999984
2026-02-13 13:53:52.380571,0.0,-0.3182,0.0,0.01248333333333316
2026-02-13 13:53:52.380628,0.0,-0.3182,0.0,0.08588333333333316
2026-02-13 13:53:52.380695,0.0,-0.3182,0.0,0.08588333333333316
2026-02-13 13:53:52.380786,0.0,-0.3182,0.0,0.009416666666666499
2026-02-13 13:53:52.380908,0.0,-0.3182,0.0,-0.06705000000000017
2026-02-13 13:53:52.381073,0.0,-0.3182,0.0,0.007033333333333169
2026-02-13 13:53:52.381254,0.0,-0.3182,0.0,-0.0008666666666668302
2026-02-13 13:53:52.381497,0.0,-0.3182,0.0,-0.12836666666666682
2026-02-13 13:53:52.381646,0.0,-0.3182,0.0,-0.24810000000000018
2026-02-13 13:53:52.561375,0.0,0.4019,0.0,-0.2977200000000002
2026-02-13 13:53:52.561519,0.0,-0.009799999999999781,0.0,-0.37215000000000026
2026-02-13 13:53:52.561688,0.0,-0.10519999999999985,0.0,-0.644366666666667
2026-02-13 13:53:52.561846,0.0,-0.028324999999999885,0.0,-0.7417000000000005
2026-02-13 13:53:52.561966,0.0,-0.11799999999999991,0.0,-0.7184
2026-02-13 13:53:52.562234,0.0,-0.18343333333333325,0.0,-0.7184
2026-02-13 13:53:52.562496,0.0,-0.3106166666666666,0.0,-0.7184
2026-02-13 13:53:52.562704,0.0,-0.1836999999999999,0.0,-0.7184
2026-02-13 13:53:52.562846,0.0,-0.25263333333333327,0.0,-0.7184
2026-02-13 13:53:52.563028,0.0,-0.22968333333333324,0.0,-0.7184
2026-02-13 13:53:52.563067,0.0,-0.15023333333333325,0.0,-0.7184
2026-02-13 13:53:52.563163,0.0,0.04101666666666676,0.0,-0.7184
2026-02-13 13:53:52.563252,0.0,0.16141666666666676,0.0,-0.7184
2026-02-13 13:53:52.563460,0.0,0.11118333333333343,0.0,-0.7184
2026-02-13 13:53:52.752767,0.0,0.2753400000000001,0.0,-0.7184
2026-02-13 13:53:52.752998,0.0,0.25917500000000016,0.0,-0.7184
2026-02-13 13:53:52.753106,0.0,0.34556666666666686,-0.20830000000000004,-0.7184
2026-02-13 13:53:52.753254,0.0,0.1999000000000003,-0.15622500000000003,-0.7184
2026-02-13 13:53:52.753393,0.0,0.0386,-0.24996000000000002,-0.7184
2026-02-13 13:53:52.753557,0.0,0.0386,-0.08198333333333335,-0.7184
2026-02-13 13:53:52.753667,0.0,0.0386,-0.1456166666666667,-0.7184
2026-02-13 13:53:52.753716,0.0,0.0386,-0.1456166666666667,-0.7184
2026-02-13 13:53:52.753895,0.0,0.0386,0.07525,-0.7184
2026-02-13 13:53:52.754012,0.0,0.0386,0.008266666666666672,-0.7184
2026-02-13 13:53:52.754124,0.0,0.0386,0.06308333333333335,-0.7184
2026-02-13 13:53:52.754359,0.0,0.0386,-0.10094999999999998,-0.7184
2026-02-13 13:53:52.754582,0.0,0.0386,-0.03731666666666666,-0.7184
2026-02-13 13:53:53.013414,-0.4767,0.0386,-0.044779999999999986,-0.7184
2026-02-13 13:53:53.013535,-0.027600000000000235,0.0386,-0.23104999999999998,-0.7184
2026-02-13 13:53:53.013719,-0.018400000000000156,0.0386,-0.1741,-0.7184
2026-02-13 13:53:53.013883,0.14834999999999987,0.0386,-0.11315000000000003,-0.7184
2026-02-13 13:53:53.014037,0.19905999999999988,0.0386,0.0,-0.7184
2026-02-13 13:53:53.014132,0.16588333333333324,0.0386,0.0,-0.7184
2026-02-13 13:53:53.014258,0.23677499999999993,0.0386,0.0,-0.7184
2026-02-13 13:53:53.014608,0.22672499999999993,0.0386,0.0,-0.7184
2026-02-13 13:53:53.014715,0.35055833333333325,0.0386,0.0,-0.7184
2026-02-13 13:53:53.014779,0.2991249999999999,0.0386,0.0,-0.7184
2026-02-13 13:53:53.014915,0.23214166666666658,0.0386,0.0,-0.7184
2026-02-13 13:53:53.015079,0.23214166666666658,0.0386,0.0,-0.7184
2026-02-13 13:53:53.015254,0.20298333333333327,0.0386,0.0,-0.7184
2026-02-13 13:53:53.015373,0.14278333333333326,0.0386,0.0,-0.7184
2026-02-13 14:33:44.839876,0.022739999999999917,0.0386,0.0,0.064
2026-02-13 14:33:44.840085,-0.05657500000000011,0.0386,0.0,-0.1882000000000005
2026-02-13 14:33:44.840246,-0.07543333333333348,0.0386,0.0,-0.125466666666667
2026-02-13 14:33:44.840463,-0.11315000000000022,0.0386,0.0,0.020599999999999744
2026-02-13 14:33:44.840701,0.0,0.0386,0.0,0.10823999999999981
2026-02-13 14:33:44.840874,0.0,0.0386,0.0,0.09019999999999984
2026-02-13 14:33:44.841226,0.0,0.0386,0.0,0.01248333333333316
2026-02-13 14:33:44.841288,0.0,0.0386,0.0,0.08588333333333316
2026-02-13 14:33:44.841377,0.0,0.0386,0.0,0.08588333333333316
2026-02-13 14:33:44.841498,0.0,0.0386,0.0,0.009416666666666499
2026-02-13 14:33:44.841670,0.0,0.0386,0.0,-0.06705000000000017
2026-02-13 14:33:44.841912,0.0,0.0386,0.0,0.007033333333333169
2026-02-13 14:33:44.842179,0.0,0.0386,0.0,-0.0008666666666668302
2026-02-13 14:33:44.842502,0.0,0.0386,0.0,-0.12836666666666682
2026-02-13 14:33:44.842673,0.0,0.0386,0.0,-0.24810000000000018
2026-02-13 14:33:45.141104,0.0,0.0,0.0,-0.2977200000000002
2026-02-13 14:33:45.141332,0.0,0.2997000000000003,0.0,-0.37215000000000026
2026-02-13 14:33:45.141646,0.0,0.10873333333333353,0.0,-0.644366666666667
2026-02-13 14:33:45.141939,0.0,0.18202500000000016,0.0,-0.7417000000000005
2026-02-13 14:33:45.142137,0.0,0.06132000000000012,0.0,-0.7184
2026-02-13 14:33:45.142342,0.0,0.001766666666666768,0.0,-0.7184
2026-02-13 14:33:45.142564,0.0,0.035483333333333436,0.0,-0.7184
2026-02-13 14:33:45.142716,0.0,-0.14386666666666656,0.0,-0.7184
2026-02-13 14:33:45.143074,0.0,-0.18343333333333325,0.0,-0.7184
2026-02-13 14:33:45.143412,0.0,-0.3106166666666666,0.0,-0.7184
2026-02-13 14:33:45.143672,0.0,-0.1836999999999999,0.0,-0.7184
2026-02-13 14:33:45.143838,0.0,-0.25263333333333327,0.0,-0.7184
2026-02-13 14:33:45.144071,0.0,-0.22968333333333324,0.0,-0.7184
2026-02-13 14:33:45.144117,0.0,-0.15023333333333325,0.0,-0.7184
2026-02-13 14:33:45.356163,0.0,-0.0781599999999999,-0.2732,-0.7184
2026-02-13 14:33:45.356528,0.0,-0.007399999999999865,-0.4609,-0.7184
2026-02-13 14:33:45.356643,0.0,-0.12319999999999982,-0.3072666666666667,-0.7184
2026-02-13 14:33:45.356984,0.0,0.17000000000000026,-0.23045000000000002,-0.7184
2026-02-13 14:33:45.357128,0.0,0.0,-0.30934,-0.7184
2026-02-13 14:33:45.357326,0.0,0.0,-0.2577833333333333,-0.7184
2026-02-13 14:33:45.357511,0.0,0.0,-0.3164,-0.7184
2026-02-13 14:33:45.357742,0.0,0.0,-0.08198333333333335,-0.7184
2026-02-13 14:33:45.357847,0.0,0.0,-0.1456166666666667,-0.7184
2026-02-13 14:33:45.357909,0.0,0.0,-0.1456166666666667,-0.7184
2026-02-13 14:33:45.358148,0.0,0.0,0.07525,-0.7184
2026-02-13 14:33:45.358297,0.0,0.0,0.008266666666666672,-0.7184
2026-02-13 14:33:45.358434,0.0,0.0,0.06308333333333335,-0.7184
2026-02-13 14:33:45.684106,0.0,0.0,-0.07587999999999998,-0.7184
2026-02-13 14:33:45.684450,-0.2711500000000002,0.0,0.0006000000000000172,-0.7184
2026-02-13 14:33:45.684570,-0.18076666666666683,0.0,0.0008000000000000229,-0.7184
2026-02-13 14:33:45.684673,-0.1355750000000001,0.0,-0.34895,-0.7184
2026-02-13 14:33:45.684790,-0.10846000000000008,0.0,-0.296,-0.7184
2026-02-13 14:33:45.684984,-0.09038333333333341,0.0,-0.296,-0.7184
2026-02-13 14:33:45.685140,0.013766666666666594,0.0,-0.296,-0.7184
2026-02-13 14:33:45.685477,0.17754999999999996,0.0,-0.296,-0.7184
2026-02-13 14:33:45.685752,0.2342166666666666,0.0,-0.296,-0.7184
2026-02-13 14:33:45.686038,0.1886833333333333,0.0,-0.296,-0.7184
2026-02-13 14:33:45.686251,0.3125166666666666,0.0,-0.296,-0.7184
2026-02-13 14:33:45.686458,0.3125166666666666,0.0,-0.296,-0.7184
2026-02-13 14:33:45.686828,0.13811666666666658,0.0,-0.296,-0.7184
2026-02-13 14:33:45.687094,0.13811666666666658,0.0,-0.296,-0.7184
2026-02-13 15:32:43.253614,0.09773999999999991,0.0,-0.296,0.064
2026-02-13 15:32:43.253766,0.1904749999999999,0.0,-0.296,-0.1882000000000005
2026-02-13 15:32:43.253910,0.006299999999999824,0.0,-0.296,-0.125466666666667
2026-02-13 15:32:43.254101,0.009449999999999736,0.0,-0.296,0.020599999999999744
2026-02-13 15:32:43.254268,0.4404,0.0,-0.296,0.10823999999999981
2026-02-13 15:32:43.254388,0.4404,0.0,-0.296,0.09019999999999984
2026-02-13 15:32:43.254653,0.4404,0.0,-0.296,0.01248333333333316
2026-02-13 15:32:43.254704,0.4404,0.0,-0.296,0.08588333333333316
2026-02-13 15:32:43.254777,0.4404,0.0,-0.296,0.08588333333333316
2026-02-13 15:32:43.254873,0.4404,0.0,-0.296,0.009416666666666499
2026-02-13 15:32:43.255009,0.4404,0.0,-0.296,-0.06705000000000017
2026-02-13 15:32:43.255195,0.4404,0.0,-0.296,0.007033333333333169
2026-02-13 15:32:43.255391,0.4404,0.0,-0.296,-0.0008666666666668302
2026-02-13 15:32:43.255665,0.4404,0.0,-0.296,-0.12836666666666682
2026-02-13 15:32:43.255804,0.4404,0.0,-0.296,-0.24810000000000018
2026-02-13 15:32:43.421548,0.4404,0.0,-0.296,-0.2977200000000002
2026-02-13 15:32:43.421865,0.4404,0.1700000000000003,-0.296,-0.37215000000000026
2026-02-13 15:32:43.422059,0.4404,0.26013333333333355,-0.296,-0.644366666666667
2026-02-13 15:32:43.422247,0.4404,0.19510000000000016,-0.296,-0.7417000000000005
2026-02-13 15:32:43.422306,0.4404,0.15608000000000014,-0.296,-0.7184
2026-02-13 15:32:43.422474,0.4404,0.22996666666666676,-0.296,-0.7184
2026-02-13 15:32:43.422689,0.4404,0.18443333333333345,-0.296,-0.7184
2026-02-13 15:32:43.422896,0.4404,0.1947500000000001,-0.296,-0.7184
2026-02-13 15:32:43.423027,0.4404,0.0511000000000001,-0.296,-0.7184
2026-02-13 15:32:43.423179,0.4404,0.001766666666666759,-0.296,-0.7184
2026-02-13 15:32:43.423341,0.4404,0.03548333333333343,-0.296,-0.7184
2026-02-13 15:32:43.423477,0.4404,-0.1438666666666666,-0.296,-0.7184
2026-02-13 15:32:43.423753,0.4404,-0.18343333333333325,-0.296,-0.7184
2026-02-13 15:32:43.424023,0.4404,-0.3106166666666666,-0.296,-0.7184
2026-02-13 15:32:43.746821,0.4404,-0.2884399999999999,0.0,-0.7184
2026-02-13 15:32:43.747576,0.4404,-0.28654999999999986,0.31845,-0.7184
2026-02-13 15:32:43.747977,0.4404,-0.44949999999999984,0.0919,-0.7184
2026-02-13 15:32:43.748625,0.4404,-0.4358999999999998,0.1195,-0.7184
2026-02-13 15:32:43.748794,0.4404,-0.3612,0.09559999999999999,-0.7184
2026-02-13 15:32:43.749392,0.4404,-0.3612,0.07966666666666666,-0.7184
2026-02-13 15:32:43.749806,0.4404,-0.3612,0.06484166666666667,-0.7184
2026-02-13 15:32:43.750039,0.4404,-0.3612,-0.041308333333333336,-0.7184
2026-02-13 15:32:43.750726,0.4404,-0.3612,-0.026641666666666664,-0.7184
2026-02-13 15:32:43.751385,0.4404,-0.3612,-0.1684583333333333,-0.7184
2026-02-13 15:32:43.751562,0.4404,-0.3612,-0.1684583333333333,-0.7184
2026-02-13 15:32:43.752054,0.4404,-0.3612,-0.1684583333333333,-0.7184
2026-02-13 15:32:43.752324,0.4404,-0.3612,-0.2577833333333333,-0.7184
2026-02-13 15:32:43.752883,0.4404,-0.3612,-0.2577833333333333,-0.7184
2026-02-13 15:32:43.753416,0.4404,-0.3612,-0.31639999999999996,-0.7184
2026-02-13 15:32:43.919312,0.0,-0.3612,-0.24996000000000002,-0.7184
2026-02-13 15:32:43.919430,0.0,-0.3612,-0.31245,-0.7184
2026-02-13 15:32:43.919615,0.0,-0.3612,-0.4166,-0.7184
2026-02-13 15:32:43.919767,0.0,-0.3612,-0.31245,-0.7184
2026-02-13 15:32:43.919879,0.0,-0.3612,-0.6249,-0.7184
2026-02-13 15:32:43.919977,0.033716666666666575,-0.3612,-0.6249,-0.7184
2026-02-13 15:32:43.920117,0.033716666666666575,-0.3612,-0.6249,-0.7184
2026-02-13 15:32:43.920272,-0.026483333333333428,-0.3612,-0.6249,-0.7184
2026-02-13 15:32:43.920524,-0.08668333333333343,-0.3612,-0.6249,-0.7184
2026-02-13 15:32:43.920635,-0.08668333333333345,-0.3612,-0.6249,-0.7184
2026-02-13 15:32:43.920699,-0.08668333333333345,-0.3612,-0.6249,-0.7184
2026-02-13 15:32:43.920735,-0.1204000000000001,-0.3612,-0.6249,-0.7184
2026-02-13 16:33:10.059584,-0.1444800000000001,-0.3612,-0.6249,0.064
2026-02-13 16:33:10.059702,-0.09030000000000013,-0.3612,-0.6249,-0.1882000000000005
2026-02-13 16:33:10.059832,0.0,-0.3612,-0.6249,-0.125466666666667
2026-02-13 16:33:10.059983,0.0,-0.3612,-0.6249,0.020599999999999744
2026-02-13 16:33:10.060137,0.0,-0.3612,-0.6249,0.10823999999999981
2026-02-13 16:33:10.060251,0.0,-0.3612,-0.6249,0.09019999999999984
2026-02-13 16:33:10.060488,0.0,-0.3612,-0.6249,0.01248333333333316
2026-02-13 16:33:10.060541,0.0,-0.3612,-0.6249,0.08588333333333316
2026-02-13 16:33:10.060612,0.0,-0.3612,-0.6249,0.08588333333333316
2026-02-13 16:33:10.060705,0.0,-0.3612,-0.6249,0.009416666666666499
2026-02-13 16:33:10.060847,0.0,-0.3612,-0.6249,-0.06705000000000017
2026-02-13 16:33:10.061045,0.0,-0.3612,-0.6249,0.007033333333333169
2026-02-13 16:33:10.061242,0.0,-0.3612,-0.6249,-0.0008666666666668302
2026-02-13 16:33:10.061507,0.0,-0.3612,-0.6249,-0.12836666666666682
2026-02-13 16:33:10.061649,0.0,-0.3612,-0.6249,-0.24810000000000018
2026-02-13 16:33:10.210090,0.0,0.0,-0.6249,-0.2977200000000002
2026-02-13 16:33:10.210243,0.0,-0.2711499999999998,-0.6249,-0.37215000000000026
2026-02-13 16:33:10.210522,0.0,-0.24819999999999987,-0.6249,-0.644366666666667
2026-02-13 16:33:10.210723,0.0,-0.1178499999999999,-0.6249,-0.7417000000000005
2026-02-13 16:33:10.210928,0.0,-0.2343399999999999,-0.6249,-0.7184
2026-02-13 16:33:10.211050,0.0,-0.20171666666666663,-0.6249,-0.7184
2026-02-13 16:33:10.211259,0.0,-0.20171666666666663,-0.6249,-0.7184
2026-02-13 16:33:10.211564,0.0,-0.054666666666666607,-0.6249,-0.7184
2026-02-13 16:33:10.211742,0.0,0.05245000000000007,-0.6249,-0.7184
2026-02-13 16:33:10.211947,0.0,0.006916666666666738,-0.6249,-0.7184
2026-02-13 16:33:10.212001,0.0,0.12363333333333341,-0.6249,-0.7184
2026-02-13 16:33:10.212137,0.0,0.22996666666666674,-0.6249,-0.7184
2026-02-13 16:33:10.212342,0.0,0.18443333333333342,-0.6249,-0.7184
2026-02-13 16:33:10.212553,0.0,0.1947500000000001,-0.6249,-0.7184
2026-02-13 16:33:10.365648,0.0,0.1456200000000001,0.0,-0.7184
2026-02-13 16:33:10.365779,0.0,0.18202500000000013,0.0,-0.7184
2026-02-13 16:33:10.365998,0.0,0.24270000000000017,-0.1998,-0.7184
2026-02-13 16:33:10.366248,0.0,0.06435000000000024,-0.05440000000000002,-0.7184
2026-02-13 16:33:10.366369,0.0,0.4019,-0.003060000000000013,-0.7184
2026-02-13 16:33:10.366473,0.0,0.4019,-0.0025500000000000106,-0.7184
2026-02-13 16:33:10.366706,0.0,0.4019,0.10359999999999998,-0.7184
2026-02-13 16:33:10.366853,0.0,0.4019,0.04339999999999999,-0.7184
2026-02-13 16:33:10.367033,0.0,0.4019,0.17701666666666663,-0.7184
2026-02-13 16:33:10.367171,0.0,0.4019,0.11338333333333334,-0.7184
2026-02-13 16:33:10.367336,0.0,0.4019,0.07966666666666668,-0.7184
2026-02-13 16:33:10.367546,0.0,0.4019,0.06484166666666667,-0.7184
2026-02-13 16:33:10.367621,0.0,0.4019,-0.04130833333333333,-0.7184
2026-02-13 16:33:10.367780,0.0,0.4019,-0.026641666666666657,-0.7184
2026-02-13 16:33:10.368012,0.0,0.4019,-0.1684583333333333,-0.7184
2026-02-13 16:33:10.567569,-0.4588,0.4019,-0.20214999999999997,-0.7184
2026-02-13 16:33:10.567767,-0.5698000000000003,0.4019,-0.25268749999999995,-0.7184
2026-02-13 16:33:10.568010,-0.5328000000000002,0.4019,-0.3072666666666666,-0.7184
2026-02-13 16:33:10.568129,-0.39637500000000014,0.4019,-0.46089999999999987,-0.7184
2026-02-13 16:33:10.568335,-0.38934000000000013,0.4019,-0.6486,-0.7184
2026-02-13 16:33:10.568562,-0.5276000000000001,0.4019,-0.6486,-0.7184
2026-02-13 16:33:10.568713,-0.3777333333333334,0.4019,-0.6486,-0.7184
2026-02-13 16:33:10.568912,-0.38098333333333345,0.4019,-0.6486,-0.7184
2026-02-13 16:33:10.568960,-0.30451666666666677,0.4019,-0.6486,-0.7184
2026-02-13 16:33:10.569035,-0.3066666666666668,0.4019,-0.6486,-0.7184
2026-02-13 16:33:10.569177,-0.2464666666666668,0.4019,-0.6486,-0.7184
2026-02-13 16:33:10.569316,-0.04331666666666678,0.4019,-0.6486,-0.7184
2026-02-23 20:23:20.426834,-0.14006000000000013,0.4019,-0.6486,0.0
2026-02-23 20:23:20.426967,0.0,0.4019,-0.6486,-0.2202000000000005
2026-02-23 20:23:20.427103,0.0,0.4019,-0.6486,-0.038400000000000344
2026-02-23 20:23:20.427208,0.0,0.4019,-0.6486,-0.15227500000000027
2026-02-23 20:23:20.427444,0.0,0.4019,-0.6486,-0.06718000000000021
2026-02-23 20:23:20.427567,0.0,0.4019,-0.6486,-0.010450000000000173
2026-02-23 20:23:20.427827,0.0,0.4019,-0.6486,-0.010450000000000173
2026-02-23 20:23:20.427902,0.0,0.4019,-0.6486,0.06294999999999983
2026-02-23 20:23:20.428062,0.0,0.4019,-0.6486,0.015183333333333165
2026-02-23 20:23:20.428158,0.0,0.4019,-0.6486,0.1352166666666665
2026-02-23 20:23:20.428381,0.0,0.4019,-0.6486,0.10450833333333316
2026-02-23 20:23:20.428661,0.0,0.4019,-0.6486,0.16512499999999983
2026-02-23 20:23:20.428869,0.0,0.4019,-0.6486,0.11579166666666652
2026-02-23 20:23:20.429024,0.0,0.4019,-0.6486,0.11579166666666652
2026-02-23 20:23:20.429172,0.0,0.4019,-0.6486,0.11579166666666652
2026-02-23 20:23:20.793390,0.0,0.0,-0.6486,0.0936899999999998
2026-02-23 20:23:20.793495,0.0,0.0,-0.6486,0.09487499999999977
2026-02-23 20:23:20.793758,0.0,-0.15889999999999985,-0.6486,-0.08580000000000032
2026-02-23 20:23:20.793932,0.0,-0.11917499999999989,-0.6486,0.019299999999999512
2026-02-23 20:23:20.794155,0.0,-0.22727999999999993,-0.6486,0.0386
2026-02-23 20:23:20.794253,0.0,-0.18939999999999993,-0.6486,0.0386
2026-02-23 20:23:20.794430,0.0,-0.18939999999999993,-0.6486,0.0386
2026-02-23 20:23:20.794499,0.0,-0.18939999999999993,-0.6486,0.0386
2026-02-23 20:23:20.794529,0.0,-0.10994999999999992,-0.6486,0.0386
2026-02-23 20:23:20.794670,0.0,-0.11850833333333326,-0.6486,0.0386
2026-02-23 20:23:20.794832,0.0,0.051641666666666745,-0.6486,0.0386
2026-02-23 20:23:20.795023,0.0,0.10467500000000007,-0.6486,0.0386
2026-02-23 20:23:20.795151,0.0,0.1174333333333334,-0.6486,0.0386
2026-02-23 20:23:20.795272,0.0,0.13019166666666673,-0.6486,0.0386
2026-02-23 20:23:20.795385,0.0,0.07352500000000008,-0.6486,0.0386
2026-02-23 20:23:21.088484,0.0,0.09850000000000009,0.2023,0.0386
2026-02-23 20:23:21.088622,0.0,0.032825000000000104,-0.04684999999999993,0.0386
2026-02-23 20:23:21.088794,0.0,-0.062299999999999855,-0.05256666666666662,0.0386
2026-02-23 20:23:21.088904,0.0,-0.1317249999999998,-0.03942499999999997,0.0386
2026-02-23 20:23:21.088981,0.0,-0.34,-0.03153999999999997,0.0386
2026-02-23 20:23:21.089115,0.0,-0.34,-0.017724999999999977,0.0386
2026-02-23 20:23:21.089222,0.0,-0.34,-0.05144166666666664,0.0386
2026-02-23 20:23:21.089258,0.0,-0.34,-0.002108333333333315,0.0386
2026-02-23 20:23:21.089447,0.0,-0.34,0.008558333333333352,0.0386
2026-02-23 20:23:21.089581,0.0,-0.34,0.008558333333333352,0.0386
2026-02-23 20:23:21.089665,0.0,-0.34,0.008558333333333352,0.0386
2026-02-23 20:23:21.089776,0.0,-0.34,-0.10809999999999997,0.0386
2026-02-23 20:23:21.089852,0.0,-0.34,-0.10809999999999997,0.0386
2026-02-23 20:23:21.090088,0.0,-0.34,-0.07038333333333331,0.0386
2026-02-23 20:23:21.090255,0.0,-0.34,-0.1437833333333333,0.0386
2026-02-23 20:23:21.401045,0.0,-0.34,-0.17253999999999997,0.0386
2026-02-23 20:23:21.401372,-0.20840000000000033,-0.34,-0.21567499999999995,0.0386
2026-02-23 20:23:21.401550,-0.07150000000000022,-0.34,-0.07136666666666662,0.0386
2026-02-23 20:23:21.401752,-0.053625000000000166,-0.34,-0.10704999999999992,0.0386
2026-02-23 20:23:21.401971,-0.055700000000000124,-0.34,-0.4404,0.0386
2026-02-23 20:23:21.402052,-0.09945000000000011,-0.34,-0.4404,0.0386
2026-02-23 20:23:21.402202,-0.1561166666666668,-0.34,-0.4404,0.0386
2026-02-23 20:23:21.402285,-0.08665000000000012,-0.34,-0.4404,0.0386
2026-02-23 20:23:21.402412,-0.12036666666666677,-0.34,-0.4404,0.0386
2026-02-23 20:23:21.402560,-0.19061666666666677,-0.34,-0.4404,0.0386
2026-02-23 20:23:21.402715,-0.17995000000000008,-0.34,-0.4404,0.0386
2026-02-23 20:23:21.402956,-0.2532333333333334,-0.34,-0.4404,0.0386
2026-02-23 20:23:21.403012,-0.30071666666666674,-0.34,-0.4404,0.0386
2026-02-23 20:33:58.308241,-0.36086000000000007,-0.34,-0.4404,0.0
2026-02-23 20:33:58.308397,-0.4510750000000001,-0.34,-0.4404,-0.2202000000000005
2026-02-23 20:33:58.308550,-0.4609333333333335,-0.34,-0.4404,-0.038400000000000344
2026-02-23 20:33:58.308670,-0.6914000000000002,-0.34,-0.4404,-0.15227500000000027
2026-02-23 20:33:58.308936,-0.6249,-0.34,-0.4404,-0.06718000000000021
2026-02-23 20:33:58.309063,-0.6249,-0.34,-0.4404,-0.010450000000000173
2026-02-23 20:33:58.309335,-0.6249,-0.34,-0.4404,-0.010450000000000173
2026-02-23 20:33:58.309414,-0.6249,-0.34,-0.4404,0.06294999999999983
2026-02-23 20:33:58.309581,-0.6249,-0.34,-0.4404,0.015183333333333165
2026-02-23 20:33:58.309679,-0.6249,-0.34,-0.4404,0.1352166666666665
2026-02-23 20:33:58.309916,-0.6249,-0.34,-0.4404,0.10450833333333316
2026-02-23 20:33:58.310210,-0.6249,-0.34,-0.4404,0.16512499999999983
2026-02-23 20:33:58.310424,-0.6249,-0.34,-0.4404,0.11579166666666652
2026-02-23 20:33:58.310582,-0.6249,-0.34,-0.4404,0.11579166666666652
2026-02-23 20:33:58.310730,-0.6249,-0.34,-0.4404,0.11579166666666652
2026-02-23 20:33:58.619630,-0.6249,0.0,-0.4404,0.0936899999999998
2026-02-23 20:33:58.619739,-0.6249,0.0,-0.4404,0.09487499999999977
2026-02-23 20:33:58.620029,-0.6249,-0.15889999999999985,-0.4404,-0.08580000000000032
2026-02-23 20:33:58.620210,-0.6249,-0.11917499999999989,-0.4404,0.019299999999999512
2026-02-23 20:33:58.620451,-0.6249,-0.22727999999999993,-0.4404,0.0386
2026-02-23 20:33:58.620552,-0.6249,-0.18939999999999993,-0.4404,0.0386
2026-02-23 20:33:58.620718,-0.6249,-0.18939999999999993,-0.4404,0.0386
2026-02-23 20:33:58.620799,-0.6249,-0.18939999999999993,-0.4404,0.0386
2026-02-23 20:33:58.620838,-0.6249,-0.10994999999999992,-0.4404,0.0386
2026-02-23 20:33:58.620982,-0.6249,-0.11850833333333326,-0.4404,0.0386
2026-02-23 20:33:58.621144,-0.6249,0.051641666666666745,-0.4404,0.0386
2026-02-23 20:33:58.621336,-0.6249,0.10467500000000007,-0.4404,0.0386
2026-02-23 20:33:58.621466,-0.6249,0.1174333333333334,-0.4404,0.0386
2026-02-23 20:33:58.621590,-0.6249,0.13019166666666673,-0.4404,0.0386
2026-02-23 20:33:58.621686,-0.6249,0.07352500000000008,-0.4404,0.0386
2026-02-23 20:33:58.886476,-0.6249,0.09850000000000009,0.2023,0.0386
2026-02-23 20:33:58.886613,-0.6249,0.032825000000000104,-0.04684999999999993,0.0386
2026-02-23 20:33:58.886823,-0.6249,-0.062299999999999855,-0.05256666666666662,0.0386
2026-02-23 20:33:58.886938,-0.6249,-0.1317249999999998,-0.03942499999999997,0.0386
2026-02-23 20:33:58.887016,-0.6249,-0.34,-0.03153999999999997,0.0386
2026-02-23 20:33:58.887148,-0.6249,-0.34,-0.017724999999999977,0.0386
2026-02-23 20:33:58.887252,-0.6249,-0.34,-0.05144166666666664,0.0386
2026-02-23 20:33:58.887286,-0.6249,-0.34,-0.002108333333333315,0.0386
2026-02-23 20:33:58.887461,-0.6249,-0.34,0.008558333333333352,0.0386
2026-02-23 20:33:58.887594,-0.6249,-0.34,0.008558333333333352,0.0386
2026-02-23 20:33:58.887677,-0.6249,-0.34,0.008558333333333352,0.0386
2026-02-23 20:33:58.887812,-0.6249,-0.34,-0.10809999999999997,0.0386
2026-02-23 20:33:58.887888,-0.6249,-0.34,-0.10809999999999997,0.0386
2026-02-23 20:33:58.888280,-0.6249,-0.34,-0.07038333333333331,0.0386
2026-02-23 20:33:58.888444,-0.6249,-0.34,-0.1437833333333333,0.0386
2026-02-23 20:33:59.175131,0.0,-0.34,-0.17253999999999997,0.0386
2026-02-23 20:33:59.175453,-0.20840000000000028,-0.34,-0.21567499999999995,0.0386
2026-02-23 20:33:59.175626,-0.07150000000000019,-0.34,-0.07136666666666662,0.0386
2026-02-23 20:33:59.175875,-0.05362500000000014,-0.34,-0.10704999999999992,0.0386
2026-02-23 20:33:59.176105,-0.055700000000000104,-0.34,-0.4404,0.0386
2026-02-23 20:33:59.176190,-0.0994500000000001,-0.34,-0.4404,0.0386
2026-02-23 20:33:59.176339,-0.15611666666666676,-0.34,-0.4404,0.0386
2026-02-23 20:33:59.176424,-0.08665000000000007,-0.34,-0.4404,0.0386
2026-02-23 20:33:59.176538,-0.12036666666666677,-0.34,-0.4404,0.0386
2026-02-23 20:33:59.176683,-0.19061666666666677,-0.34,-0.4404,0.0386
2026-02-23 20:33:59.176858,-0.17995000000000008,-0.34,-0.4404,0.0386
2026-02-23 20:33:59.177103,-0.2532333333333334,-0.34,-0.4404,0.0386
2026-02-23 20:33:59.177166,-0.30071666666666674,-0.34,-0.4404,0.0386
2026-02-23 21:30:56.630423,-0.36086000000000007,-0.34,-0.4404,0.0
2026-02-23 21:30:56.630581,-0.4510750000000001,-0.34,-0.4404,-0.2202000000000005
2026-02-23 21:30:56.630754,-0.4609333333333335,-0.34,-0.4404,-0.038400000000000344
2026-02-23 21:30:56.630889,-0.6914000000000002,-0.34,-0.4404,-0.15227500000000027
2026-02-23 21:30:56.631245,-0.6249,-0.34,-0.4404,-0.06718000000000021
2026-02-23 21:30:56.631403,-0.6249,-0.34,-0.4404,-0.010450000000000173
2026-02-23 21:30:56.631716,-0.6249,-0.34,-0.4404,-0.010450000000000173
2026-02-23 21:30:56.631817,-0.6249,-0.34,-0.4404,0.06294999999999983
2026-02-23 21:30:56.632024,-0.6249,-0.34,-0.4404,0.015183333333333165
2026-02-23 21:30:56.632151,-0.6249,-0.34,-0.4404,0.1352166666666665
2026-02-23 21:30:56.632408,-0.6249,-0.34,-0.4404,0.10450833333333316
2026-02-23 21:30:56.632734,-0.6249,-0.34,-0.4404,0.16512499999999983
2026-02-23 21:30:56.633005,-0.6249,-0.34,-0.4404,0.11579166666666652
2026-02-23 21:30:56.633200,-0.6249,-0.34,-0.4404,0.11579166666666652
2026-02-23 21:30:56.633399,-0.6249,-0.34,-0.4404,0.11579166666666652
2026-02-23 21:30:56.793556,-0.6249,-0.25,-0.4404,0.0936899999999998
2026-02-23 21:30:56.793724,-0.6249,-0.12499999999999978,-0.4404,0.09487499999999977
2026-02-23 21:30:56.793867,-0.6249,-0.08333333333333319,-0.4404,-0.08580000000000032
2026-02-23 21:30:56.794193,-0.6249,-0.1816749999999999,-0.4404,0.019299999999999512
2026-02-23 21:30:56.794394,-0.6249,-0.1453399999999999,-0.4404,0.0386
2026-02-23 21:30:56.794665,-0.6249,-0.23106666666666661,-0.4404,0.0386
2026-02-23 21:30:56.794823,-0.6249,-0.18939999999999993,-0.4404,0.0386
2026-02-23 21:30:56.795095,-0.6249,-0.18939999999999993,-0.4404,0.0386
2026-02-23 21:30:56.795212,-0.6249,-0.18939999999999993,-0.4404,0.0386
2026-02-23 21:30:56.795257,-0.6249,-0.10994999999999992,-0.4404,0.0386
2026-02-23 21:30:56.795437,-0.6249,-0.11850833333333326,-0.4404,0.0386
2026-02-23 21:30:56.795654,-0.6249,0.051641666666666745,-0.4404,0.0386
2026-02-23 21:30:56.795881,-0.6249,0.10467500000000007,-0.4404,0.0386
2026-02-23 21:30:56.796059,-0.6249,0.1174333333333334,-0.4404,0.0386
2026-02-23 21:30:56.796213,-0.6249,0.13019166666666673,-0.4404,0.0386
2026-02-23 21:30:56.931562,-0.6249,0.1562300000000001,0.2023,0.0386
2026-02-23 21:30:56.931749,-0.6249,0.20812500000000012,-0.04684999999999993,0.0386
2026-02-23 21:30:56.931978,-0.6249,0.15710000000000016,-0.05256666666666662,0.0386
2026-02-23 21:30:56.932132,-0.6249,0.07655,-0.03942499999999997,0.0386
2026-02-23 21:30:56.932253,-0.6249,0.07655,-0.03153999999999997,0.0386
2026-02-23 21:30:56.932429,-0.6249,0.07655,-0.017724999999999977,0.0386
2026-02-23 21:30:56.932579,-0.6249,0.07655,-0.05144166666666664,0.0386
2026-02-23 21:30:56.932630,-0.6249,0.07655,-0.002108333333333315,0.0386
2026-02-23 21:30:56.932844,-0.6249,0.07655,0.008558333333333352,0.0386
2026-02-23 21:30:56.933018,-0.6249,0.07655,0.008558333333333352,0.0386
2026-02-23 21:30:56.933138,-0.6249,0.07655,0.008558333333333352,0.0386
2026-02-23 21:30:56.933289,-0.6249,0.07655,-0.10809999999999997,0.0386
2026-02-23 21:30:56.933407,-0.6249,0.07655,-0.10809999999999997,0.0386
2026-02-23 21:30:56.933696,-0.6249,0.07655,-0.07038333333333331,0.0386
2026-02-23 21:30:56.933907,-0.6249,0.07655,-0.1437833333333333,0.0386
2026-02-23 21:30:57.045580,0.0,0.07655,-0.17253999999999997,0.0386
2026-02-23 21:30:57.045647,-0.12500000000000028,0.07655,-0.21567499999999995,0.0386
2026-02-23 21:30:57.045755,-0.10045000000000019,0.07655,-0.07136666666666662,0.0386
2026-02-23 21:30:57.045865,-0.07533750000000014,0.07655,-0.10704999999999992,0.0386
2026-02-23 21:30:57.046214,-0.1436300000000001,0.07655,-0.4404,0.0386
2026-02-23 21:30:57.046423,-0.08597500000000009,0.07655,-0.4404,0.0386
2026-02-23 21:30:57.046665,-0.08597500000000009,0.07655,-0.4404,0.0386
2026-02-23 21:30:57.046942,-0.054975000000000086,0.07655,-0.4404,0.0386
2026-02-23 21:30:57.047047,-0.0994500000000001,0.07655,-0.4404,0.0386
2026-02-23 21:30:57.047243,-0.15611666666666676,0.07655,-0.4404,0.0386
2026-02-23 21:30:57.047357,-0.08665000000000007,0.07655,-0.4404,0.0386
2026-02-23 21:30:57.047516,-0.12036666666666677,0.07655,-0.4404,0.0386
2026-02-23 21:30:57.047754,-0.19061666666666677,0.07655,-0.4404,0.0386
2026-02-23 21:34:51.825926,-0.2159400000000001,0.07655,-0.4404,0.0
2026-02-23 21:34:51.826057,-0.19037500000000016,0.07655,-0.4404,-0.2202000000000005
2026-02-23 21:34:51.826188,-0.1405000000000002,0.07655,-0.4404,-0.038400000000000344
2026-02-23 21:34:51.826288,-0.2107500000000003,0.07655,-0.4404,-0.15227500000000027
2026-02-23 21:34:51.826522,-0.4215,0.07655,-0.4404,-0.06718000000000021
2026-02-23 21:34:51.826641,-0.4215,0.07655,-0.4404,-0.010450000000000173
2026-02-23 21:34:51.826894,-0.4215,0.07655,-0.4404,-0.010450000000000173
2026-02-23 21:34:51.826969,-0.4215,0.07655,-0.4404,0.06294999999999983
2026-02-23 21:34:51.827127,-0.4215,0.07655,-0.4404,0.015183333333333165
2026-02-23 21:34:51.827220,-0.4215,0.07655,-0.4404,0.1352166666666665
2026-02-23 21:34:51.827438,-0.4215,0.07655,-0.4404,0.10450833333333316
2026-02-23 21:34:51.827714,-0.4215,0.07655,-0.4404,0.16512499999999983
2026-02-23 21:34:51.827917,-0.4215,0.07655,-0.4404,0.11579166666666652
2026-02-23 21:34:51.828070,-0.4215,0.07655,-0.4404,0.11579166666666652
2026-02-23 21:34:51.828217,-0.4215,0.07655,-0.4404,0.11579166666666652
2026-02-23 21:34:51.927477,-0.4215,-0.25,-0.4404,0.0936899999999998
2026-02-23 21:34:51.927572,-0.4215,-0.12499999999999978,-0.4404,0.09487499999999977
2026-02-23 21:34:51.927665,-0.4215,-0.08333333333333319,-0.4404,-0.08580000000000032
2026-02-23 21:34:51.927918,-0.4215,-0.1816749999999999,-0.4404,0.019299999999999512
2026-02-23 21:34:51.928090,-0.4215,-0.1453399999999999,-0.4404,0.0386
2026-02-23 21:34:51.928319,-0.4215,-0.23106666666666661,-0.4404,0.0386
2026-02-23 21:34:51.928435,-0.4215,-0.18939999999999993,-0.4404,0.0386
2026-02-23 21:34:51.928598,-0.4215,-0.18939999999999993,-0.4404,0.0386
2026-02-23 21:34:51.928665,-0.4215,-0.18939999999999993,-0.4404,0.0386
2026-02-23 21:34:51.928695,-0.4215,-0.10994999999999992,-0.4404,0.0386
2026-02-23 21:34:51.928836,-0.4215,-0.11850833333333326,-0.4404,0.0386
2026-02-23 21:34:51.929003,-0.4215,0.051641666666666745,-0.4404,0.0386
2026-02-23 21:34:51.929196,-0.4215,0.10467500000000007,-0.4404,0.0386
2026-02-23 21:34:51.929327,-0.4215,0.1174333333333334,-0.4404,0.0386
2026-02-23 21:34:51.929461,-0.4215,0.13019166666666673,-0.4404,0.0386
2026-02-23 21:34:52.031901,-0.4215,0.1562300000000001,0.2023,0.0386
2026-02-23 21:34:52.032029,-0.4215,0.20812500000000012,-0.04684999999999993,0.0386
2026-02-23 21:34:52.032198,-0.4215,0.15710000000000016,-0.05256666666666662,0.0386
2026-02-23 21:34:52.032306,-0.4215,0.07655,-0.03942499999999997,0.0386
2026-02-23 21:34:52.032399,-0.4215,0.07655,-0.03153999999999997,0.0386
2026-02-23 21:34:52.032532,-0.4215,0.07655,-0.017724999999999977,0.0386
2026-02-23 21:34:52.032637,-0.4215,0.07655,-0.05144166666666664,0.0386
2026-02-23 21:34:52.032672,-0.4215,0.07655,-0.002108333333333315,0.0386
2026-02-23 21:34:52.032847,-0.4215,0.07655,0.008558333333333352,0.0386
2026-02-23 21:34:52.032979,-0.4215,0.07655,0.008558333333333352,0.0386
2026-02-23 21:34:52.033062,-0.4215,0.07655,0.008558333333333352,0.0386
2026-02-23 21:34:52.033171,-0.4215,0.07655,-0.10809999999999997,0.0386
2026-02-23 21:34:52.033245,-0.4215,0.07655,-0.10809999999999997,0.0386
2026-02-23 21:34:52.033491,-0.4215,0.07655,-0.07038333333333331,0.0386
2026-02-23 21:34:52.033643,-0.4215,0.07655,-0.1437833333333333,0.0386
2026-02-23 21:34:52.286771,0.0,0.07655,-0.17253999999999997,0.0386
2026-02-23 21:34:52.286822,-0.12500000000000028,0.07655,-0.21567499999999995,0.0386
2026-02-23 21:34:52.286909,-0.10045000000000019,0.07655,-0.07136666666666662,0.0386
2026-02-23 21:34:52.286995,-0.07533750000000014,0.07655,-0.10704999999999992,0.0386
2026-02-23 21:34:52.287271,-0.1436300000000001,0.07655,-0.4404,0.0386
2026-02-23 21:34:52.287453,-0.08597500000000009,0.07655,-0.4404,0.0386
2026-02-23 21:34:52.287650,-0.08597500000000009,0.07655,-0.4404,0.0386
2026-02-23 21:34:52.287873,-0.054975000000000086,0.07655,-0.4404,0.0386
2026-02-23 21:34:52.287953,-0.0994500000000001,0.07655,-0.4404,0.0386
2026-02-23 21:34:52.288097,-0.15611666666666676,0.07655,-0.4404,0.0386
2026-02-23 21:34:52.288179,-0.08665000000000007,0.07655,-0.4404,0.0386
2026-02-23 21:34:52.288291,-0.12036666666666677,0.07655,-0.4404,0.0386
2026-02-23 21:34:52.288453,-0.19061666666666677,0.07655,-0.4404,0.0386
2026-02-23 22:13:24.782640,-0.2159400000000001,0.07655,-0.4404,0.0
2026-02-23 22:13:24.782774,-0.19037500000000016,0.07655,-0.4404,-0.2202000000000005
2026-02-23 22:13:24.782920,-0.1405000000000002,0.07655,-0.4404,-0.038400000000000344
2026-02-23 22:13:24.783030,-0.2107500000000003,0.07655,-0.4404,-0.15227500000000027
2026-02-23 22:13:24.783264,-0.4215,0.07655,-0.4404,-0.06718000000000021
2026-02-23 22:13:24.783412,-0.4215,0.07655,-0.4404,-0.010450000000000173
2026-02-23 22:13:24.783672,-0.4215,0.07655,-0.4404,-0.010450000000000173
2026-02-23 22:13:24.783749,-0.4215,0.07655,-0.4404,0.06294999999999983
2026-02-23 22:13:24.783907,-0.4215,0.07655,-0.4404,0.015183333333333165
2026-02-23 22:13:24.783999,-0.4215,0.07655,-0.4404,0.1352166666666665
2026-02-23 22:13:24.784208,-0.4215,0.07655,-0.4404,0.10450833333333316
2026-02-23 22:13:24.784522,-0.4215,0.07655,-0.4404,0.16512499999999983
2026-02-23 22:13:24.784733,-0.4215,0.07655,-0.4404,0.11579166666666652
2026-02-23 22:13:24.784886,-0.4215,0.07655,-0.4404,0.11579166666666652
2026-02-23 22:13:24.785031,-0.4215,0.07655,-0.4404,0.11579166666666652
2026-02-23 22:13:25.117053,-0.4215,-0.25,-0.4404,0.0936899999999998
2026-02-23 22:13:25.117162,-0.4215,-0.12499999999999978,-0.4404,0.09487499999999977
2026-02-23 22:13:25.117260,-0.4215,-0.08333333333333319,-0.4404,-0.08580000000000032
2026-02-23 22:13:25.117545,-0.4215,-0.1816749999999999,-0.4404,0.019299999999999512
2026-02-23 22:13:25.117730,-0.4215,-0.1453399999999999,-0.4404,0.0386
2026-02-23 22:13:25.117969,-0.4215,-0.23106666666666661,-0.4404,0.0386
2026-02-23 22:13:25.118067,-0.4215,-0.18939999999999993,-0.4404,0.0386
2026-02-23 22:13:25.118228,-0.4215,-0.18939999999999993,-0.4404,0.0386
2026-02-23 22:13:25.118310,-0.4215,-0.18939999999999993,-0.4404,0.0386
2026-02-23 22:13:25.118342,-0.4215,-0.10994999999999992,-0.4404,0.0386
2026-02-23 22:13:25.118485,-0.4215,-0.11850833333333326,-0.4404,0.0386
2026-02-23 22:13:25.118647,-0.4215,0.051641666666666745,-0.4404,0.0386
2026-02-23 22:13:25.118839,-0.4215,0.10467500000000007,-0.4404,0.0386
2026-02-23 22:13:25.118969,-0.4215,0.1174333333333334,-0.4404,0.0386
2026-02-23 22:13:25.286472,-0.4215,0.1409200000000001,0.0,0.0386
2026-02-23 22:13:25.286627,-0.4215,0.1761500000000001,0.0,0.0386
2026-02-23 22:13:25.286784,-0.4215,0.2519833333333335,-0.09866666666666662,0.0386
2026-02-23 22:13:25.286930,-0.4215,0.19737500000000022,-0.023424999999999967,0.0386
2026-02-23 22:13:25.287051,-0.4215,0.07655,-0.07793999999999997,0.0386
2026-02-23 22:13:25.287219,-0.4215,0.07655,-0.07561666666666665,0.0386
2026-02-23 22:13:25.287347,-0.4215,0.07655,-0.07561666666666665,0.0386
2026-02-23 22:13:25.287422,-0.4215,0.07655,-0.07561666666666665,0.0386
2026-02-23 22:13:25.287552,-0.4215,0.07655,-0.01772499999999998,0.0386
2026-02-23 22:13:25.287657,-0.4215,0.07655,-0.05144166666666664,0.0386
2026-02-23 22:13:25.287692,-0.4215,0.07655,-0.0021083333333333245,0.0386
2026-02-23 22:13:25.287866,-0.4215,0.07655,0.008558333333333343,0.0386
2026-02-23 22:13:25.287998,-0.4215,0.07655,0.008558333333333343,0.0386
2026-02-23 22:13:25.288081,-0.4215,0.07655,0.008558333333333343,0.0386
2026-02-23 22:13:25.288189,-0.4215,0.07655,-0.10809999999999997,0.0386
2026-02-23 22:13:25.592191,0.3506,0.07655,-0.12971999999999997,0.0386
2026-02-23 22:13:25.592432,0.17529999999999973,0.07655,-0.16214999999999996,0.0386
2026-02-23 22:13:25.592480,0.03353333333333316,0.07655,-0.21619999999999995,0.0386
2026-02-23 22:13:25.592566,0.012312499999999867,0.07655,-0.3242999999999999,0.0386
2026-02-23 22:13:25.592650,0.009849999999999894,0.07655,-0.6486,0.0386
2026-02-23 22:13:25.592924,-0.06125833333333342,0.07655,-0.6486,0.0386
2026-02-23 22:13:25.593099,-0.08597500000000008,0.07655,-0.6486,0.0386
2026-02-23 22:13:25.593307,-0.08597500000000009,0.07655,-0.6486,0.0386
2026-02-23 22:13:25.593525,-0.054975000000000086,0.07655,-0.6486,0.0386
2026-02-23 22:13:25.593605,-0.0994500000000001,0.07655,-0.6486,0.0386
2026-02-23 22:13:25.593755,-0.15611666666666676,0.07655,-0.6486,0.0386
2026-02-23 22:13:25.593837,-0.08665000000000007,0.07655,-0.6486,0.0386
2026-02-23 22:13:25.593946,-0.12036666666666677,0.07655,-0.6486,0.0386
2026-02-23 22:31:19.148777,-0.14444000000000012,0.07655,-0.6486,0.0
2026-02-23 22:31:19.148901,-0.16455000000000017,0.07655,-0.6486,-0.2202000000000005
2026-02-23 22:31:19.149025,-0.11333333333333355,0.07655,-0.6486,-0.038400000000000344
2026-02-23 22:31:19.149120,0.0,0.07655,-0.6486,-0.15227500000000027
2026-02-23 22:31:19.149324,0.0,0.07655,-0.6486,-0.06718000000000021
2026-02-23 22:31:19.149437,0.0,0.07655,-0.6486,-0.010450000000000173
2026-02-23 22:31:19.149681,0.0,0.07655,-0.6486,-0.010450000000000173
2026-02-23 22:31:19.149768,0.0,0.07655,-0.6486,0.06294999999999983
2026-02-23 22:31:19.149923,0.0,0.07655,-0.6486,0.015183333333333165
2026-02-23 22:31:19.150013,0.0,0.07655,-0.6486,0.1352166666666665
2026-02-23 22:31:19.150210,0.0,0.07655,-0.6486,0.10450833333333316
2026-02-23 22:31:19.150475,0.0,0.07655,-0.6486,0.16512499999999983
2026-02-23 22:31:19.150673,0.0,0.07655,-0.6486,0.11579166666666652
2026-02-23 22:31:19.150834,0.0,0.07655,-0.6486,0.11579166666666652
2026-02-23 22:31:19.150975,0.0,0.07655,-0.6486,0.11579166666666652
2026-02-23 22:31:19.384133,0.0,-0.25,-0.6486,0.0936899999999998
2026-02-23 22:31:19.384225,0.0,-0.12499999999999978,-0.6486,0.09487499999999977
2026-02-23 22:31:19.384313,0.0,-0.08333333333333319,-0.6486,-0.08580000000000032
2026-02-23 22:31:19.384555,0.0,-0.1816749999999999,-0.6486,0.019299999999999512
2026-02-23 22:31:19.384720,0.0,-0.1453399999999999,-0.6486,0.0386
2026-02-23 22:31:19.384958,0.0,-0.23106666666666661,-0.6486,0.0386
2026-02-23 22:31:19.385054,0.0,-0.18939999999999993,-0.6486,0.0386
2026-02-23 22:31:19.385210,0.0,-0.18939999999999993,-0.6486,0.0386
2026-02-23 22:31:19.385276,0.0,-0.18939999999999993,-0.6486,0.0386
2026-02-23 22:31:19.385305,0.0,-0.10994999999999992,-0.6486,0.0386
2026-02-23 22:31:19.385435,0.0,-0.11850833333333326,-0.6486,0.0386
2026-02-23 22:31:19.385581,0.0,0.051641666666666745,-0.6486,0.0386
2026-02-23 22:31:19.385763,0.0,0.10467500000000007,-0.6486,0.0386
2026-02-23 22:31:19.385881,0.0,0.1174333333333334,-0.6486,0.0386
2026-02-23 22:31:19.586332,0.0,0.1409200000000001,-0.296,0.0386
2026-02-23 22:31:19.586408,0.0,0.1761500000000001,-0.148,0.0386
2026-02-23 22:31:19.586522,0.0,0.2519833333333335,-0.09866666666666667,0.0386
2026-02-23 22:31:19.586644,0.0,0.19737500000000022,-0.148,0.0386
2026-02-23 22:31:19.586779,0.0,0.07655,-0.07793999999999998,0.0386
2026-02-23 22:31:19.586885,0.0,0.07655,-0.11428333333333333,0.0386
2026-02-23 22:31:19.587031,0.0,0.07655,-0.07561666666666667,0.0386
2026-02-23 22:31:19.587121,0.0,0.07655,-0.07561666666666667,0.0386
2026-02-23 22:31:19.587186,0.0,0.07655,-0.07561666666666667,0.0386
2026-02-23 22:31:19.587301,0.0,0.07655,-0.017725,0.0386
2026-02-23 22:31:19.587393,0.0,0.07655,-0.05144166666666666,0.0386
2026-02-23 22:31:19.587423,0.0,0.07655,-0.0021083333333333427,0.0386
2026-02-23 22:31:19.587576,0.0,0.07655,0.008558333333333324,0.0386
2026-02-23 22:31:19.587691,0.0,0.07655,0.008558333333333324,0.0386
2026-02-23 22:31:19.587778,0.0,0.07655,0.008558333333333324,0.0386
2026-02-23 22:31:19.769586,0.3506,0.07655,0.0,0.0386
2026-02-23 22:31:19.769790,0.17529999999999973,0.07655,0.0,0.0386
2026-02-23 22:31:19.769831,0.03353333333333316,0.07655,0.0,0.0386
2026-02-23 22:31:19.769906,0.012312499999999867,0.07655,0.0,0.0386
2026-02-23 22:31:19.769986,0.009849999999999894,0.07655,0.0,0.0386
2026-02-23 22:31:19.770247,-0.06125833333333342,0.07655,0.0,0.0386
2026-02-23 22:31:19.770402,-0.08597500000000008,0.07655,0.0,0.0386
2026-02-23 22:31:19.770596,-0.08597500000000009,0.07655,0.0,0.0386
2026-02-23 22:31:19.770820,-0.054975000000000086,0.07655,0.0,0.0386
2026-02-23 22:31:19.770896,-0.0994500000000001,0.07655,0.0,0.0386
2026-02-23 22:31:19.771039,-0.15611666666666676,0.07655,0.0,0.0386
2026-02-23 22:31:19.771119,-0.08665000000000007,0.07655,0.0,0.0386
2026-02-23 22:31:19.771225,-0.12036666666666677,0.07655,0.0,0.0386
2026-02-24 14:44:29.490799,-0.14444000000000012,0.07655,0.0,0.2732
2026-02-24 14:44:29.490886,-0.16455000000000017,0.07655,0.0,0.1365999999999995
2026-02-24 14:44:29.490998,-0.11333333333333355,0.07655,0.0,-0.05573333333333367
2026-02-24 14:44:29.491123,0.0,0.07655,0.0,0.039499999999999744
2026-02-24 14:44:29.491227,0.0,0.07655,0.0,-0.06718000000000021
2026-02-24 14:44:29.491453,0.0,0.07655,0.0,-0.010450000000000173
2026-02-24 14:44:29.491593,0.0,0.07655,0.0,-0.010450000000000173
2026-02-24 14:44:29.491851,0.0,0.07655,0.0,-0.010450000000000173
2026-02-24 14:44:29.491929,0.0,0.07655,0.0,0.06294999999999983
2026-02-24 14:44:29.492087,0.0,0.07655,0.0,0.015183333333333165
2026-02-24 14:44:29.492179,0.0,0.07655,0.0,0.1352166666666665
2026-02-24 14:44:29.492385,0.0,0.07655,0.0,0.10450833333333316
2026-02-24 14:44:29.492678,0.0,0.07655,0.0,0.16512499999999983
2026-02-24 14:44:29.492880,0.0,0.07655,0.0,0.11579166666666652
2026-02-24 14:44:29.493030,0.0,0.07655,0.0,0.11579166666666652
2026-02-24 14:44:29.611904,0.0,0.0,0.0,0.13122999999999982
2026-02-24 14:44:29.612035,0.0,0.22020000000000023,0.0,0.10746249999999977
2026-02-24 14:44:29.612127,0.0,0.14680000000000015,0.0,0.11363333333333303
2026-02-24 14:44:29.612166,0.0,-0.029249999999999887,0.0,-0.14800000000000046
2026-02-24 14:44:29.612334,0.0,-0.1287399999999999,0.0,0.0
2026-02-24 14:44:29.612455,0.0,-0.10728333333333324,0.0,0.0
2026-02-24 14:44:29.612577,0.0,-0.20018333333333324,0.0,0.0
2026-02-24 14:44:29.612671,0.0,-0.4803583333333332,0.0,0.0
2026-02-24 14:44:29.612841,0.0,-0.38745833333333324,0.0,0.0
2026-02-24 14:44:29.613000,0.0,-0.20677499999999993,0.0,0.0
2026-02-24 14:44:29.613106,0.0,-0.11899166666666659,0.0,0.0
2026-02-24 14:44:29.613279,0.0,-0.07345833333333325,0.0,0.0
2026-02-24 14:44:29.739130,0.0,0.023330000000000094,-0.296,0.0
2026-02-24 14:44:29.739241,0.0,0.3393250000000001,-0.14800000000000002,0.0
2026-02-24 14:44:29.739361,0.0,0.26663333333333344,-0.07315,0.0
2026-02-24 14:44:29.739550,0.0,0.13660000000000022,-0.05486250000000001,0.0
2026-02-24 14:44:29.739819,0.0,0.2732,0.08804999999999999,0.0
2026-02-24 14:44:29.739899,0.0,0.2732,0.07337499999999998,0.0
2026-02-24 14:44:29.740077,0.0,0.2732,0.16824166666666662,0.0
2026-02-24 14:44:29.740161,0.0,0.2732,0.16824166666666662,0.0
2026-02-24 14:44:29.740308,0.0,0.2732,0.25079999999999997,0.0
2026-02-24 14:44:29.740407,0.0,0.2732,0.05029999999999998,0.0
2026-02-24 14:44:29.740439,0.0,0.2732,-0.059650000000000016,0.0
2026-02-24 14:44:29.740565,0.0,0.2732,-0.059650000000000016,0.0
2026-02-24 14:44:29.740640,0.0,0.2732,-0.10518333333333335,0.0
2026-02-24 14:44:29.740703,0.0,0.2732,-0.10518333333333335,0.0
2026-02-24 14:44:29.740894,0.0,0.2732,-0.12710000000000002,0.0
2026-02-24 14:44:29.877171,0.0,0.2732,0.08808,0.0
2026-02-24 14:44:29.877352,-0.01930000000000028,0.2732,0.1101,0.0
2026-02-24 14:44:29.877515,-0.012866666666666852,0.2732,0.1468,0.0
2026-02-24 14:44:29.877660,-0.00965000000000014,0.2732,0.2202,0.0
2026-02-24 14:44:29.877813,-0.007720000000000111,0.2732,0.4404,0.0
2026-02-24 14:44:29.877894,-0.006433333333333426,0.2732,0.4404,0.0
2026-02-24 14:44:29.878114,-0.07668333333333342,0.2732,0.4404,0.0
2026-02-24 14:44:29.878282,-0.07025000000000009,0.2732,0.4404,0.0
2026-02-24 14:44:29.878319,-0.07025000000000009,0.2732,0.4404,0.0
2026-02-24 14:44:29.878435,-0.07025000000000009,0.2732,0.4404,0.0
2026-02-24 14:44:29.878636,-0.15803333333333341,0.2732,0.4404,0.0
2026-02-24 14:44:29.878885,-0.2533500000000001,0.2732,0.4404,0.0
2026-02-24 14:44:29.879074,-0.24391666666666675,0.2732,0.4404,0.0
2026-02-24 14:44:29.879298,-0.1674500000000001,0.2732,0.4404,0.0
2026-02-24 15:46:01.072835,-0.20094000000000012,0.2732,0.4404,0.2732
2026-02-24 15:46:01.072924,-0.25117500000000015,0.2732,0.4404,0.1365999999999995
2026-02-24 15:46:01.073033,-0.15933333333333355,0.2732,0.4404,-0.05573333333333367
2026-02-24 15:46:01.073156,0.04694999999999966,0.2732,0.4404,0.039499999999999744
2026-02-24 15:46:01.073276,0.4588,0.2732,0.4404,-0.06718000000000021
2026-02-24 15:46:01.073493,0.4588,0.2732,0.4404,-0.010450000000000173
2026-02-24 15:46:01.073614,0.4588,0.2732,0.4404,-0.010450000000000173
2026-02-24 15:46:01.073871,0.4588,0.2732,0.4404,-0.010450000000000173
2026-02-24 15:46:01.073947,0.4588,0.2732,0.4404,0.06294999999999983
2026-02-24 15:46:01.074109,0.4588,0.2732,0.4404,0.015183333333333165
2026-02-24 15:46:01.074204,0.4588,0.2732,0.4404,0.1352166666666665
2026-02-24 15:46:01.074428,0.4588,0.2732,0.4404,0.10450833333333316
2026-02-24 15:46:01.074707,0.4588,0.2732,0.4404,0.16512499999999983
2026-02-24 15:46:01.074908,0.4588,0.2732,0.4404,0.11579166666666652
2026-02-24 15:46:01.075058,0.4588,0.2732,0.4404,0.11579166666666652
2026-02-24 15:46:01.218057,0.4588,0.296,0.4404,0.13122999999999982
2026-02-24 15:46:01.218360,0.4588,0.296,0.4404,0.10746249999999977
2026-02-24 15:46:01.218539,0.4588,0.016566666666666802,0.4404,0.11363333333333303
2026-02-24 15:46:01.218671,0.4588,0.012425000000000103,0.4404,-0.14800000000000046
2026-02-24 15:46:01.218796,0.4588,0.09802000000000008,0.4404,0.0
2026-02-24 15:46:01.218891,0.4588,0.0816833333333334,0.4404,0.0
2026-02-24 15:46:01.218928,0.4588,-0.06054999999999993,0.4404,0.0
2026-02-24 15:46:01.219095,0.4588,-0.19766666666666657,0.4404,0.0
2026-02-24 15:46:01.219219,0.4588,-0.10728333333333324,0.4404,0.0
2026-02-24 15:46:01.219341,0.4588,-0.20018333333333324,0.4404,0.0
2026-02-24 15:46:01.219436,0.4588,-0.4803583333333332,0.4404,0.0
2026-02-24 15:46:01.219606,0.4588,-0.38745833333333324,0.4404,0.0
2026-02-24 15:46:01.324806,0.4588,-0.3534699999999999,0.0,0.0
2026-02-24 15:46:01.324947,0.4588,-0.3101624999999999,0.2202,0.0
2026-02-24 15:46:01.325094,0.4588,-0.41354999999999986,-0.01783333333333333,0.0
2026-02-24 15:46:01.325188,0.4588,-0.3416249999999998,-0.013374999999999998,0.0
2026-02-24 15:46:01.325383,0.4588,0.5574,-0.06989999999999999,0.0
2026-02-24 15:46:01.325479,0.4588,0.5574,-0.058249999999999996,0.0
2026-02-24 15:46:01.325590,0.4588,0.5574,-0.04549166666666666,0.0
2026-02-24 15:46:01.325757,0.4588,0.5574,-0.11889166666666666,0.0
2026-02-24 15:46:01.326019,0.4588,0.5574,0.073375,0.0
2026-02-24 15:46:01.326100,0.4588,0.5574,0.073375,0.0
2026-02-24 15:46:01.326294,0.4588,0.5574,0.16824166666666665,0.0
2026-02-24 15:46:01.326381,0.4588,0.5574,0.16824166666666665,0.0
2026-02-24 15:46:01.326527,0.4588,0.5574,0.25079999999999997,0.0
2026-02-24 15:46:01.326623,0.4588,0.5574,0.05029999999999998,0.0
2026-02-24 15:46:01.326655,0.4588,0.5574,-0.059650000000000016,0.0
2026-02-24 15:46:01.467587,0.5423,0.5574,-0.07158000000000002,0.0
2026-02-24 15:46:01.467822,0.6693499999999997,0.5574,-0.15777500000000003,0.0
2026-02-24 15:46:01.468034,0.3475666666666665,0.5574,-0.2103666666666667,0.0
2026-02-24 15:46:01.468124,0.2606749999999999,0.5574,-0.6015,0.0
2026-02-24 15:46:01.468454,0.22632999999999986,0.5574,0.0,0.0
2026-02-24 15:46:01.468819,0.30834166666666657,0.5574,0.0,0.0
2026-02-24 15:46:01.468925,0.21795833333333325,0.5574,0.0,0.0
2026-02-24 15:46:01.469081,0.07879166666666658,0.5574,0.0,0.0
2026-02-24 15:46:01.469222,0.1281249999999999,0.5574,0.0,0.0
2026-02-24 15:46:01.469377,0.1281249999999999,0.5574,0.0,0.0
2026-02-24 15:46:01.469606,0.04304999999999992,0.5574,0.0,0.0
2026-02-24 15:46:01.469688,-0.07668333333333342,0.5574,0.0,0.0
2026-02-24 15:46:01.469839,-0.07668333333333342,0.5574,0.0,0.0
2026-02-24 15:46:01.470016,-0.07025000000000008,0.5574,0.0,0.0
2026-02-24 17:29:30.789960,-0.0843000000000001,0.5574,0.0,0.2732
2026-02-24 17:29:30.790073,-0.10537500000000012,0.5574,0.0,0.1365999999999995
2026-02-24 17:29:30.790227,0.0,0.5574,0.0,-0.05573333333333367
2026-02-24 17:29:30.790404,0.0,0.5574,0.0,0.039499999999999744
2026-02-24 17:29:30.790538,0.0,0.5574,0.0,-0.06718000000000021
2026-02-24 17:29:30.790840,0.0,0.5574,0.0,-0.010450000000000173
2026-02-24 17:29:30.790998,0.0,0.5574,0.0,-0.010450000000000173
2026-02-24 17:29:30.791352,0.0,0.5574,0.0,-0.010450000000000173
2026-02-24 17:29:30.791449,0.0,0.5574,0.0,0.06294999999999983
2026-02-24 17:29:30.791627,0.0,0.5574,0.0,0.015183333333333165
2026-02-24 17:29:30.791740,0.0,0.5574,0.0,0.1352166666666665
2026-02-24 17:29:30.791970,0.0,0.5574,0.0,0.10450833333333316
2026-02-24 17:29:30.792281,0.0,0.5574,0.0,0.16512499999999983
2026-02-24 17:29:30.792502,0.0,0.5574,0.0,0.11579166666666652
2026-02-24 17:29:30.792658,0.0,0.5574,0.0,0.11579166666666652
2026-02-24 17:29:30.920056,0.0,-0.7845,0.0,0.13122999999999982
2026-02-24 17:29:30.920382,0.0,-0.3922499999999997,0.0,0.10746249999999977
2026-02-24 17:29:30.920577,0.0,-0.1146999999999998,0.0,0.11363333333333303
2026-02-24 17:29:30.920789,0.0,-0.18147499999999983,0.0,-0.14800000000000046
2026-02-24 17:29:30.921029,0.0,-0.4109799999999998,0.0,0.0
2026-02-24 17:29:30.921251,0.0,-0.4423833333333332,0.0,0.0
2026-02-24 17:29:30.921412,0.0,-0.32019166666666654,0.0,0.0
2026-02-24 17:29:30.921560,0.0,-0.2532083333333332,0.0,0.0
2026-02-24 17:29:30.921664,0.0,-0.27727499999999994,0.0,0.0
2026-02-24 17:29:30.921939,0.0,-0.16430833333333325,0.0,0.0
2026-02-24 17:29:30.922102,0.0,-0.033191666666666585,0.0,0.0
2026-02-24 17:29:30.922217,0.0,0.06670833333333342,0.0,0.0
2026-02-24 17:29:31.041702,0.0,0.09032000000000011,0.0,0.0
2026-02-24 17:29:31.041974,0.0,0.012425000000000144,-0.2997,0.0
2026-02-24 17:29:31.042014,0.0,-0.0820999999999998,-0.1998,0.0
2026-02-24 17:29:31.042244,0.0,-0.27114999999999967,-0.1434,0.0
2026-02-24 17:29:31.042316,0.0,0.0,-0.11472,0.0
2026-02-24 17:29:31.042375,0.0,0.0,-0.0956,0.0
2026-02-24 17:29:31.042406,0.0,0.0,-0.0956,0.0
2026-02-24 17:29:31.042566,0.0,0.0,0.0043,0.0
2026-02-24 17:29:31.042724,0.0,0.0,0.0777,0.0
2026-02-24 17:29:31.042886,0.0,0.0,-0.008916666666666665,0.0
2026-02-24 17:29:31.042979,0.0,0.0,-0.008916666666666668,0.0
2026-02-24 17:29:31.043147,0.0,0.0,-0.058249999999999996,0.0
2026-02-24 17:29:31.043237,0.0,0.0,-0.058249999999999996,0.0
2026-02-24 17:29:31.043346,0.0,0.0,-0.04549166666666666,0.0
2026-02-24 17:29:31.043512,0.0,0.0,-0.11889166666666666,0.0
2026-02-24 17:29:31.177134,0.0,0.0,-0.04389,0.0
2026-02-24 17:29:31.177335,0.15909999999999974,0.0,-0.054862499999999995,0.0
2026-02-24 17:29:31.177591,-0.09373333333333352,0.0,0.02551666666666667,0.0
2026-02-24 17:29:31.177753,-0.08630000000000014,0.0,0.038275,0.0
2026-02-24 17:29:31.178228,-0.17750000000000013,0.0,0.0,0.0
2026-02-24 17:29:31.178343,-0.14791666666666678,0.0,0.0,0.0
2026-02-24 17:29:31.178454,-0.14791666666666678,0.0,0.0,0.0
2026-02-24 17:29:31.178558,-0.2009500000000001,0.0,0.0,0.0
2026-02-24 17:29:31.178773,-0.20720000000000008,0.0,0.0,0.0
2026-02-24 17:29:31.178947,-0.2759833333333334,0.0,0.0,0.0
2026-02-24 17:29:31.179135,-0.27338333333333337,0.0,0.0,0.0
2026-02-24 17:29:31.179391,-0.4854083333333334,0.0,0.0,0.0
2026-02-24 17:29:31.179626,-0.421775,0.0,0.0,0.0
2026-02-24 17:29:31.179749,-0.5121583333333334,0.0,0.0,0.0
2026-02-24 17:51:04.532588,-0.48721000000000014,0.0,0.0,0.2732
2026-02-24 17:51:04.532682,-0.48983750000000015,0.0,0.0,0.1365999999999995
2026-02-24 17:51:04.532789,-0.4775500000000002,0.0,0.0,-0.05573333333333367
2026-02-24 17:51:04.532916,-0.08025000000000038,0.0,0.0,0.039499999999999744
2026-02-24 17:51:04.533019,-0.5423,0.0,0.0,-0.06718000000000021
2026-02-24 17:51:04.533232,-0.5423,0.0,0.0,-0.010450000000000173
2026-02-24 17:51:04.533401,-0.5423,0.0,0.0,-0.010450000000000173
2026-02-24 17:51:04.533663,-0.5423,0.0,0.0,-0.010450000000000173
2026-02-24 17:51:04.533742,-0.5423,0.0,0.0,0.06294999999999983
2026-02-24 17:51:04.533901,-0.5423,0.0,0.0,0.015183333333333165
2026-02-24 17:51:04.533997,-0.5423,0.0,0.0,0.1352166666666665
2026-02-24 17:51:04.534208,-0.5423,0.0,0.0,0.10450833333333316
2026-02-24 17:51:04.534506,-0.5423,0.0,0.0,0.16512499999999983
2026-02-24 17:51:04.534711,-0.5423,0.0,0.0,0.11579166666666652
2026-02-24 17:51:04.534863,-0.5423,0.0,0.0,0.11579166666666652
2026-02-24 17:51:04.669428,-0.5423,-0.7845,0.0,0.13122999999999982
2026-02-24 17:51:04.669700,-0.5423,-0.39224999999999965,0.0,0.10746249999999977
2026-02-24 17:51:04.669866,-0.5423,-0.11469999999999976,0.0,0.11363333333333303
2026-02-24 17:51:04.670036,-0.5423,-0.18147499999999983,0.0,-0.14800000000000046
2026-02-24 17:51:04.670267,-0.5423,-0.4109799999999998,0.0,0.0
2026-02-24 17:51:04.670489,-0.5423,-0.4423833333333332,0.0,0.0
2026-02-24 17:51:04.670643,-0.5423,-0.32019166666666654,0.0,0.0
2026-02-24 17:51:04.670784,-0.5423,-0.2532083333333332,0.0,0.0
2026-02-24 17:51:04.670886,-0.5423,-0.27727499999999994,0.0,0.0
2026-02-24 17:51:04.671150,-0.5423,-0.16430833333333325,0.0,0.0
2026-02-24 17:51:04.671320,-0.5423,-0.033191666666666585,0.0,0.0
2026-02-24 17:51:04.671457,-0.5423,0.06670833333333342,0.0,0.0
2026-02-24 17:51:04.780851,-0.5423,0.09032000000000011,0.0,0.0
2026-02-24 17:51:04.781063,-0.5423,0.012425000000000144,-0.2997,0.0
2026-02-24 17:51:04.781102,-0.5423,-0.0820999999999998,-0.1998,0.0
2026-02-24 17:51:04.781297,-0.5423,-0.27114999999999967,-0.1434,0.0
2026-02-24 17:51:04.781379,-0.5423,0.0,-0.11472,0.0
2026-02-24 17:51:04.781432,-0.5423,0.0,-0.0956,0.0
2026-02-24 17:51:04.781460,-0.5423,0.0,-0.0956,0.0
2026-02-24 17:51:04.781603,-0.5423,0.0,0.0043,0.0
2026-02-24 17:51:04.781723,-0.5423,0.0,0.0777,0.0
2026-02-24 17:51:04.781857,-0.5423,0.0,-0.008916666666666665,0.0
2026-02-24 17:51:04.781945,-0.5423,0.0,-0.008916666666666668,0.0
2026-02-24 17:51:04.782150,-0.5423,0.0,-0.058249999999999996,0.0
2026-02-24 17:51:04.782246,-0.5423,0.0,-0.058249999999999996,0.0
2026-02-24 17:51:04.782371,-0.5423,0.0,-0.04549166666666666,0.0
2026-02-24 17:51:04.782541,-0.5423,0.0,-0.11889166666666666,0.0
2026-02-24 17:51:04.939483,0.0129,0.0,-0.04389,0.0
2026-02-24 17:51:04.939651,-0.3437000000000002,0.0,-0.054862499999999995,0.0
2026-02-24 17:51:04.939773,-0.10186666666666683,0.0,0.02551666666666667,0.0
2026-02-24 17:51:04.939844,-0.07640000000000012,0.0,0.038275,0.0
2026-02-24 17:51:04.939998,0.0025199999999999,0.0,0.0,0.0
2026-02-24 17:51:04.940201,-0.0978000000000001,0.0,0.0,0.0
2026-02-24 17:51:04.940326,-0.11061666666666677,0.0,0.0,0.0
2026-02-24 17:51:04.940732,-0.08428333333333343,0.0,0.0,0.0
2026-02-24 17:51:04.940850,-0.14791666666666678,0.0,0.0,0.0
2026-02-24 17:51:04.940962,-0.14791666666666678,0.0,0.0,0.0
2026-02-24 17:51:04.941065,-0.2009500000000001,0.0,0.0,0.0
2026-02-24 17:51:04.941265,-0.20720000000000008,0.0,0.0,0.0
2026-02-24 17:51:04.941447,-0.2759833333333334,0.0,0.0,0.0
2026-02-24 17:51:04.941632,-0.27338333333333337,0.0,0.0,0.0
2026-02-24 18:46:34.567848,-0.3280600000000001,0.0,0.0,0.2732
2026-02-24 18:46:34.567934,-0.4100750000000001,0.0,0.0,0.1365999999999995
2026-02-24 18:46:34.568043,-0.5467666666666667,0.0,0.0,-0.05573333333333367
2026-02-24 18:46:34.568164,-0.5017000000000001,0.0,0.0,0.039499999999999744
2026-02-24 18:46:34.568263,-0.5267,0.0,0.0,-0.06718000000000021
2026-02-24 18:46:34.568475,-0.5267,0.0,0.0,-0.010450000000000173
2026-02-24 18:46:34.568611,-0.5267,0.0,0.0,-0.010450000000000173
2026-02-24 18:46:34.568869,-0.5267,0.0,0.0,-0.010450000000000173
2026-02-24 18:46:34.568946,-0.5267,0.0,0.0,0.06294999999999983
2026-02-24 18:46:34.569109,-0.5267,0.0,0.0,0.015183333333333165
2026-02-24 18:46:34.569203,-0.5267,0.0,0.0,0.1352166666666665
2026-02-24 18:46:34.569412,-0.5267,0.0,0.0,0.10450833333333316
2026-02-24 18:46:34.569706,-0.5267,0.0,0.0,0.16512499999999983
2026-02-24 18:46:34.569909,-0.5267,0.0,0.0,0.11579166666666652
2026-02-24 18:46:34.570061,-0.5267,0.0,0.0,0.11579166666666652
2026-02-24 18:46:34.708987,-0.5267,-0.7845,0.0,0.13122999999999982
2026-02-24 18:46:34.709243,-0.5267,-0.39224999999999965,0.0,0.10746249999999977
2026-02-24 18:46:34.709398,-0.5267,-0.11469999999999976,0.0,0.11363333333333303
2026-02-24 18:46:34.709616,-0.5267,-0.18147499999999983,0.0,-0.14800000000000046
2026-02-24 18:46:34.709887,-0.5267,-0.4109799999999998,0.0,0.0
2026-02-24 18:46:34.710091,-0.5267,-0.4423833333333332,0.0,0.0
2026-02-24 18:46:34.710235,-0.5267,-0.32019166666666654,0.0,0.0
2026-02-24 18:46:34.710370,-0.5267,-0.2532083333333332,0.0,0.0
2026-02-24 18:46:34.710467,-0.5267,-0.27727499999999994,0.0,0.0
2026-02-24 18:46:34.710750,-0.5267,-0.16430833333333325,0.0,0.0
2026-02-24 18:46:34.710915,-0.5267,-0.033191666666666585,0.0,0.0
2026-02-24 18:46:34.711033,-0.5267,0.06670833333333342,0.0,0.0
2026-02-24 18:46:34.847705,-0.5267,0.09032000000000011,0.5622,0.0
2026-02-24 18:46:34.847862,-0.5267,0.012425000000000144,0.495,0.0
2026-02-24 18:46:34.847892,-0.5267,-0.0820999999999998,0.33,0.0
2026-02-24 18:46:34.848067,-0.5267,-0.27114999999999967,0.09765000000000001,0.0
2026-02-24 18:46:34.848100,-0.5267,0.0,0.07812000000000001,0.0
2026-02-24 18:46:34.848290,-0.5267,0.0,0.0694,0.0
2026-02-24 18:46:34.848352,-0.5267,0.0,-0.0243,0.0
2026-02-24 18:46:34.848402,-0.5267,0.0,-0.0956,0.0
2026-02-24 18:46:34.848429,-0.5267,0.0,-0.0956,0.0
2026-02-24 18:46:34.848576,-0.5267,0.0,0.0043000000000000095,0.0
2026-02-24 18:46:34.848701,-0.5267,0.0,0.0777,0.0
2026-02-24 18:46:34.848835,-0.5267,0.0,-0.008916666666666656,0.0
2026-02-24 18:46:34.848924,-0.5267,0.0,-0.008916666666666658,0.0
2026-02-24 18:46:34.849090,-0.5267,0.0,-0.05824999999999999,0.0
2026-02-24 18:46:34.849181,-0.5267,0.0,-0.05824999999999999,0.0
2026-02-24 18:46:34.992509,-0.5719,0.0,-0.06989999999999999,0.0
2026-02-24 18:46:34.992691,-0.2795000000000002,0.0,-0.19747499999999998,0.0
2026-02-24 18:46:34.992820,-0.11183333333333347,0.0,-0.09866666666666664,0.0
2026-02-24 18:46:34.992881,0.030824999999999894,0.0,-0.14799999999999996,0.0
2026-02-24 18:46:34.993081,0.10101999999999992,0.0,0.0,0.0
2026-02-24 18:46:34.993309,0.018866666666666587,0.0,0.0,0.0
2026-02-24 18:46:34.993772,0.31438333333333324,0.0,0.0,0.0
2026-02-24 18:46:34.993886,0.31438333333333324,0.0,0.0,0.0
2026-02-24 18:46:34.994033,0.16041666666666657,0.0,0.0,0.0
2026-02-24 18:46:34.994147,0.1475833333333332,0.0,0.0,0.0
2026-02-24 18:46:34.994211,0.0839499999999999,0.0,0.0,0.0
2026-02-24 18:46:34.994374,0.20229999999999992,0.0,0.0,0.0
2026-02-24 18:46:34.994587,-0.09780000000000011,0.0,0.0,0.0
2026-02-24 18:46:34.994706,-0.11061666666666677,0.0,0.0,0.0
2026-02-24 19:43:49.107819,0.007319999999999882,0.0,0.0,0.2732
2026-02-24 19:43:49.107910,-0.08630000000000014,0.0,0.0,0.1365999999999995
2026-02-24 19:43:49.108024,-0.11506666666666686,0.0,0.0,-0.05573333333333367
2026-02-24 19:43:49.108148,-0.3317000000000003,0.0,0.0,0.039499999999999744
2026-02-24 19:43:49.108249,-0.064,0.0,0.0,-0.06718000000000021
2026-02-24 19:43:49.108460,-0.064,0.0,0.0,-0.010450000000000173
2026-02-24 19:43:49.108578,-0.064,0.0,0.0,-0.010450000000000173
2026-02-24 19:43:49.108851,-0.064,0.0,0.0,-0.010450000000000173
2026-02-24 19:43:49.108927,-0.064,0.0,0.0,0.06294999999999983
2026-02-24 19:43:49.109089,-0.064,0.0,0.0,0.015183333333333165
2026-02-24 19:43:49.109187,-0.064,0.0,0.0,0.1352166666666665
2026-02-24 19:43:49.109394,-0.064,0.0,0.0,0.10450833333333316
2026-02-24 19:43:49.109686,-0.064,0.0,0.0,0.16512499999999983
2026-02-24 19:43:49.109888,-0.064,0.0,0.0,0.11579166666666652
2026-02-24 19:43:49.110040,-0.064,0.0,0.0,0.11579166666666652
2026-02-24 19:43:49.258673,-0.064,-0.7845,0.0,0.13122999999999982
2026-02-24 19:43:49.258937,-0.064,-0.39224999999999965,0.0,0.10746249999999977
2026-02-24 19:43:49.259095,-0.064,-0.11469999999999976,0.0,0.11363333333333303
2026-02-24 19:43:49.259267,-0.064,-0.18147499999999983,0.0,-0.14800000000000046
2026-02-24 19:43:49.259487,-0.064,-0.4109799999999998,0.0,0.0
2026-02-24 19:43:49.259705,-0.064,-0.4423833333333332,0.0,0.0
2026-02-24 19:43:49.259857,-0.064,-0.32019166666666654,0.0,0.0
2026-02-24 19:43:49.260030,-0.064,-0.2532083333333332,0.0,0.0
2026-02-24 19:43:49.260134,-0.064,-0.27727499999999994,0.0,0.0
2026-02-24 19:43:49.260399,-0.064,-0.16430833333333325,0.0,0.0
2026-02-24 19:43:49.260564,-0.064,-0.033191666666666585,0.0,0.0
2026-02-24 19:43:49.260699,-0.064,0.06670833333333342,0.0,0.0
2026-02-24 19:43:49.421091,-0.064,0.09032000000000011,0.0,0.0
2026-02-24 19:43:49.421173,-0.064,0.012425000000000144,-0.29969999999999997,0.0
2026-02-24 19:43:49.421249,-0.064,-0.0820999999999998,-0.1998,0.0
2026-02-24 19:43:49.421379,-0.064,-0.27114999999999967,-0.009300000000000003,0.0
2026-02-24 19:43:49.421517,-0.064,0.0,0.07812,0.0
2026-02-24 19:43:49.421547,-0.064,0.0,0.0651,0.0
2026-02-24 19:43:49.421734,-0.064,0.0,-0.034800000000000005,0.0
2026-02-24 19:43:49.421768,-0.064,0.0,0.0651,0.0
2026-02-24 19:43:49.421959,-0.064,0.0,0.0694,0.0
2026-02-24 19:43:49.422021,-0.064,0.0,-0.024300000000000006,0.0
2026-02-24 19:43:49.422071,-0.064,0.0,-0.09560000000000002,0.0
2026-02-24 19:43:49.422097,-0.064,0.0,-0.09560000000000002,0.0
2026-02-24 19:43:49.422233,-0.064,0.0,0.0043000000000000095,0.0
2026-02-24 19:43:49.422353,-0.064,0.0,0.0777,0.0
2026-02-24 19:43:49.422487,-0.064,0.0,-0.008916666666666656,0.0
2026-02-24 19:43:49.607680,0.0,0.0,-0.01069999999999999,0.0
2026-02-24 19:43:49.607893,-0.01930000000000028,0.0,-0.013374999999999988,0.0
2026-02-24 19:43:49.607966,-0.012866666666666852,0.0,-0.017833333333333316,0.0
2026-02-24 19:43:49.608076,-0.15950000000000014,0.0,-0.026749999999999975,0.0
2026-02-24 19:43:49.608231,-0.24198000000000014,0.0,-0.4939,0.0
2026-02-24 19:43:49.608379,-0.1995000000000001,0.0,-0.4939,0.0
2026-02-24 19:43:49.608494,-0.1622500000000001,0.0,-0.4939,0.0
2026-02-24 19:43:49.608550,-0.0793500000000001,0.0,-0.4939,0.0
2026-02-24 19:43:49.608755,-0.015716666666666757,0.0,-0.4939,0.0
2026-02-24 19:43:49.608982,0.01886666666666657,0.0,-0.4939,0.0
2026-02-24 19:43:49.609425,0.31438333333333324,0.0,-0.4939,0.0
2026-02-24 19:43:49.609536,0.31438333333333324,0.0,-0.4939,0.0
2026-02-24 19:43:49.609693,0.16041666666666657,0.0,-0.4939,0.0
2026-02-24 19:43:49.609807,0.1475833333333332,0.0,-0.4939,0.0
2026-02-24 20:23:50.725089,0.10073999999999987,0.0,-0.4939,0.2732
2026-02-24 20:23:50.725178,0.22389999999999985,0.0,-0.4939,0.1365999999999995
2026-02-24 20:23:50.725290,-0.10186666666666688,0.0,-0.4939,-0.05573333333333367
2026-02-24 20:23:50.725413,-0.15925000000000034,0.0,-0.4939,0.039499999999999744
2026-02-24 20:23:50.725516,0.3818,0.0,-0.4939,-0.06718000000000021
2026-02-24 20:23:50.725732,0.3818,0.0,-0.4939,-0.010450000000000173
2026-02-24 20:23:50.725868,0.3818,0.0,-0.4939,-0.010450000000000173
2026-02-24 20:23:50.726126,0.3818,0.0,-0.4939,-0.010450000000000173
2026-02-24 20:23:50.726201,0.3818,0.0,-0.4939,0.06294999999999983
2026-02-24 20:23:50.726366,0.3818,0.0,-0.4939,0.015183333333333165
2026-02-24 20:23:50.726461,0.3818,0.0,-0.4939,0.1352166666666665
2026-02-24 20:23:50.726669,0.3818,0.0,-0.4939,0.10450833333333316
2026-02-24 20:23:50.726966,0.3818,0.0,-0.4939,0.16512499999999983
2026-02-24 20:23:50.727172,0.3818,0.0,-0.4939,0.11579166666666652
2026-02-24 20:23:50.727323,0.3818,0.0,-0.4939,0.11579166666666652
2026-02-24 20:23:51.007902,0.3818,-0.7184,-0.4939,0.13122999999999982
2026-02-24 20:23:51.008032,0.3818,-0.5071999999999997,-0.4939,0.10746249999999977
2026-02-24 20:23:51.008193,0.3818,-0.5996333333333331,-0.4939,0.11363333333333303
2026-02-24 20:23:51.008425,0.3818,-0.4497249999999998,-0.4939,-0.14800000000000046
2026-02-24 20:23:51.008578,0.3818,-0.2716999999999999,-0.4939,0.0
2026-02-24 20:23:51.008738,0.3818,-0.29004999999999986,-0.4939,0.0
2026-02-24 20:23:51.008969,0.3818,-0.39181666666666654,-0.4939,0.0
2026-02-24 20:23:51.009165,0.3818,-0.4423833333333332,-0.4939,0.0
2026-02-24 20:23:51.009311,0.3818,-0.32019166666666654,-0.4939,0.0
2026-02-24 20:23:51.009443,0.3818,-0.2532083333333332,-0.4939,0.0
2026-02-24 20:23:51.009540,0.3818,-0.27727499999999994,-0.4939,0.0
2026-02-24 20:23:51.009806,0.3818,-0.16430833333333325,-0.4939,0.0
2026-02-24 20:23:51.009964,0.3818,-0.033191666666666585,-0.4939,0.0
2026-02-24 20:23:51.164588,0.3818,0.08005000000000011,0.0,0.0
2026-02-24 20:23:51.164672,0.3818,0.11290000000000014,-0.29969999999999997,0.0
2026-02-24 20:23:51.164761,0.3818,0.016566666666666858,-0.1998,0.0
2026-02-24 20:23:51.164894,0.3818,-0.1231499999999997,-0.009300000000000003,0.0
2026-02-24 20:23:51.165029,0.3818,-0.5423,0.07812,0.0
2026-02-24 20:23:51.165057,0.3818,-0.5423,0.0651,0.0
2026-02-24 20:23:51.165226,0.3818,-0.5423,-0.034800000000000005,0.0
2026-02-24 20:23:51.165258,0.3818,-0.5423,0.0651,0.0
2026-02-24 20:23:51.165442,0.3818,-0.5423,0.0694,0.0
2026-02-24 20:23:51.165503,0.3818,-0.5423,-0.024300000000000006,0.0
2026-02-24 20:23:51.165571,0.3818,-0.5423,-0.09560000000000002,0.0
2026-02-24 20:23:51.165610,0.3818,-0.5423,-0.09560000000000002,0.0
2026-02-24 20:23:51.165770,0.3818,-0.5423,0.0043000000000000095,0.0
2026-02-24 20:23:51.165892,0.3818,-0.5423,0.0777,0.0
2026-02-24 20:23:51.166023,0.3818,-0.5423,-0.008916666666666656,0.0
2026-02-24 20:23:51.322615,0.5106,-0.5423,-0.01069999999999999,0.0
2026-02-24 20:23:51.322721,-0.14290000000000025,-0.5423,-0.013374999999999988,0.0
2026-02-24 20:23:51.322980,-0.09526666666666683,-0.5423,-0.017833333333333316,0.0
2026-02-24 20:23:51.323181,-0.08110000000000013,-0.5423,-0.026749999999999975,0.0
2026-02-24 20:23:51.323251,-0.0648800000000001,-0.5423,-0.4939,0.0
2026-02-24 20:23:51.323358,-0.15396666666666678,-0.5423,-0.4939,0.0
2026-02-24 20:23:51.323509,-0.3343833333333334,-0.5423,-0.4939,0.0
2026-02-24 20:23:51.323654,-0.19950000000000012,-0.5423,-0.4939,0.0
2026-02-24 20:23:51.323784,-0.1622500000000001,-0.5423,-0.4939,0.0
2026-02-24 20:23:51.323841,-0.0793500000000001,-0.5423,-0.4939,0.0
2026-02-24 20:23:51.324028,-0.015716666666666757,-0.5423,-0.4939,0.0
2026-02-24 20:23:51.324247,0.01886666666666657,-0.5423,-0.4939,0.0
2026-02-24 20:23:51.324690,0.31438333333333324,-0.5423,-0.4939,0.0
2026-02-24 21:25:08.355767,0.3746799999999999,-0.5423,-0.4939,0.2732
2026-02-24 21:25:08.355871,0.41247499999999987,-0.5423,-0.4939,0.1365999999999995
2026-02-24 21:25:08.355987,0.3970333333333331,-0.5423,-0.4939,-0.05573333333333367
2026-02-24 21:25:08.356115,0.40464999999999973,-0.5423,-0.4939,0.039499999999999744
2026-02-24 21:25:08.356224,1.2012,-0.5423,-0.4939,-0.06718000000000021
2026-02-24 21:25:08.356448,1.2012,-0.5423,-0.4939,-0.010450000000000173
2026-02-24 21:25:08.356585,1.2012,-0.5423,-0.4939,-0.010450000000000173
2026-02-24 21:25:08.356854,1.2012,-0.5423,-0.4939,-0.010450000000000173
2026-02-24 21:25:08.356931,1.2012,-0.5423,-0.4939,0.06294999999999983
2026-02-24 21:25:08.357095,1.2012,-0.5423,-0.4939,0.015183333333333165
2026-02-24 21:25:08.357191,1.2012,-0.5423,-0.4939,0.1352166666666665
2026-02-24 21:25:08.357405,1.2012,-0.5423,-0.4939,0.10450833333333316
2026-02-24 21:25:08.357706,1.2012,-0.5423,-0.4939,0.16512499999999983
2026-02-24 21:25:08.357916,1.2012,-0.5423,-0.4939,0.11579166666666652
2026-02-24 21:25:08.358071,1.2012,-0.5423,-0.4939,0.11579166666666652
2026-02-24 21:25:08.525363,1.2012,-0.7184,-0.4939,0.13122999999999982
2026-02-24 21:25:08.525712,1.2012,-0.7184,-0.4939,0.10746249999999977
2026-02-24 21:25:08.525837,1.2012,-0.5775999999999998,-0.4939,0.11363333333333303
2026-02-24 21:25:08.526062,1.2012,-0.6293249999999999,-0.4939,-0.14800000000000046
2026-02-24 21:25:08.526306,1.2012,-0.5034599999999999,-0.4939,0.0
2026-02-24 21:25:08.526460,1.2012,-0.3461499999999999,-0.4939,0.0
2026-02-24 21:25:08.526643,1.2012,-0.2900499999999999,-0.4939,0.0
2026-02-24 21:25:08.526870,1.2012,-0.39181666666666654,-0.4939,0.0
2026-02-24 21:25:08.527070,1.2012,-0.4423833333333333,-0.4939,0.0
2026-02-24 21:25:08.527221,1.2012,-0.32019166666666654,-0.4939,0.0
2026-02-24 21:25:08.527356,1.2012,-0.2532083333333332,-0.4939,0.0
2026-02-24 21:25:08.527455,1.2012,-0.27727499999999994,-0.4939,0.0
2026-02-24 21:25:08.527727,1.2012,-0.16430833333333325,-0.4939,0.0
2026-02-24 21:25:08.527890,1.2012,-0.033191666666666585,-0.4939,0.0
2026-02-24 21:25:08.694095,1.2012,0.08005000000000011,0.0,0.0
2026-02-24 21:25:08.694243,1.2012,0.11290000000000014,-0.14799999999999996,0.0
2026-02-24 21:25:08.694327,1.2012,0.016566666666666858,-0.09866666666666664,0.0
2026-02-24 21:25:08.694422,1.2012,-0.1231499999999997,-0.07399999999999998,0.0
2026-02-24 21:25:08.694494,1.2012,-0.5423,-0.17908,0.0
2026-02-24 21:25:08.694583,1.2012,-0.5423,-0.14923333333333333,0.0
2026-02-24 21:25:08.694718,1.2012,-0.5423,-0.05553333333333332,0.0
2026-02-24 21:25:08.694853,1.2012,-0.5423,0.0651,0.0
2026-02-24 21:25:08.694880,1.2012,-0.5423,0.0651,0.0
2026-02-24 21:25:08.695049,1.2012,-0.5423,-0.0348,0.0
2026-02-24 21:25:08.695083,1.2012,-0.5423,0.0651,0.0
2026-02-24 21:25:08.695273,1.2012,-0.5423,0.0694,0.0
2026-02-24 21:25:08.695335,1.2012,-0.5423,-0.0243,0.0
2026-02-24 21:25:08.695383,1.2012,-0.5423,-0.0956,0.0
2026-02-24 21:25:08.695411,1.2012,-0.5423,-0.0956,0.0
2026-02-24 21:25:08.893405,0.0,-0.5423,0.005160000000000009,0.0
2026-02-24 21:25:08.893701,0.13659999999999978,-0.5423,0.006450000000000011,0.0
2026-02-24 21:25:08.893811,0.09106666666666652,-0.5423,0.0,0.0
2026-02-24 21:25:08.894024,0.12487499999999989,-0.5423,0.0,0.0
2026-02-24 21:25:08.894328,0.1941199999999999,-0.5423,0.0,0.0
2026-02-24 21:25:08.894470,0.2468666666666666,-0.5423,0.0,0.0
2026-02-24 21:25:08.894573,0.11413333333333327,-0.5423,0.0,0.0
2026-02-24 21:25:08.894800,0.06859999999999994,-0.5423,0.0,0.0
2026-02-24 21:25:08.894994,0.0621666666666666,-0.5423,0.0,0.0
2026-02-24 21:25:08.895061,0.02444999999999994,-0.5423,0.0,0.0
2026-02-24 21:25:08.895172,-0.15396666666666672,-0.5423,0.0,0.0
2026-02-24 21:25:08.895323,-0.3343833333333334,-0.5423,0.0,0.0
2026-02-24 21:25:08.895470,-0.1995000000000001,-0.5423,0.0,0.0
2026-02-24 22:23:21.886255,-0.2394000000000001,-0.5423,0.0,0.2732
2026-02-24 22:23:21.886337,-0.28960000000000014,-0.5423,0.0,0.1365999999999995
2026-02-24 22:23:21.886442,-0.3861333333333335,-0.5423,0.0,-0.05573333333333367
2026-02-24 22:23:21.886559,-0.27950000000000025,-0.5423,0.0,0.039499999999999744
2026-02-24 22:23:21.886655,0.0129,-0.5423,0.0,-0.06718000000000021
2026-02-24 22:23:21.886884,0.0129,-0.5423,0.0,-0.010450000000000173
2026-02-24 22:23:21.887005,0.0129,-0.5423,0.0,-0.010450000000000173
2026-02-24 22:23:21.887264,0.0129,-0.5423,0.0,-0.010450000000000173
2026-02-24 22:23:21.887339,0.0129,-0.5423,0.0,0.06294999999999983
2026-02-24 22:23:21.887509,0.0129,-0.5423,0.0,0.015183333333333165
2026-02-24 22:23:21.887667,0.0129,-0.5423,0.0,0.1352166666666665
2026-02-24 22:23:21.887896,0.0129,-0.5423,0.0,0.10450833333333316
2026-02-24 22:23:21.888183,0.0129,-0.5423,0.0,0.16512499999999983
2026-02-24 22:23:21.888384,0.0129,-0.5423,0.0,0.11579166666666652
2026-02-24 22:23:21.888536,0.0129,-0.5423,0.0,0.11579166666666652
2026-02-24 22:23:22.061157,0.0129,0.0129,0.0,0.13122999999999982
2026-02-24 22:23:22.061329,0.0129,-0.3527499999999997,0.0,0.10746249999999977
2026-02-24 22:23:22.061632,0.0129,-0.4746333333333331,0.0,0.11363333333333303
2026-02-24 22:23:22.061749,0.0129,-0.42997499999999983,0.0,-0.14800000000000046
2026-02-24 22:23:22.061926,0.0129,-0.5008799999999999,0.0,0.0
2026-02-24 22:23:22.062167,0.0129,-0.41739999999999994,0.0,0.0
2026-02-24 22:23:22.062321,0.0129,-0.3461499999999999,0.0,0.0
2026-02-24 22:23:22.062483,0.0129,-0.29004999999999986,0.0,0.0
2026-02-24 22:23:22.062694,0.0129,-0.39181666666666654,0.0,0.0
2026-02-24 22:23:22.062907,0.0129,-0.4423833333333332,0.0,0.0
2026-02-24 22:23:22.063052,0.0129,-0.32019166666666654,0.0,0.0
2026-02-24 22:23:22.063188,0.0129,-0.2532083333333332,0.0,0.0
2026-02-24 22:23:22.063285,0.0129,-0.27727499999999994,0.0,0.0
2026-02-24 22:23:22.063543,0.0129,-0.16430833333333325,0.0,0.0
2026-02-24 22:23:22.063706,0.0129,-0.033191666666666585,0.0,0.0
2026-02-24 22:23:22.424719,0.0129,0.08005000000000011,0.0,0.0
2026-02-24 22:23:22.424847,0.0129,0.11290000000000014,-0.14799999999999996,0.0
2026-02-24 22:23:22.424938,0.0129,0.016566666666666858,-0.09866666666666664,0.0
2026-02-24 22:23:22.425027,0.0129,-0.1231499999999997,-0.07399999999999998,0.0
2026-02-24 22:23:22.425096,0.0129,-0.5423,-0.17908,0.0
2026-02-24 22:23:22.425160,0.0129,-0.5423,-0.14923333333333333,0.0
2026-02-24 22:23:22.425279,0.0129,-0.5423,-0.05553333333333332,0.0
2026-02-24 22:23:22.425408,0.0129,-0.5423,0.0651,0.0
2026-02-24 22:23:22.425433,0.0129,-0.5423,0.0651,0.0
2026-02-24 22:23:22.425595,0.0129,-0.5423,-0.0348,0.0
2026-02-24 22:23:22.425625,0.0129,-0.5423,0.0651,0.0
2026-02-24 22:23:22.425802,0.0129,-0.5423,0.0694,0.0
2026-02-24 22:23:22.425860,0.0129,-0.5423,-0.0243,0.0
2026-02-24 22:23:22.425923,0.0129,-0.5423,-0.0956,0.0
2026-02-24 22:23:22.425948,0.0129,-0.5423,-0.0956,0.0
2026-02-24 22:23:22.606392,0.0,-0.5423,0.005160000000000009,0.0
2026-02-24 22:23:22.606527,-0.21075000000000027,-0.5423,0.006450000000000011,0.0
2026-02-24 22:23:22.606596,-0.03443333333333352,-0.5423,0.0,0.0
2026-02-24 22:23:22.606765,-0.02582500000000014,-0.5423,0.0,0.0
2026-02-24 22:23:22.606951,-0.020660000000000112,-0.5423,0.0,0.0
2026-02-24 22:23:22.607205,0.028316666666666573,-0.5423,0.0,0.0
2026-02-24 22:23:22.607308,0.028316666666666573,-0.5423,0.0,0.0
2026-02-24 22:23:22.607461,0.13628333333333323,-0.5423,0.0,0.0
2026-02-24 22:23:22.607753,0.1617666666666666,-0.5423,0.0,0.0
2026-02-24 22:23:22.607908,0.24686666666666657,-0.5423,0.0,0.0
2026-02-24 22:23:22.607995,0.11413333333333325,-0.5423,0.0,0.0
2026-02-24 22:23:22.608213,0.06859999999999992,-0.5423,0.0,0.0
2026-02-24 22:23:22.608407,0.062166666666666585,-0.5423,0.0,0.0
2026-02-25 14:43:09.229513,0.0293399999999999,-0.5423,0.0,0.2263
2026-02-25 14:43:09.229656,-0.08110000000000013,-0.5423,0.0,0.1131499999999995
2026-02-25 14:43:09.229779,-0.27833333333333354,-0.5423,0.0,0.25099999999999967
2026-02-25 14:43:09.229990,-0.01930000000000026,-0.5423,0.0,0.2565499999999997
2026-02-25 14:43:09.230059,-0.0386,-0.5423,0.0,0.20523999999999978
2026-02-25 14:43:09.230154,-0.0386,-0.5423,0.0,0.09763333333333317
2026-02-25 14:43:09.230266,-0.0386,-0.5423,0.0,0.11411666666666649
2026-02-25 14:43:09.230359,-0.0386,-0.5423,0.0,0.03179999999999983
2026-02-25 14:43:09.230563,-0.0386,-0.5423,0.0,-0.010450000000000162
2026-02-25 14:43:09.230681,-0.0386,-0.5423,0.0,-0.010450000000000162
2026-02-25 14:43:09.230948,-0.0386,-0.5423,0.0,-0.010450000000000162
2026-02-25 14:43:09.231023,-0.0386,-0.5423,0.0,0.06294999999999984
2026-02-25 14:43:09.231179,-0.0386,-0.5423,0.0,0.015183333333333174
2026-02-25 14:43:09.231268,-0.0386,-0.5423,0.0,0.1352166666666665
2026-02-25 14:43:09.231475,-0.0386,-0.5423,0.0,0.10450833333333319
2026-02-25 14:43:09.340927,-0.0386,0.0,0.0,0.07076999999999982
2026-02-25 14:43:09.341015,-0.0386,0.0,0.0,0.08846249999999978
2026-02-25 14:43:09.341141,-0.0386,0.19786666666666688,0.0,0.11794999999999971
2026-02-25 14:43:09.341238,-0.0386,0.14840000000000017,0.0,0.15762499999999954
2026-02-25 14:43:09.341367,-0.0386,0.11872000000000013,0.0,0.08895
2026-02-25 14:43:09.341584,-0.0386,0.10749166666666678,0.0,0.08895
2026-02-25 14:43:09.341697,-0.0386,0.09893333333333344,0.0,0.08895
2026-02-25 14:43:09.341851,-0.0386,0.09893333333333344,0.0,0.08895
2026-02-25 14:43:09.342040,-0.0386,-0.2138749999999999,0.0,0.08895
2026-02-25 14:43:09.342180,-0.0386,-0.29034166666666655,0.0,0.08895
2026-02-25 14:43:09.342278,-0.0386,-0.29034166666666655,0.0,0.08895
2026-02-25 14:43:09.342481,-0.0386,-0.2988999999999999,0.0,0.08895
2026-02-25 14:43:09.474138,-0.0386,-0.34840999999999983,0.0,0.08895
2026-02-25 14:43:09.474247,-0.0386,-0.4355124999999998,0.0,0.08895
2026-02-25 14:43:09.474334,-0.0386,-0.15293333333333306,0.0,0.08895
2026-02-25 14:43:09.474600,-0.0386,0.0,-0.196125,0.08895
2026-02-25 14:43:09.474748,-0.0386,0.0,-0.15689999999999998,0.08895
2026-02-25 14:43:09.474844,-0.0386,0.0,-0.13075,0.08895
2026-02-25 14:43:09.475006,-0.0386,0.0,-0.13075,0.08895
2026-02-25 14:43:09.475139,-0.0386,0.0,-0.04564999999999999,0.08895
2026-02-25 14:43:09.475312,-0.0386,0.0,-0.0039833333333333205,0.08895
2026-02-25 14:43:09.475415,-0.0386,0.0,0.12676666666666667,0.08895
2026-02-25 14:43:09.475628,-0.0386,0.0,0.22208333333333333,0.08895
2026-02-25 14:43:09.475746,-0.0386,0.0,0.22208333333333333,0.08895
2026-02-25 14:43:09.475816,-0.0386,0.0,0.22208333333333333,0.08895
2026-02-25 14:43:09.475952,-0.0386,0.0,0.07335,0.08895
2026-02-25 14:43:09.476192,-0.0386,0.0,0.1542,0.08895
2026-02-25 14:43:09.624507,-0.4019,0.0,0.18504,0.08895
2026-02-25 14:43:09.624720,-0.08780000000000024,0.0,0.08832500000000001,0.08895
2026-02-25 14:43:09.625004,0.1412666666666665,0.0,0.11776666666666669,0.08895
2026-02-25 14:43:09.625125,-0.2067250000000001,0.0,0.17665000000000003,0.08895
2026-02-25 14:43:09.625394,-0.32228000000000007,0.0,0.7351,0.08895
2026-02-25 14:43:09.625622,-0.17325000000000004,0.0,0.7351,0.08895
2026-02-25 14:43:09.625763,-0.1169333333333334,0.0,0.7351,0.08895
2026-02-25 14:43:09.625895,-0.15465000000000007,0.0,0.7351,0.08895
2026-02-25 14:43:09.626101,-0.25455000000000005,0.0,0.7351,0.08895
2026-02-25 14:43:09.626311,0.020883333333333216,0.0,0.7351,0.08895
2026-02-25 14:43:09.626533,0.2597333333333332,0.0,0.7351,0.08895
2026-02-25 14:43:09.626711,0.16441666666666654,0.0,0.7351,0.08895
2026-02-25 14:43:09.626875,0.17508333333333323,0.0,0.7351,0.08895
2026-02-25 14:43:09.627022,0.1665249999999999,0.0,0.7351,0.08895
2026-02-25 14:43:09.627149,0.048258333333333216,0.0,0.7351,0.08895
2026-02-25 16:14:42.577511,-0.022470000000000146,0.0,0.7351,0.2263
2026-02-25 16:14:42.577664,-0.19023750000000017,0.0,0.7351,0.11314999999999954
2026-02-25 16:14:42.577787,-0.2536500000000002,0.0,0.7351,0.25099999999999967
2026-02-25 16:14:42.577987,-0.38047500000000034,0.0,0.7351,0.2565499999999997
2026-02-25 16:14:42.578058,-0.7096,0.0,0.7351,0.20523999999999978
2026-02-25 16:14:42.578158,-0.7096,0.0,0.7351,0.09763333333333317
2026-02-25 16:14:42.578292,-0.7096,0.0,0.7351,0.11411666666666649
2026-02-25 16:14:42.578390,-0.7096,0.0,0.7351,0.03179999999999983
2026-02-25 16:14:42.578606,-0.7096,0.0,0.7351,-0.010450000000000162
2026-02-25 16:14:42.578719,-0.7096,0.0,0.7351,-0.010450000000000162
2026-02-25 16:14:42.578973,-0.7096,0.0,0.7351,-0.010450000000000162
2026-02-25 16:14:42.579048,-0.7096,0.0,0.7351,0.06294999999999984
2026-02-25 16:14:42.579205,-0.7096,0.0,0.7351,0.015183333333333174
2026-02-25 16:14:42.579311,-0.7096,0.0,0.7351,0.1352166666666665
2026-02-25 16:14:42.579517,-0.7096,0.0,0.7351,0.10450833333333319
2026-02-25 16:14:42.712701,-0.7096,0.0,0.7351,0.07076999999999982
2026-02-25 16:14:42.713065,-0.7096,-0.21074999999999966,0.7351,0.08846249999999978
2026-02-25 16:14:42.713273,-0.7096,-0.13619999999999977,0.7351,0.11794999999999971
2026-02-25 16:14:42.713394,-0.7096,-0.20262499999999983,0.7351,0.15762499999999954
2026-02-25 16:14:42.713521,-0.7096,-0.24247999999999986,0.7351,0.08895
2026-02-25 16:14:42.713644,-0.7096,-0.26904999999999984,0.7351,0.08895
2026-02-25 16:14:42.713875,-0.7096,-0.34244999999999987,0.7351,0.08895
2026-02-25 16:14:42.714130,-0.7096,-0.25737499999999985,0.7351,0.08895
2026-02-25 16:14:42.714214,-0.7096,-0.19254166666666653,0.7351,0.08895
2026-02-25 16:14:42.714306,-0.7096,-0.058574999999999884,0.7351,0.08895
2026-02-25 16:14:42.714475,-0.7096,0.008408333333333434,0.7351,0.08895
2026-02-25 16:14:42.714557,-0.7096,0.07539166666666676,0.7351,0.08895
2026-02-25 16:14:42.714669,-0.7096,0.2477250000000001,0.7351,0.08895
2026-02-25 16:14:42.714764,-0.7096,0.2329000000000001,0.7351,0.08895
2026-02-25 16:14:42.714891,-0.7096,0.16591666666666677,0.7351,0.08895
2026-02-25 16:14:42.877636,-0.7096,0.11872000000000012,0.4939,0.08895
2026-02-25 16:14:42.877735,-0.7096,0.14840000000000014,0.24694999999999995,0.08895
2026-02-25 16:14:42.878053,-0.7096,0.19786666666666686,-0.035166666666666714,0.08895
2026-02-25 16:14:42.878279,-0.7096,0.0,0.13577499999999995,0.08895
2026-02-25 16:14:42.878406,-0.7096,0.0,0.09330999999999996,0.08895
2026-02-25 16:14:42.878514,-0.7096,0.0,0.0777583333333333,0.08895
2026-02-25 16:14:42.878636,-0.7096,0.0,-0.004558333333333368,0.08895
2026-02-25 16:14:42.878760,-0.7096,0.0,-0.06475833333333338,0.08895
2026-02-25 16:14:42.878868,-0.7096,0.0,0.035141666666666634,0.08895
2026-02-25 16:14:42.879021,-0.7096,0.0,-0.03924166666666669,0.08895
2026-02-25 16:14:42.879137,-0.7096,0.0,-0.026483333333333355,0.08895
2026-02-25 16:14:42.879234,-0.7096,0.0,-0.026483333333333355,0.08895
2026-02-25 16:14:42.879350,-0.7096,0.0,-0.026483333333333355,0.08895
2026-02-25 16:14:42.879618,-0.7096,0.0,-0.09703333333333335,0.08895
2026-02-25 16:14:42.879767,-0.7096,0.0,-0.09703333333333335,0.08895
2026-02-25 16:14:43.153220,0.4939,0.0,-0.1569,0.08895
2026-02-25 16:14:43.153584,0.03619999999999968,0.0,-0.19612500000000002,0.08895
2026-02-25 16:14:43.153715,0.27179999999999976,0.0,-0.2615,0.08895
2026-02-25 16:14:43.153864,0.19101249999999984,0.0,-0.39225000000000004,0.08895
2026-02-25 16:14:43.153977,0.07242999999999987,0.0,0.0,0.08895
2026-02-25 16:14:43.154149,0.06035833333333323,0.0,0.0,0.08895
2026-02-25 16:14:43.154285,-0.08894166666666677,0.0,0.0,0.08895
2026-02-25 16:14:43.154404,-0.0856750000000001,0.0,0.0,0.08895
2026-02-25 16:14:43.154486,-0.21806666666666674,0.0,0.0,0.08895
2026-02-25 16:14:43.154572,-0.31365833333333343,0.0,0.0,0.08895
2026-02-25 16:14:43.154778,-0.31365833333333343,0.0,0.0,0.08895
2026-02-25 16:14:43.154953,-0.31365833333333343,0.0,0.0,0.08895
2026-02-25 16:14:43.155168,-0.31365833333333343,0.0,0.0,0.08895
2026-02-25 16:57:55.124098,-0.29601000000000016,0.0,0.0,0.2263
2026-02-25 16:57:55.124295,-0.3571750000000002,0.0,0.0,0.11314999999999954
2026-02-25 16:57:55.124423,-0.2679333333333336,0.0,0.0,0.25099999999999967
2026-02-25 16:57:55.124628,-0.20095000000000038,0.0,0.0,0.2565499999999997
2026-02-25 16:57:55.124701,-0.4019,0.0,0.0,0.20523999999999978
2026-02-25 16:57:55.124801,-0.4019,0.0,0.0,0.09763333333333317
2026-02-25 16:57:55.124921,-0.4019,0.0,0.0,0.11411666666666649
2026-02-25 16:57:55.125017,-0.4019,0.0,0.0,0.03179999999999983
2026-02-25 16:57:55.125245,-0.4019,0.0,0.0,-0.010450000000000162
2026-02-25 16:57:55.125368,-0.4019,0.0,0.0,-0.010450000000000162
2026-02-25 16:57:55.125632,-0.4019,0.0,0.0,-0.010450000000000162
2026-02-25 16:57:55.125711,-0.4019,0.0,0.0,0.06294999999999984
2026-02-25 16:57:55.125871,-0.4019,0.0,0.0,0.015183333333333174
2026-02-25 16:57:55.125968,-0.4019,0.0,0.0,0.1352166666666665
2026-02-25 16:57:55.126190,-0.4019,0.0,0.0,0.10450833333333319
2026-02-25 16:57:55.266635,-0.4019,0.2023,0.0,0.07076999999999982
2026-02-25 16:57:55.266771,-0.4019,0.10115000000000034,0.0,0.08846249999999978
2026-02-25 16:57:55.266826,-0.4019,0.06743333333333355,0.0,0.11794999999999971
2026-02-25 16:57:55.267176,-0.4019,-0.05479999999999983,0.0,0.15762499999999954
2026-02-25 16:57:55.267369,-0.4019,-0.041259999999999866,0.0,0.08895
2026-02-25 16:57:55.267487,-0.4019,-0.10136666666666655,0.0,0.08895
2026-02-25 16:57:55.267615,-0.4019,-0.20206666666666653,0.0,0.08895
2026-02-25 16:57:55.267738,-0.4019,-0.26904999999999984,0.0,0.08895
2026-02-25 16:57:55.267970,-0.4019,-0.3424499999999999,0.0,0.08895
2026-02-25 16:57:55.268241,-0.4019,-0.25737499999999985,0.0,0.08895
2026-02-25 16:57:55.268327,-0.4019,-0.19254166666666653,0.0,0.08895
2026-02-25 16:57:55.268409,-0.4019,-0.058574999999999884,0.0,0.08895
2026-02-25 16:57:55.268583,-0.4019,0.008408333333333434,0.0,0.08895
2026-02-25 16:57:55.268663,-0.4019,0.07539166666666676,0.0,0.08895
2026-02-25 16:57:55.268832,-0.4019,0.2477250000000001,0.0,0.08895
2026-02-25 16:57:55.411060,-0.4019,0.2794800000000001,0.0,0.08895
2026-02-25 16:57:55.411296,-0.4019,0.24887500000000018,0.24694999999999995,0.08895
2026-02-25 16:57:55.411392,-0.4019,0.19786666666666694,0.1646333333333333,0.08895
2026-02-25 16:57:55.411724,-0.4019,0.2968000000000004,-0.026375000000000037,0.08895
2026-02-25 16:57:55.411947,-0.4019,0.5936,0.10861999999999997,0.08895
2026-02-25 16:57:55.412073,-0.4019,0.5936,0.0777583333333333,0.08895
2026-02-25 16:57:55.412197,-0.4019,0.5936,0.0777583333333333,0.08895
2026-02-25 16:57:55.412322,-0.4019,0.5936,-0.004558333333333368,0.08895
2026-02-25 16:57:55.412450,-0.4019,0.5936,-0.06475833333333338,0.08895
2026-02-25 16:57:55.412560,-0.4019,0.5936,0.035141666666666634,0.08895
2026-02-25 16:57:55.412716,-0.4019,0.5936,-0.03924166666666669,0.08895
2026-02-25 16:57:55.412838,-0.4019,0.5936,-0.026483333333333355,0.08895
2026-02-25 16:57:55.412939,-0.4019,0.5936,-0.026483333333333355,0.08895
2026-02-25 16:57:55.413025,-0.4019,0.5936,-0.026483333333333355,0.08895
2026-02-25 16:57:55.413311,-0.4019,0.5936,-0.09703333333333335,0.08895
2026-02-25 16:57:55.558793,-0.4588,0.5936,-0.11644000000000002,0.08895
2026-02-25 16:57:55.558895,-0.22940000000000033,0.5936,-0.19612500000000002,0.08895
2026-02-25 16:57:55.559201,-0.006133333333333546,0.5936,-0.2615,0.08895
2026-02-25 16:57:55.559458,-0.14757500000000015,0.5936,-0.39225000000000004,0.08895
2026-02-25 16:57:55.559638,-0.01928000000000012,0.5936,-0.7845,0.08895
2026-02-25 16:57:55.559959,-0.08631666666666676,0.5936,-0.7845,0.08895
2026-02-25 16:57:55.560084,0.11398333333333323,0.5936,-0.7845,0.08895
2026-02-25 16:57:55.560244,0.1054249999999999,0.5936,-0.7845,0.08895
2026-02-25 16:57:55.560358,-0.03495833333333343,0.5936,-0.7845,0.08895
2026-02-25 16:57:55.560532,0.06035833333333323,0.5936,-0.7845,0.08895
2026-02-25 16:57:55.560655,-0.08894166666666677,0.5936,-0.7845,0.08895
2026-02-25 16:57:55.560773,-0.0856750000000001,0.5936,-0.7845,0.08895
2026-02-25 16:57:55.560855,-0.21806666666666674,0.5936,-0.7845,0.08895
2026-02-25 16:57:55.560942,-0.31365833333333343,0.5936,-0.7845,0.08895
2026-02-25 17:54:52.168607,-0.2960100000000001,0.5936,-0.7845,0.2263
2026-02-25 17:54:52.168775,-0.37001250000000013,0.5936,-0.7845,0.11314999999999954
2026-02-25 17:54:52.168900,-0.35938333333333355,0.5936,-0.7845,0.25099999999999967
2026-02-25 17:54:52.169100,-0.33812500000000034,0.5936,-0.7845,0.2565499999999997
2026-02-25 17:54:52.169171,-0.6249,0.5936,-0.7845,0.20523999999999978
2026-02-25 17:54:52.169272,-0.6249,0.5936,-0.7845,0.09763333333333317
2026-02-25 17:54:52.169391,-0.6249,0.5936,-0.7845,0.11411666666666649
2026-02-25 17:54:52.169507,-0.6249,0.5936,-0.7845,0.03179999999999983
2026-02-25 17:54:52.169717,-0.6249,0.5936,-0.7845,-0.010450000000000162
2026-02-25 17:54:52.169837,-0.6249,0.5936,-0.7845,-0.010450000000000162
2026-02-25 17:54:52.170091,-0.6249,0.5936,-0.7845,-0.010450000000000162
2026-02-25 17:54:52.170168,-0.6249,0.5936,-0.7845,0.06294999999999984
2026-02-25 17:54:52.170326,-0.6249,0.5936,-0.7845,0.015183333333333174
2026-02-25 17:54:52.170419,-0.6249,0.5936,-0.7845,0.1352166666666665
2026-02-25 17:54:52.170637,-0.6249,0.5936,-0.7845,0.10450833333333319
2026-02-25 17:54:52.301867,-0.6249,0.7269,-0.7845,0.07076999999999982
2026-02-25 17:54:52.301977,-0.6249,0.14325000000000027,-0.7845,0.08846249999999978
2026-02-25 17:54:52.302030,-0.6249,0.09550000000000018,-0.7845,0.11794999999999971
2026-02-25 17:54:52.302169,-0.6249,-0.028849999999999862,-0.7845,0.15762499999999954
2026-02-25 17:54:52.302344,-0.6249,-0.02307999999999989,-0.7845,0.08895
2026-02-25 17:54:52.302428,-0.6249,0.08678333333333343,-0.7845,0.08895
2026-02-25 17:54:52.302697,-0.6249,-0.16511666666666658,-0.7845,0.08895
2026-02-25 17:54:52.302838,-0.6249,-0.057999999999999906,-0.7845,0.08895
2026-02-25 17:54:52.302948,-0.6249,-0.057999999999999906,-0.7845,0.08895
2026-02-25 17:54:52.302993,-0.6249,0.008983333333333421,-0.7845,0.08895
2026-02-25 17:54:52.303312,-0.6249,-0.06126666666666658,-0.7845,0.08895
2026-02-25 17:54:52.303507,-0.6249,-0.16513333333333322,-0.7845,0.08895
2026-02-25 17:54:52.303621,-0.6249,-0.10136666666666656,-0.7845,0.08895
2026-02-25 17:54:52.303745,-0.6249,-0.2020666666666666,-0.7845,0.08895
2026-02-25 17:54:52.303867,-0.6249,-0.2690499999999999,-0.7845,0.08895
2026-02-25 17:54:52.431493,-0.6249,-0.32285999999999987,0.0,0.08895
2026-02-25 17:54:52.431648,-0.6249,-0.29819999999999985,0.0,0.08895
2026-02-25 17:54:52.431773,-0.6249,-0.4019,0.0,0.08895
2026-02-25 17:54:52.431882,-0.6249,-0.4019,0.0,0.08895
2026-02-25 17:54:52.431931,-0.6249,-0.4019,0.0,0.08895
2026-02-25 17:54:52.432100,-0.6249,-0.4019,0.08231666666666665,0.08895
2026-02-25 17:54:52.432180,-0.6249,-0.4019,0.08231666666666665,0.08895
2026-02-25 17:54:52.432502,-0.6249,-0.4019,-0.017583333333333357,0.08895
2026-02-25 17:54:52.432712,-0.6249,-0.4019,0.09051666666666663,0.08895
2026-02-25 17:54:52.432832,-0.6249,-0.4019,0.0777583333333333,0.08895
2026-02-25 17:54:52.432939,-0.6249,-0.4019,0.0777583333333333,0.08895
2026-02-25 17:54:52.433057,-0.6249,-0.4019,-0.004558333333333368,0.08895
2026-02-25 17:54:52.433179,-0.6249,-0.4019,-0.06475833333333338,0.08895
2026-02-25 17:54:52.433284,-0.6249,-0.4019,0.035141666666666634,0.08895
2026-02-25 17:54:52.433494,-0.6249,-0.4019,-0.03924166666666669,0.08895
2026-02-25 17:54:52.589658,0.0,-0.4019,-0.031780000000000024,0.08895
2026-02-25 17:54:52.589949,-0.2859500000000003,-0.4019,-0.03972500000000003,0.08895
2026-02-25 17:54:52.590193,-0.03173333333333354,-0.4019,-0.05296666666666671,0.08895
2026-02-25 17:54:52.590347,-0.023800000000000154,-0.4019,0.10114999999999995,0.08895
2026-02-25 17:54:52.590487,0.07629999999999988,-0.4019,0.2023,0.08895
2026-02-25 17:54:52.590650,-0.04636666666666676,-0.4019,0.2023,0.08895
2026-02-25 17:54:52.590796,-0.04636666666666676,-0.4019,0.2023,0.08895
2026-02-25 17:54:52.590930,0.0489499999999999,-0.4019,0.2023,0.08895
2026-02-25 17:54:52.590974,-0.0305000000000001,-0.4019,0.2023,0.08895
2026-02-25 17:54:52.591108,-0.10696666666666677,-0.4019,0.2023,0.08895
2026-02-25 17:54:52.591198,-0.18641666666666676,-0.4019,0.2023,0.08895
2026-02-25 17:54:52.591474,-0.003066666666666773,-0.4019,0.2023,0.08895
2026-02-25 17:54:52.591719,-0.09838333333333343,-0.4019,0.2023,0.08895
2026-02-25 17:54:52.591888,-0.016066666666666767,-0.4019,0.2023,0.08895
2026-02-25 18:51:53.471068,-0.01928000000000012,-0.4019,0.2023,0.0
2026-02-25 18:51:53.471393,0.09059999999999985,-0.4019,0.2023,0.11314999999999954
2026-02-25 18:51:53.471540,0.1207999999999998,-0.4019,0.2023,0.07543333333333303
2026-02-25 18:51:53.471652,-0.03900000000000031,-0.4019,0.2023,0.18824999999999975
2026-02-25 18:51:53.471841,0.4939,-0.4019,0.2023,0.20523999999999978
2026-02-25 18:51:53.471908,0.4939,-0.4019,0.2023,0.17103333333333315
2026-02-25 18:51:53.472002,0.4939,-0.4019,0.2023,0.09763333333333317
2026-02-25 18:51:53.472123,0.4939,-0.4019,0.2023,0.11411666666666649
2026-02-25 18:51:53.472215,0.4939,-0.4019,0.2023,0.03179999999999983
2026-02-25 18:51:53.472449,0.4939,-0.4019,0.2023,-0.010450000000000162
2026-02-25 18:51:53.472566,0.4939,-0.4019,0.2023,-0.010450000000000162
2026-02-25 18:51:53.472826,0.4939,-0.4019,0.2023,-0.010450000000000162
2026-02-25 18:51:53.472901,0.4939,-0.4019,0.2023,0.06294999999999984
2026-02-25 18:51:53.473058,0.4939,-0.4019,0.2023,0.015183333333333174
2026-02-25 18:51:53.473150,0.4939,-0.4019,0.2023,0.1352166666666665
2026-02-25 18:51:53.599816,0.4939,0.0129,0.2023,0.1076199999999998
2026-02-25 18:51:53.599961,0.4939,0.36990000000000023,0.2023,0.06622499999999976
2026-02-25 18:51:53.600061,0.4939,0.09980000000000015,0.2023,0.08829999999999967
2026-02-25 18:51:53.600113,0.4939,0.07485000000000011,0.2023,0.1324499999999995
2026-02-25 18:51:53.600264,0.4939,-0.020499999999999907,0.2023,0.2263
2026-02-25 18:51:53.600435,0.4939,-0.017083333333333256,0.2023,0.2263
2026-02-25 18:51:53.600518,0.4939,0.08678333333333342,0.2023,0.2263
2026-02-25 18:51:53.600807,0.4939,-0.16511666666666658,0.2023,0.2263
2026-02-25 18:51:53.600949,0.4939,-0.057999999999999906,0.2023,0.2263
2026-02-25 18:51:53.601058,0.4939,-0.057999999999999906,0.2023,0.2263
2026-02-25 18:51:53.601104,0.4939,0.008983333333333421,0.2023,0.2263
2026-02-25 18:51:53.601429,0.4939,-0.06126666666666658,0.2023,0.2263
2026-02-25 18:51:53.601610,0.4939,-0.16513333333333322,0.2023,0.2263
2026-02-25 18:51:53.601721,0.4939,-0.10136666666666656,0.2023,0.2263
2026-02-25 18:51:53.601842,0.4939,-0.2020666666666666,0.2023,0.2263
2026-02-25 18:51:53.727058,0.4939,-0.2424799999999999,0.0,0.2263
2026-02-25 18:51:53.727154,0.4939,-0.30309999999999987,0.0,0.2263
2026-02-25 18:51:53.727289,0.4939,-0.26363333333333316,0.0,0.2263
2026-02-25 18:51:53.727438,0.4939,-0.4019,0.0,0.2263
2026-02-25 18:51:53.727561,0.4939,-0.4019,0.0,0.2263
2026-02-25 18:51:53.727664,0.4939,-0.4019,0.0,0.2263
2026-02-25 18:51:53.727711,0.4939,-0.4019,0.0,0.2263
2026-02-25 18:51:53.727884,0.4939,-0.4019,0.08231666666666665,0.2263
2026-02-25 18:51:53.727964,0.4939,-0.4019,0.08231666666666665,0.2263
2026-02-25 18:51:53.728294,0.4939,-0.4019,-0.017583333333333357,0.2263
2026-02-25 18:51:53.728508,0.4939,-0.4019,0.09051666666666663,0.2263
2026-02-25 18:51:53.728630,0.4939,-0.4019,0.0777583333333333,0.2263
2026-02-25 18:51:53.728733,0.4939,-0.4019,0.0777583333333333,0.2263
2026-02-25 18:51:53.728854,0.4939,-0.4019,-0.004558333333333368,0.2263
2026-02-25 18:51:53.728975,0.4939,-0.4019,-0.06475833333333338,0.2263
2026-02-25 18:51:53.858775,0.0,-0.4019,0.042169999999999964,0.2263
2026-02-25 18:51:53.858952,0.0,-0.4019,-0.10943750000000003,0.2263
2026-02-25 18:51:53.859050,0.0,-0.4019,-0.12040000000000005,0.2263
2026-02-25 18:51:53.859269,0.17739999999999984,-0.4019,-0.18060000000000007,0.2263
2026-02-25 18:51:53.859579,0.10145999999999986,-0.4019,-0.3612,0.2263
2026-02-25 18:51:53.859721,0.1821999999999999,-0.4019,-0.3612,0.2263
2026-02-25 18:51:53.859882,0.1444833333333332,-0.4019,-0.3612,0.2263
2026-02-25 18:51:53.860117,0.09514999999999989,-0.4019,-0.3612,0.2263
2026-02-25 18:51:53.860336,0.09514999999999989,-0.4019,-0.3612,0.2263
2026-02-25 18:51:53.860445,0.04386666666666655,-0.4019,-0.3612,0.2263
2026-02-25 18:51:53.860567,0.07758333333333321,-0.4019,-0.3612,0.2263
2026-02-25 18:51:53.860821,-0.11538333333333345,-0.4019,-0.3612,0.2263
2026-02-25 18:51:53.861060,0.0017833333333332202,-0.4019,-0.3612,0.2263
2026-02-25 19:44:46.110824,0.06133999999999986,-0.4019,-0.3612,0.0
2026-02-25 19:44:46.111065,0.07667499999999983,-0.4019,-0.3612,0.11314999999999954
2026-02-25 19:44:46.111210,-0.03173333333333356,-0.4019,-0.3612,0.07543333333333303
2026-02-25 19:44:46.111322,-0.047600000000000336,-0.4019,-0.3612,0.18824999999999975
2026-02-25 19:44:46.111511,0.4767,-0.4019,-0.3612,0.20523999999999978
2026-02-25 19:44:46.111576,0.4767,-0.4019,-0.3612,0.17103333333333315
2026-02-25 19:44:46.111668,0.4767,-0.4019,-0.3612,0.09763333333333317
2026-02-25 19:44:46.111775,0.4767,-0.4019,-0.3612,0.11411666666666649
2026-02-25 19:44:46.111862,0.4767,-0.4019,-0.3612,0.03179999999999983
2026-02-25 19:44:46.112068,0.4767,-0.4019,-0.3612,-0.010450000000000162
2026-02-25 19:44:46.112189,0.4767,-0.4019,-0.3612,-0.010450000000000162
2026-02-25 19:44:46.112438,0.4767,-0.4019,-0.3612,-0.010450000000000162
2026-02-25 19:44:46.112505,0.4767,-0.4019,-0.3612,0.06294999999999984
2026-02-25 19:44:46.112659,0.4767,-0.4019,-0.3612,0.015183333333333174
2026-02-25 19:44:46.112747,0.4767,-0.4019,-0.3612,0.1352166666666665
2026-02-25 19:44:46.339312,0.4767,0.2732,-0.3612,0.1076199999999998
2026-02-25 19:44:46.339479,0.4767,0.13660000000000022,-0.3612,0.06622499999999976
2026-02-25 19:44:46.339715,0.4767,0.2768666666666668,-0.3612,0.08829999999999967
2026-02-25 19:44:46.339909,0.4767,0.21087500000000012,-0.3612,0.1324499999999995
2026-02-25 19:44:46.340047,0.4767,0.3140800000000001,-0.3612,0.2263
2026-02-25 19:44:46.340140,0.4767,0.18833333333333338,-0.3612,0.2263
2026-02-25 19:44:46.340204,0.4767,0.14280000000000007,-0.3612,0.2263
2026-02-25 19:44:46.340336,0.4767,0.07581666666666674,-0.3612,0.2263
2026-02-25 19:44:46.340499,0.4767,-0.017083333333333256,-0.3612,0.2263
2026-02-25 19:44:46.340577,0.4767,0.08678333333333342,-0.3612,0.2263
2026-02-25 19:44:46.340814,0.4767,-0.16511666666666658,-0.3612,0.2263
2026-02-25 19:44:46.340946,0.4767,-0.057999999999999906,-0.3612,0.2263
2026-02-25 19:44:46.341050,0.4767,-0.057999999999999906,-0.3612,0.2263
2026-02-25 19:44:46.341091,0.4767,0.008983333333333421,-0.3612,0.2263
2026-02-25 19:44:46.341411,0.4767,-0.06126666666666658,-0.3612,0.2263
2026-02-25 19:44:46.511209,0.4767,-0.20073999999999986,0.4019,0.2263
2026-02-25 19:44:46.511306,0.4767,-0.05479999999999988,0.20094999999999993,0.2263
2026-02-25 19:44:46.511385,0.4767,-0.14049999999999985,0.13396666666666662,0.2263
2026-02-25 19:44:46.511492,0.4767,-0.21074999999999977,0.15104999999999996,0.2263
2026-02-25 19:44:46.511610,0.4767,-0.4215,0.12083999999999998,0.2263
2026-02-25 19:44:46.511696,0.4767,-0.4215,0.10069999999999997,0.2263
2026-02-25 19:44:46.511799,0.4767,-0.4215,0.03371666666666665,0.2263
2026-02-25 19:44:46.511934,0.4767,-0.4215,0.03371666666666665,0.2263
2026-02-25 19:44:46.512050,0.4767,-0.4215,0.03371666666666665,0.2263
2026-02-25 19:44:46.512147,0.4767,-0.4215,0.0,0.2263
2026-02-25 19:44:46.512205,0.4767,-0.4215,0.0,0.2263
2026-02-25 19:44:46.512372,0.4767,-0.4215,0.08231666666666665,0.2263
2026-02-25 19:44:46.512451,0.4767,-0.4215,0.08231666666666665,0.2263
2026-02-25 19:44:46.512764,0.4767,-0.4215,-0.017583333333333357,0.2263
2026-02-25 19:44:46.512971,0.4767,-0.4215,0.09051666666666663,0.2263
2026-02-25 19:44:46.895046,-0.2263,-0.4215,0.10861999999999997,0.2263
2026-02-25 19:44:46.895177,-0.11315000000000036,-0.4215,0.13577499999999995,0.2263
2026-02-25 19:44:46.895398,-0.07543333333333357,-0.4215,0.016399999999999932,0.2263
2026-02-25 19:44:46.895571,-0.05657500000000018,-0.4215,0.0245999999999999,0.2263
2026-02-25 19:44:46.895666,-0.04526000000000015,-0.4215,0.6486,0.2263
2026-02-25 19:44:46.895868,0.08054999999999989,-0.4215,0.6486,0.2263
2026-02-25 19:44:46.896187,0.08454999999999989,-0.4215,0.6486,0.2263
2026-02-25 19:44:46.896329,0.18219999999999983,-0.4215,0.6486,0.2263
2026-02-25 19:44:46.896481,0.14448333333333319,-0.4215,0.6486,0.2263
2026-02-25 19:44:46.896717,0.09514999999999986,-0.4215,0.6486,0.2263
2026-02-25 19:44:46.896920,0.09514999999999989,-0.4215,0.6486,0.2263
2026-02-25 19:44:46.897024,0.04386666666666655,-0.4215,0.6486,0.2263
2026-02-25 19:44:46.897146,0.07758333333333321,-0.4215,0.6486,0.2263
2026-02-25 20:25:32.021780,-0.024080000000000146,-0.4215,0.6486,0.0
2026-02-25 20:25:32.022076,0.026474999999999818,-0.4215,0.6486,0.11314999999999954
2026-02-25 20:25:32.022235,0.13396666666666643,-0.4215,0.6486,0.07543333333333303
2026-02-25 20:25:32.022354,0.20094999999999963,-0.4215,0.6486,0.18824999999999975
2026-02-25 20:25:32.022559,0.0,-0.4215,0.6486,0.20523999999999978
2026-02-25 20:25:32.022629,0.0,-0.4215,0.6486,0.17103333333333315
2026-02-25 20:25:32.022731,0.0,-0.4215,0.6486,0.09763333333333317
2026-02-25 20:25:32.022873,0.0,-0.4215,0.6486,0.11411666666666649
2026-02-25 20:25:32.022973,0.0,-0.4215,0.6486,0.03179999999999983
2026-02-25 20:25:32.023198,0.0,-0.4215,0.6486,-0.010450000000000162
2026-02-25 20:25:32.023316,0.0,-0.4215,0.6486,-0.010450000000000162
2026-02-25 20:25:32.023575,0.0,-0.4215,0.6486,-0.010450000000000162
2026-02-25 20:25:32.023650,0.0,-0.4215,0.6486,0.06294999999999984
2026-02-25 20:25:32.023854,0.0,-0.4215,0.6486,0.015183333333333174
2026-02-25 20:25:32.023952,0.0,-0.4215,0.6486,0.1352166666666665
2026-02-25 20:25:32.229027,0.0,0.0,0.6486,0.1076199999999998
2026-02-25 20:25:32.229242,0.0,0.0,0.6486,0.06622499999999976
2026-02-25 20:25:32.229320,0.0,0.0,0.6486,0.08829999999999967
2026-02-25 20:25:32.229518,0.0,0.06830000000000011,0.6486,0.1324499999999995
2026-02-25 20:25:32.229670,0.0,0.05464000000000009,0.6486,0.2263
2026-02-25 20:25:32.229916,0.0,0.1384333333333334,0.6486,0.2263
2026-02-25 20:25:32.230104,0.0,0.14058333333333342,0.6486,0.2263
2026-02-25 20:25:32.230238,0.0,0.26173333333333343,0.6486,0.2263
2026-02-25 20:25:32.230340,0.0,0.18833333333333338,0.6486,0.2263
2026-02-25 20:25:32.230389,0.0,0.14280000000000007,0.6486,0.2263
2026-02-25 20:25:32.230520,0.0,0.07581666666666674,0.6486,0.2263
2026-02-25 20:25:32.230685,0.0,-0.017083333333333256,0.6486,0.2263
2026-02-25 20:25:32.230781,0.0,0.08678333333333342,0.6486,0.2263
2026-02-25 20:25:32.231022,0.0,-0.16511666666666658,0.6486,0.2263
2026-02-25 20:25:32.231157,0.0,-0.057999999999999906,0.6486,0.2263
2026-02-25 20:25:32.401508,0.0,-0.06959999999999988,0.5994,0.2263
2026-02-25 20:25:32.401696,0.0,0.01347500000000014,0.29969999999999997,0.2263
2026-02-25 20:25:32.401852,0.0,0.017966666666666853,0.3337666666666666,0.2263
2026-02-25 20:25:32.401948,0.0,-0.2910999999999997,0.25032499999999996,0.2263
2026-02-25 20:25:32.402024,0.0,0.2023,0.20025999999999997,0.2263
2026-02-25 20:25:32.402130,0.0,0.2023,0.2006,0.2263
2026-02-25 20:25:32.402248,0.0,0.2023,0.10069999999999997,0.2263
2026-02-25 20:25:32.402333,0.0,0.2023,0.10069999999999997,0.2263
2026-02-25 20:25:32.402436,0.0,0.2023,0.03371666666666665,0.2263
2026-02-25 20:25:32.402569,0.0,0.2023,0.03371666666666665,0.2263
2026-02-25 20:25:32.402688,0.0,0.2023,0.03371666666666665,0.2263
2026-02-25 20:25:32.402815,0.0,0.2023,0.0,0.2263
2026-02-25 20:25:32.402865,0.0,0.2023,0.0,0.2263
2026-02-25 20:25:32.403040,0.0,0.2023,0.08231666666666665,0.2263
2026-02-25 20:25:32.403124,0.0,0.2023,0.08231666666666665,0.2263
2026-02-25 20:25:32.601354,0.5096,0.2023,0.09877999999999998,0.2263
2026-02-25 20:25:32.601601,-0.0804500000000003,0.2023,0.12347499999999997,0.2263
2026-02-25 20:25:32.601708,-0.05363333333333353,0.2023,0.1646333333333333,0.2263
2026-02-25 20:25:32.602013,-0.05622500000000015,0.2023,0.24694999999999995,0.2263
2026-02-25 20:25:32.602112,-0.04498000000000012,0.2023,0.0,0.2263
2026-02-25 20:25:32.602229,-0.03748333333333343,0.2023,0.0,0.2263
2026-02-25 20:25:32.602319,-0.12241666666666677,0.2023,0.0,0.2263
2026-02-25 20:25:32.602484,-0.04838333333333344,0.2023,0.0,0.2263
2026-02-25 20:25:32.602577,-0.04838333333333344,0.2023,0.0,0.2263
2026-02-25 20:25:32.602806,-0.037716666666666766,0.2023,0.0,0.2263
2026-02-25 20:25:32.602978,-0.037716666666666766,0.2023,0.0,0.2263
2026-02-25 20:25:32.603072,-0.037716666666666766,0.2023,0.0,0.2263
2026-02-25 20:25:32.603273,0.0805499999999999,0.2023,0.0,0.2263
2026-02-25 20:25:32.603575,0.08454999999999989,0.2023,0.0,0.2263
2026-02-25 20:25:32.603716,0.18219999999999992,0.2023,0.0,0.2263
2026-02-25 21:26:26.775300,0.2186399999999999,0.2023,0.0,0.0
2026-02-25 21:26:26.775547,0.2732999999999999,0.2023,0.0,0.11314999999999954
2026-02-25 21:26:26.775707,0.36439999999999984,0.2023,0.0,0.07543333333333303
2026-02-25 21:26:26.775826,0.19179999999999975,0.2023,0.0,0.18824999999999975
2026-02-25 21:26:26.776012,0.5859,0.2023,0.0,0.20523999999999978
2026-02-25 21:26:26.776080,0.5859,0.2023,0.0,0.17103333333333315
2026-02-25 21:26:26.776176,0.5859,0.2023,0.0,0.09763333333333317
2026-02-25 21:26:26.776288,0.5859,0.2023,0.0,0.11411666666666649
2026-02-25 21:26:26.776379,0.5859,0.2023,0.0,0.03179999999999983
2026-02-25 21:26:26.776601,0.5859,0.2023,0.0,-0.010450000000000162
2026-02-25 21:26:26.776718,0.5859,0.2023,0.0,-0.010450000000000162
2026-02-25 21:26:26.776968,0.5859,0.2023,0.0,-0.010450000000000162
2026-02-25 21:26:26.777040,0.5859,0.2023,0.0,0.06294999999999984
2026-02-25 21:26:26.777195,0.5859,0.2023,0.0,0.015183333333333174
2026-02-25 21:26:26.777287,0.5859,0.2023,0.0,0.1352166666666665
2026-02-25 21:26:27.126992,0.5859,0.0,0.0,0.1076199999999998
2026-02-25 21:26:27.127172,0.5859,0.0,0.0,0.06622499999999976
2026-02-25 21:26:27.127291,0.5859,0.16743333333333346,0.0,0.08829999999999967
2026-02-25 21:26:27.127417,0.5859,0.1255750000000001,0.0,0.1324499999999995
2026-02-25 21:26:27.127543,0.5859,0.08766000000000009,0.0,0.2263
2026-02-25 21:26:27.127689,0.5859,0.07305000000000007,0.0,0.2263
2026-02-25 21:26:27.127880,0.5859,0.07305000000000007,0.0,0.2263
2026-02-25 21:26:27.127953,0.5859,0.07305000000000007,0.0,0.2263
2026-02-25 21:26:27.128147,0.5859,0.03486666666666674,0.0,0.2263
2026-02-25 21:26:27.128293,0.5859,0.03486666666666674,0.0,0.2263
2026-02-25 21:26:27.128520,0.5859,0.1384333333333334,0.0,0.2263
2026-02-25 21:26:27.128724,0.5859,0.14058333333333342,0.0,0.2263
2026-02-25 21:26:27.128859,0.5859,0.26173333333333343,0.0,0.2263
2026-02-25 21:26:27.128954,0.5859,0.18833333333333338,0.0,0.2263
2026-02-25 21:26:27.129003,0.5859,0.14280000000000007,0.0,0.2263
2026-02-25 21:26:27.269176,0.5859,0.1713600000000001,0.0,0.2263
2026-02-25 21:26:27.269432,0.5859,0.07485000000000011,0.29969999999999997,0.2263
2026-02-25 21:26:27.269624,0.5859,0.09550000000000014,0.19979999999999998,0.2263
2026-02-25 21:26:27.269744,0.5859,-0.22019999999999978,0.25032499999999996,0.2263
2026-02-25 21:26:27.269827,0.5859,0.0,0.20025999999999997,0.2263
2026-02-25 21:26:27.269898,0.5859,0.0,0.1668833333333333,0.2263
2026-02-25 21:26:27.270000,0.5859,0.0,0.2006,0.2263
2026-02-25 21:26:27.270114,0.5859,0.0,0.10069999999999997,0.2263
2026-02-25 21:26:27.270197,0.5859,0.0,0.10069999999999997,0.2263
2026-02-25 21:26:27.270297,0.5859,0.0,0.03371666666666665,0.2263
2026-02-25 21:26:27.270430,0.5859,0.0,0.03371666666666665,0.2263
2026-02-25 21:26:27.270547,0.5859,0.0,0.03371666666666665,0.2263
2026-02-25 21:26:27.270664,0.5859,0.0,0.0,0.2263
2026-02-25 21:26:27.270711,0.5859,0.0,0.0,0.2263
2026-02-25 21:26:27.597852,0.0,0.0,0.0,0.2263
2026-02-25 21:26:27.598035,-0.15910000000000027,0.0,0.0,0.2263
2026-02-25 21:26:27.598182,0.06379999999999984,0.0,0.0,0.2263
2026-02-25 21:26:27.598414,-0.11977500000000012,0.0,0.0,0.2263
2026-02-25 21:26:27.598517,-0.0958200000000001,0.0,0.0,0.2263
2026-02-25 21:26:27.598780,-0.09051666666666675,0.0,0.0,0.2263
2026-02-25 21:26:27.598875,-0.09051666666666675,0.0,0.0,0.2263
2026-02-25 21:26:27.598988,-0.03748333333333342,0.0,0.0,0.2263
2026-02-25 21:26:27.599076,-0.12241666666666677,0.0,0.0,0.2263
2026-02-25 21:26:27.599237,-0.04838333333333344,0.0,0.0,0.2263
2026-02-25 21:26:27.599328,-0.04838333333333344,0.0,0.0,0.2263
2026-02-25 21:26:27.599530,-0.037716666666666766,0.0,0.0,0.2263
2026-02-25 21:26:27.599714,-0.037716666666666766,0.0,0.0,0.2263
2026-02-25 21:26:27.599810,-0.037716666666666766,0.0,0.0,0.2263
2026-02-25 22:21:54.041979,-0.04526000000000012,0.0,0.0,-0.296
2026-02-25 22:21:54.042222,0.0,0.0,0.0,-0.14800000000000046
2026-02-25 22:21:54.042563,0.0,0.0,0.0,-0.023233333333333644
2026-02-25 22:21:54.042758,0.0,0.0,0.0,-0.017425000000000232
2026-02-25 22:21:54.042918,0.0,0.0,0.0,0.0913999999999998
2026-02-25 22:21:54.043187,0.0,0.0,0.0,0.12169999999999985
2026-02-25 22:21:54.043273,0.0,0.0,0.0,0.17103333333333318
2026-02-25 22:21:54.043399,0.0,0.0,0.0,0.09763333333333317
2026-02-25 22:21:54.043555,0.0,0.0,0.0,0.11411666666666649
2026-02-25 22:21:54.043678,0.0,0.0,0.0,0.03179999999999983
2026-02-25 22:21:54.043947,0.0,0.0,0.0,-0.010450000000000162
2026-02-25 22:21:54.044085,0.0,0.0,0.0,-0.010450000000000162
2026-02-25 22:21:54.044414,0.0,0.0,0.0,-0.010450000000000162
2026-02-25 22:21:54.044503,0.0,0.0,0.0,0.06294999999999984
2026-02-25 22:21:54.044696,0.0,0.0,0.0,0.015183333333333174
2026-02-25 22:21:54.329434,0.0,-0.05135,0.0,0.11699999999999981
2026-02-25 22:21:54.329798,0.0,-0.2062749999999998,0.0,0.07794999999999977
2026-02-25 22:21:54.330261,0.0,-0.003549999999999868,0.0,0.01286666666666636
2026-02-25 22:21:54.330392,0.0,-0.002662499999999901,0.0,0.01929999999999954
2026-02-25 22:21:54.330610,0.0,-0.002129999999999921,0.0,0.0386
2026-02-25 22:21:54.330758,0.0,0.08194166666666673,0.0,0.0386
2026-02-25 22:21:54.330920,0.0,0.09050000000000007,0.0,0.0386
2026-02-25 22:21:54.331089,0.0,0.14003333333333337,0.0,0.0386
2026-02-25 22:21:54.331286,0.0,0.07305000000000007,0.0,0.0386
2026-02-25 22:21:54.331529,0.0,0.07305000000000007,0.0,0.0386
2026-02-25 22:21:54.331616,0.0,0.07305000000000007,0.0,0.0386
2026-02-25 22:21:54.331850,0.0,0.03486666666666674,0.0,0.0386
2026-02-25 22:21:54.332035,0.0,0.03486666666666674,0.0,0.0386
2026-02-25 22:21:54.332328,0.0,0.1384333333333334,0.0,0.0386
2026-02-25 22:21:54.332528,0.0,0.14058333333333342,0.0,0.0386
2026-02-25 22:21:54.465064,0.0,0.1687000000000001,0.0,0.0386
2026-02-25 22:21:54.465226,0.0,0.21087500000000012,0.18059999999999996,0.0386
2026-02-25 22:21:54.465373,0.0,0.19010000000000016,0.12039999999999997,0.0386
2026-02-25 22:21:54.465793,0.0,0.28515000000000024,0.24014999999999997,0.0386
2026-02-25 22:21:54.466098,0.0,0.0129,0.19212,0.0386
2026-02-25 22:21:54.466304,0.0,0.0129,0.22708333333333333,0.0386
2026-02-25 22:21:54.466515,0.0,0.0129,0.22708333333333333,0.0386
2026-02-25 22:21:54.466644,0.0,0.0129,0.16688333333333336,0.0386
2026-02-25 22:21:54.466827,0.0,0.0129,0.2006,0.0386
2026-02-25 22:21:54.467026,0.0,0.0129,0.10069999999999997,0.0386
2026-02-25 22:21:54.467216,0.0,0.0129,0.10069999999999997,0.0386
2026-02-25 22:21:54.467404,0.0,0.0129,0.03371666666666665,0.0386
2026-02-25 22:21:54.467639,0.0,0.0129,0.03371666666666665,0.0386
2026-02-25 22:21:54.467824,0.0,0.0129,0.03371666666666665,0.0386
2026-02-25 22:21:54.593970,-0.6249,0.0129,0.0,0.0386
2026-02-25 22:21:54.594152,-0.09225000000000033,0.0129,0.0,0.0386
2026-02-25 22:21:54.594374,-0.14483333333333356,0.0129,0.0,0.0386
2026-02-25 22:21:54.594995,-0.42047500000000015,0.0129,0.0,0.0386
2026-02-25 22:21:54.595299,-0.3363800000000002,0.0129,0.0,0.0386
2026-02-25 22:21:54.595559,-0.3333500000000001,0.0129,0.0,0.0386
2026-02-25 22:21:54.595793,-0.1442666666666668,0.0129,0.0,0.0386
2026-02-25 22:21:54.596162,-0.32941666666666686,0.0129,0.0,0.0386
2026-02-25 22:21:54.596313,-0.2877500000000002,0.0129,0.0,0.0386
2026-02-25 22:21:54.596672,-0.09051666666666676,0.0129,0.0,0.0386
2026-02-25 22:21:54.596799,-0.09051666666666676,0.0129,0.0,0.0386
2026-02-25 22:21:54.596954,-0.037483333333333445,0.0129,0.0,0.0386
2026-02-25 22:21:54.597066,-0.12241666666666678,0.0129,0.0,0.0386
2026-02-25 22:21:54.597290,-0.04838333333333345,0.0129,0.0,0.0386
2026-02-26 14:42:08.979235,-0.058060000000000146,0.0129,0.0,-0.0258
2026-02-26 14:42:08.979409,-0.05657500000000018,0.0129,0.0,-0.012900000000000458
2026-02-26 14:42:08.979524,-0.07543333333333357,0.0129,0.0,-0.10726666666666697
2026-02-26 14:42:08.979646,-0.11315000000000036,0.0129,0.0,-0.08045000000000023
2026-02-26 14:42:08.979851,-0.2263,0.0129,0.0,-0.019100000000000183
2026-02-26 14:42:08.979971,-0.2263,0.0129,0.0,-0.01591666666666682
2026-02-26 14:42:08.980078,-0.2263,0.0129,0.0,0.07616666666666651
2026-02-26 14:42:08.980258,-0.2263,0.0129,0.0,0.12169999999999985
2026-02-26 14:42:08.980330,-0.2263,0.0129,0.0,0.17103333333333318
2026-02-26 14:42:08.980421,-0.2263,0.0129,0.0,0.09763333333333317
2026-02-26 14:42:08.980532,-0.2263,0.0129,0.0,0.11411666666666649
2026-02-26 14:42:08.980620,-0.2263,0.0129,0.0,0.03179999999999983
2026-02-26 14:42:08.980822,-0.2263,0.0129,0.0,-0.010450000000000162
2026-02-26 14:42:08.980934,-0.2263,0.0129,0.0,-0.010450000000000162
2026-02-26 14:42:08.981179,-0.2263,0.0129,0.0,-0.010450000000000162
2026-02-26 14:42:09.178719,-0.2263,0.0,0.0,0.0755399999999998
2026-02-26 14:42:09.178788,-0.2263,0.17000000000000023,0.0,0.013124999999999762
2026-02-26 14:42:09.178940,-0.2263,0.1133333333333335,0.0,0.18213333333333304
2026-02-26 14:42:09.179068,-0.2263,0.1854750000000001,0.0,0.13659999999999953
2026-02-26 14:42:09.179271,-0.2263,-0.0968999999999999,0.0,0.0
2026-02-26 14:42:09.179411,-0.2263,0.029200000000000077,0.0,0.0
2026-02-26 14:42:09.179533,-0.2263,0.029200000000000077,0.0,0.0
2026-02-26 14:42:09.179672,-0.2263,0.0701833333333334,0.0,0.0
2026-02-26 14:42:09.179887,-0.2263,0.11185000000000007,0.0,0.0
2026-02-26 14:42:09.179923,-0.2263,0.04486666666666674,0.0,0.0
2026-02-26 14:42:09.180072,-0.2263,0.33436666666666676,0.0,0.0
2026-02-26 14:42:09.180275,-0.2263,0.2244166666666668,0.0,0.0
2026-02-26 14:42:09.493279,-0.2263,0.26930000000000015,0.25,0.0
2026-02-26 14:42:09.493654,-0.2263,0.19015000000000018,0.44344999999999996,0.0
2026-02-26 14:42:09.493717,-0.2263,0.17020000000000024,0.2956333333333333,0.0
2026-02-26 14:42:09.493913,-0.2263,0.25530000000000036,0.317175,0.0
2026-02-26 14:42:09.493972,-0.2263,0.0,0.25373999999999997,0.0
2026-02-26 14:42:09.494067,-0.2263,0.0,0.22627499999999998,0.0
2026-02-26 14:42:09.494091,-0.2263,0.0,0.1846083333333333,0.0
2026-02-26 14:42:09.494291,-0.2263,0.0,0.11617499999999997,0.0
2026-02-26 14:42:09.494375,-0.2263,0.0,0.11617499999999997,0.0
2026-02-26 14:42:09.494451,-0.2263,0.0,0.05254166666666665,0.0
2026-02-26 14:42:09.494479,-0.2263,0.0,0.05254166666666665,0.0
2026-02-26 14:42:09.494511,-0.2263,0.0,0.03771666666666665,0.0
2026-02-26 14:42:09.494637,-0.2263,0.0,0.03771666666666665,0.0
2026-02-26 14:42:09.494958,-0.2263,0.0,0.0,0.0
2026-02-26 14:42:09.495103,-0.2263,0.0,0.0,0.0
2026-02-26 14:42:09.634818,-0.6249,0.0,0.0,0.0
2026-02-26 14:42:09.634909,-0.4824500000000004,0.0,0.0,0.0
2026-02-26 14:42:09.635107,-0.10543333333333356,0.0,0.0,0.0
2026-02-26 14:42:09.635174,-0.07907500000000017,0.0,0.0,0.0
2026-02-26 14:42:09.635492,0.08533999999999986,0.0,0.0,0.0
2026-02-26 14:42:09.635556,0.07111666666666655,0.0,0.0,0.0
2026-02-26 14:42:09.635653,0.11506666666666654,0.0,0.0,0.0
2026-02-26 14:42:09.635860,0.1717333333333332,0.0,0.0,0.0
2026-02-26 14:42:09.636055,-0.02675000000000009,0.0,0.0,0.0
2026-02-26 14:42:09.636302,0.09834999999999992,0.0,0.0,0.0
2026-02-26 14:42:09.636548,0.023849999999999916,0.0,0.0,0.0
2026-02-26 14:42:09.636638,0.023849999999999916,0.0,0.0,0.0
2026-02-26 14:42:09.636825,0.07761666666666658,0.0,0.0,0.0
2026-02-26 14:42:09.636915,0.1306499999999999,0.0,0.0,0.0
2026-02-26 15:43:30.520593,0.2652399999999999,0.0,0.0,-0.0258
2026-02-26 15:43:30.520759,0.14389999999999986,0.0,0.0,-0.012900000000000472
2026-02-26 15:43:30.520882,0.09319999999999982,0.0,0.0,-0.10726666666666697
2026-02-26 15:43:30.521011,0.13979999999999973,0.0,0.0,-0.08045000000000023
2026-02-26 15:43:30.521226,0.3182,0.0,0.0,-0.019100000000000183
2026-02-26 15:43:30.521354,0.3182,0.0,0.0,-0.01591666666666682
2026-02-26 15:43:30.521465,0.3182,0.0,0.0,0.07616666666666651
2026-02-26 15:43:30.521675,0.3182,0.0,0.0,0.12169999999999985
2026-02-26 15:43:30.521746,0.3182,0.0,0.0,0.17103333333333318
2026-02-26 15:43:30.521842,0.3182,0.0,0.0,0.09763333333333317
2026-02-26 15:43:30.521957,0.3182,0.0,0.0,0.11411666666666649
2026-02-26 15:43:30.522054,0.3182,0.0,0.0,0.03179999999999983
2026-02-26 15:43:30.522259,0.3182,0.0,0.0,-0.010450000000000162
2026-02-26 15:43:30.522382,0.3182,0.0,0.0,-0.010450000000000162
2026-02-26 15:43:30.522680,0.3182,0.0,0.0,-0.010450000000000162
2026-02-26 15:43:30.674713,0.3182,-0.3612,0.0,0.0755399999999998
2026-02-26 15:43:30.674964,0.3182,-0.18059999999999973,0.0,0.013124999999999762
2026-02-26 15:43:30.675043,0.3182,-0.12039999999999983,0.0,0.18213333333333304
2026-02-26 15:43:30.675196,0.3182,-0.22197499999999987,0.0,0.13659999999999953
2026-02-26 15:43:30.675334,0.3182,-0.19536999999999988,0.0,0.0
2026-02-26 15:43:30.675497,0.3182,-0.16280833333333325,0.0,0.0
2026-02-26 15:43:30.675576,0.3182,-0.04594166666666657,0.0,0.0
2026-02-26 15:43:30.675730,0.3182,-0.045941666666666575,0.0,0.0
2026-02-26 15:43:30.675861,0.3182,0.021041666666666754,0.0,0.0
2026-02-26 15:43:30.676068,0.3182,-0.09557499999999991,0.0,0.0
2026-02-26 15:43:30.676197,0.3182,0.029200000000000077,0.0,0.0
2026-02-26 15:43:30.676332,0.3182,0.029200000000000084,0.0,0.0
2026-02-26 15:43:30.676485,0.3182,0.07018333333333342,0.0,0.0
2026-02-26 15:43:30.824461,0.3182,0.0842200000000001,0.05135,0.0
2026-02-26 15:43:30.824599,0.3182,0.004800000000000124,0.025674999999999944,0.0
2026-02-26 15:43:30.824703,0.3182,0.4152000000000002,0.01711666666666663,0.0
2026-02-26 15:43:30.824905,0.3182,0.29295000000000027,0.07533749999999997,0.0
2026-02-26 15:43:30.825246,0.3182,0.5859,0.18764999999999998,0.0
2026-02-26 15:43:30.825308,0.3182,0.5859,0.156375,0.0
2026-02-26 15:43:30.825505,0.3182,0.5859,0.21145,0.0
2026-02-26 15:43:30.825584,0.3182,0.5859,0.21145,0.0
2026-02-26 15:43:30.825686,0.3182,0.5859,0.22627499999999998,0.0
2026-02-26 15:43:30.825713,0.3182,0.5859,0.1846083333333333,0.0
2026-02-26 15:43:30.825915,0.3182,0.5859,0.11617499999999997,0.0
2026-02-26 15:43:30.825996,0.3182,0.5859,0.11617499999999997,0.0
2026-02-26 15:43:30.826079,0.3182,0.5859,0.05254166666666665,0.0
2026-02-26 15:43:30.826111,0.3182,0.5859,0.05254166666666665,0.0
2026-02-26 15:43:30.826148,0.3182,0.5859,0.03771666666666665,0.0
2026-02-26 15:43:30.945480,0.5583,0.5859,0.04525999999999998,0.0
2026-02-26 15:43:30.945639,0.2534749999999998,0.5859,0.0,0.0
2026-02-26 15:43:30.945850,0.16898333333333318,0.5859,0.0,0.0
2026-02-26 15:43:30.945962,0.13638749999999988,0.5859,0.0,0.0
2026-02-26 15:43:30.946103,-0.13455000000000011,0.5859,0.0,0.0
2026-02-26 15:43:30.946268,-0.1121250000000001,0.5859,0.0,0.0
2026-02-26 15:43:30.946609,-0.1415416666666668,0.5859,0.0,0.0
2026-02-26 15:43:30.946796,-0.13083333333333344,0.5859,0.0,0.0
2026-02-26 15:43:30.946943,-0.13083333333333344,0.5859,0.0,0.0
2026-02-26 15:43:30.947185,-0.05216666666666677,0.5859,0.0,0.0
2026-02-26 15:43:30.947331,0.04673333333333326,0.5859,0.0,0.0
2026-02-26 15:43:30.947403,-0.009933333333333414,0.5859,0.0,0.0
2026-02-26 15:43:30.947619,0.03453333333333325,0.5859,0.0,0.0
2026-02-26 15:43:30.947695,0.03238333333333325,0.5859,0.0,0.0
2026-02-26 16:45:07.788439,0.0388599999999999,0.5859,0.0,-0.0258
2026-02-26 16:45:07.788591,-0.07907500000000015,0.5859,0.0,-0.012900000000000472
2026-02-26 16:45:07.788708,0.10286666666666648,0.5859,0.0,-0.10726666666666697
2026-02-26 16:45:07.788850,0.3242999999999997,0.5859,0.0,-0.08045000000000023
2026-02-26 16:45:07.789061,0.0,0.5859,0.0,-0.019100000000000183
2026-02-26 16:45:07.789186,0.0,0.5859,0.0,-0.01591666666666682
2026-02-26 16:45:07.789295,0.0,0.5859,0.0,0.07616666666666651
2026-02-26 16:45:07.789475,0.0,0.5859,0.0,0.12169999999999985
2026-02-26 16:45:07.789539,0.0,0.5859,0.0,0.17103333333333318
2026-02-26 16:45:07.789635,0.0,0.5859,0.0,0.09763333333333317
2026-02-26 16:45:07.789746,0.0,0.5859,0.0,0.11411666666666649
2026-02-26 16:45:07.789851,0.0,0.5859,0.0,0.03179999999999983
2026-02-26 16:45:07.790058,0.0,0.5859,0.0,-0.010450000000000162
2026-02-26 16:45:07.790179,0.0,0.5859,0.0,-0.010450000000000162
2026-02-26 16:45:07.790431,0.0,0.5859,0.0,-0.010450000000000162
2026-02-26 16:45:07.947260,0.0,-0.4767,0.0,0.0755399999999998
2026-02-26 16:45:07.947409,0.0,-0.23834999999999973,0.0,0.013124999999999762
2026-02-26 16:45:07.947572,0.0,-0.28616666666666646,0.0,0.18213333333333304
2026-02-26 16:45:07.947666,0.0,-0.3049249999999999,0.0,0.13659999999999953
2026-02-26 16:45:07.947890,0.0,-0.2439399999999999,0.0,0.0
2026-02-26 16:45:07.947958,0.0,-0.20328333333333326,0.0,0.0
2026-02-26 16:45:07.948096,0.0,-0.21161666666666656,0.0,0.0
2026-02-26 16:45:07.948223,0.0,-0.22644166666666657,0.0,0.0
2026-02-26 16:45:07.948373,0.0,-0.16280833333333325,0.0,0.0
2026-02-26 16:45:07.948428,0.0,-0.04594166666666657,0.0,0.0
2026-02-26 16:45:07.948569,0.0,-0.04594166666666657,0.0,0.0
2026-02-26 16:45:07.948695,0.0,0.021041666666666764,0.0,0.0
2026-02-26 16:45:07.948904,0.0,-0.0955749999999999,0.0,0.0
2026-02-26 16:45:08.126930,0.0,-0.09689999999999988,0.4939,0.0
2026-02-26 16:45:08.126980,0.0,-0.12112499999999984,0.24694999999999995,0.0
2026-02-26 16:45:08.127095,0.0,-0.2748333333333331,0.23206666666666664,0.0
2026-02-26 16:45:08.127148,0.0,-0.4122499999999997,0.17404999999999998,0.0
2026-02-26 16:45:08.127372,0.0,-1.2264,0.28115999999999997,0.0
2026-02-26 16:45:08.127436,0.0,-1.2264,0.24285833333333331,0.0
2026-02-26 16:45:08.127518,0.0,-1.2264,0.16054166666666667,0.0
2026-02-26 16:45:08.127600,0.0,-1.2264,0.16054166666666667,0.0
2026-02-26 16:45:08.127783,0.0,-1.2264,0.16849166666666662,0.0
2026-02-26 16:45:08.128142,0.0,-1.2264,0.2746416666666667,0.0
2026-02-26 16:45:08.128199,0.0,-1.2264,0.156375,0.0
2026-02-26 16:45:08.128391,0.0,-1.2264,0.21145,0.0
2026-02-26 16:45:08.128449,0.0,-1.2264,0.21145,0.0
2026-02-26 16:45:08.128541,0.0,-1.2264,0.22627499999999998,0.0
2026-02-26 16:45:08.128567,0.0,-1.2264,0.1846083333333333,0.0
2026-02-26 16:45:08.254930,0.0,-1.2264,0.09414999999999996,0.0
2026-02-26 16:45:08.255122,-0.025675000000000222,-1.2264,0.11768749999999994,0.0
2026-02-26 16:45:08.255409,-0.22941666666666682,-1.2264,0.029649999999999937,0.0
2026-02-26 16:45:08.255619,-0.17206250000000012,-1.2264,0.044474999999999903,0.0
2026-02-26 16:45:08.255692,-0.1376500000000001,-1.2264,0.0,0.0
2026-02-26 16:45:08.255912,-0.15242500000000006,-1.2264,0.0,0.0
2026-02-26 16:45:08.256026,-0.10309166666666675,-1.2264,0.0,0.0
2026-02-26 16:45:08.256178,-0.030900000000000084,-1.2264,0.0,0.0
2026-02-26 16:45:08.256321,0.008266666666666589,-1.2264,0.0,0.0
2026-02-26 16:45:08.256517,0.1013166666666666,-1.2264,0.0,0.0
2026-02-26 16:45:08.256628,0.09275833333333326,-1.2264,0.0,0.0
2026-02-26 16:45:08.256818,0.13047499999999992,-1.2264,0.0,0.0
2026-02-26 17:51:50.082655,0.09736999999999991,-1.2264,0.0,0.0
2026-02-26 17:51:50.082923,0.026262499999999897,-1.2264,0.0,-0.012900000000000472
2026-02-26 17:51:50.083091,0.16898333333333318,-1.2264,0.0,-0.008600000000000314
2026-02-26 17:51:50.083243,-0.025675000000000225,-1.2264,0.0,-0.08045000000000023
2026-02-26 17:51:50.083368,0.0,-1.2264,0.0,-0.06436000000000018
2026-02-26 17:51:50.083576,0.0,-1.2264,0.0,-0.01591666666666682
2026-02-26 17:51:50.083702,0.0,-1.2264,0.0,-0.01591666666666682
2026-02-26 17:51:50.083812,0.0,-1.2264,0.0,0.07616666666666651
2026-02-26 17:51:50.083996,0.0,-1.2264,0.0,0.12169999999999985
2026-02-26 17:51:50.084061,0.0,-1.2264,0.0,0.17103333333333318
2026-02-26 17:51:50.084169,0.0,-1.2264,0.0,0.09763333333333317
2026-02-26 17:51:50.084281,0.0,-1.2264,0.0,0.11411666666666649
2026-02-26 17:51:50.084376,0.0,-1.2264,0.0,0.03179999999999983
2026-02-26 17:51:50.084581,0.0,-1.2264,0.0,-0.010450000000000162
2026-02-26 17:51:50.084700,0.0,-1.2264,0.0,-0.010450000000000162
2026-02-26 17:51:50.244026,0.0,0.0129,0.0,-0.012540000000000195
2026-02-26 17:51:50.244222,0.0,0.11960000000000033,0.0,0.09442499999999976
2026-02-26 17:51:50.244491,0.0,0.1471666666666669,0.0,0.017499999999999682
2026-02-26 17:51:50.244653,0.0,-0.008799999999999836,0.0,0.2732
2026-02-26 17:51:50.244796,0.0,-0.007039999999999868,0.0,0.2732
2026-02-26 17:51:50.244953,0.0,-0.06949999999999988,0.0,0.2732
2026-02-26 17:51:50.245047,0.0,-0.13184999999999988,0.0,0.2732
2026-02-26 17:51:50.245269,0.0,-0.16956666666666656,0.0,0.2732
2026-02-26 17:51:50.245335,0.0,-0.20328333333333323,0.0,0.2732
2026-02-26 17:51:50.245470,0.0,-0.21161666666666656,0.0,0.2732
2026-02-26 17:51:50.245598,0.0,-0.22644166666666654,0.0,0.2732
2026-02-26 17:51:50.245752,0.0,-0.16280833333333322,0.0,0.2732
2026-02-26 17:51:50.245808,0.0,-0.04594166666666655,0.0,0.2732
2026-02-26 17:51:50.397087,0.0,-0.05512999999999986,0.0,0.2732
2026-02-26 17:51:50.397332,0.0,-0.06891249999999982,0.21074999999999994,0.2732
2026-02-26 17:51:50.397637,0.0,0.08368333333333355,-0.27605,0.2732
2026-02-26 17:51:50.397754,0.0,0.17000000000000032,-0.2810375,0.2732
2026-02-26 17:51:50.397818,0.0,0.34,-0.22483,0.2732
2026-02-26 17:51:50.398079,0.0,0.34,-0.10504166666666666,0.2732
2026-02-26 17:51:50.398122,0.0,0.34,-0.10504166666666666,0.2732
2026-02-26 17:51:50.398244,0.0,0.34,-0.141575,0.2732
2026-02-26 17:51:50.398297,0.0,0.34,0.06669999999999998,0.2732
2026-02-26 17:51:50.398522,0.0,0.34,0.23429999999999998,0.2732
2026-02-26 17:51:50.398585,0.0,0.34,0.24285833333333331,0.2732
2026-02-26 17:51:50.398662,0.0,0.34,0.16054166666666667,0.2732
2026-02-26 17:51:50.398742,0.0,0.34,0.16054166666666667,0.2732
2026-02-26 17:51:50.398919,0.0,0.34,0.16849166666666662,0.2732
2026-02-26 17:51:50.399271,0.0,0.34,0.2746416666666667,0.2732
2026-02-26 17:51:50.573384,0.0,0.34,0.18765,0.2732
2026-02-26 17:51:50.573535,0.11314999999999978,0.34,0.221725,0.2732
2026-02-26 17:51:50.573876,-0.3635166666666669,0.34,0.29563333333333336,0.2732
2026-02-26 17:51:50.574153,-0.13706250000000014,0.34,0.44345,0.2732
2026-02-26 17:51:50.574223,-0.10965000000000011,0.34,0.6369,0.2732
2026-02-26 17:51:50.574339,-0.1583583333333334,0.34,0.6369,0.2732
2026-02-26 17:51:50.574523,-0.1583583333333334,0.34,0.6369,0.2732
2026-02-26 17:51:50.574580,-0.19607500000000008,0.34,0.6369,0.2732
2026-02-26 17:51:50.574748,0.014841666666666595,0.34,0.6369,0.2732
2026-02-26 17:51:50.575019,-0.18169166666666672,0.34,0.6369,0.2732
2026-02-26 17:51:50.575237,-0.18169166666666672,0.34,0.6369,0.2732
2026-02-26 17:51:50.575309,-0.11470833333333341,0.34,0.6369,0.2732
2026-02-26 17:51:50.575506,-0.15242500000000006,0.34,0.6369,0.2732
2026-02-26 18:38:08.999690,-0.18291000000000007,0.34,0.6369,0.0
2026-02-26 18:38:08.999938,-0.2158000000000001,0.34,0.6369,-0.012900000000000472
2026-02-26 18:38:09.000088,-0.07543333333333346,0.34,0.6369,-0.008600000000000314
2026-02-26 18:38:09.000224,-0.1131500000000002,0.34,0.6369,-0.08045000000000023
2026-02-26 18:38:09.000349,-0.2263,0.34,0.6369,-0.06436000000000018
2026-02-26 18:38:09.000548,-0.2263,0.34,0.6369,-0.01591666666666682
2026-02-26 18:38:09.000670,-0.2263,0.34,0.6369,-0.01591666666666682
2026-02-26 18:38:09.000777,-0.2263,0.34,0.6369,0.07616666666666651
2026-02-26 18:38:09.000957,-0.2263,0.34,0.6369,0.12169999999999985
2026-02-26 18:38:09.001021,-0.2263,0.34,0.6369,0.17103333333333318
2026-02-26 18:38:09.001114,-0.2263,0.34,0.6369,0.09763333333333317
2026-02-26 18:38:09.001242,-0.2263,0.34,0.6369,0.11411666666666649
2026-02-26 18:38:09.001336,-0.2263,0.34,0.6369,0.03179999999999983
2026-02-26 18:38:09.001538,-0.2263,0.34,0.6369,-0.010450000000000162
2026-02-26 18:38:09.001655,-0.2263,0.34,0.6369,-0.010450000000000162
2026-02-26 18:38:09.265094,-0.2263,0.0,0.6369,-0.012540000000000195
2026-02-26 18:38:09.265250,-0.2263,0.0,0.6369,0.09442499999999976
2026-02-26 18:38:09.265357,-0.2263,0.0,0.6369,0.017499999999999682
2026-02-26 18:38:09.265483,-0.2263,-0.19909999999999983,0.6369,0.2732
2026-02-26 18:38:09.265671,-0.2263,-0.16954999999999987,0.6369,0.2732
2026-02-26 18:38:09.265877,-0.2263,-0.2177583333333332,0.6369,0.2732
2026-02-26 18:38:09.266172,-0.2263,-0.20163333333333322,0.6369,0.2732
2026-02-26 18:38:09.266347,-0.2263,-0.19948333333333323,0.6369,0.2732
2026-02-26 18:38:09.266484,-0.2263,-0.16176666666666656,0.6369,0.2732
2026-02-26 18:38:09.266711,-0.2263,0.004683333333333446,0.6369,0.2732
2026-02-26 18:38:09.266860,-0.2263,-0.06620833333333322,0.6369,0.2732
2026-02-26 18:38:09.267000,-0.2263,0.010258333333333444,0.6369,0.2732
2026-02-26 18:38:09.267172,-0.2263,-0.06949999999999988,0.6369,0.2732
2026-02-26 18:38:09.267266,-0.2263,-0.13184999999999988,0.6369,0.2732
2026-02-26 18:38:09.516321,-0.2263,-0.20347999999999988,0.0,0.2732
2026-02-26 18:38:09.516406,-0.2263,-0.30492499999999984,0.0,0.2732
2026-02-26 18:38:09.516449,-0.2263,-0.24766666666666645,0.0,0.2732
2026-02-26 18:38:09.516511,-0.2263,-0.37149999999999966,0.0,0.2732
2026-02-26 18:38:09.516723,-0.2263,-0.3612,0.08429999999999997,0.2732
2026-02-26 18:38:09.517019,-0.2263,-0.3612,-0.138025,0.2732
2026-02-26 18:38:09.517155,-0.2263,-0.3612,-0.18735833333333332,0.2732
2026-02-26 18:38:09.517225,-0.2263,-0.3612,-0.18735833333333332,0.2732
2026-02-26 18:38:09.517496,-0.2263,-0.3612,-0.10504166666666666,0.2732
2026-02-26 18:38:09.517540,-0.2263,-0.3612,-0.10504166666666666,0.2732
2026-02-26 18:38:09.517648,-0.2263,-0.3612,-0.141575,0.2732
2026-02-26 18:38:09.517701,-0.2263,-0.3612,0.06669999999999998,0.2732
2026-02-26 18:38:09.517918,-0.2263,-0.3612,0.23429999999999998,0.2732
2026-02-26 18:38:09.517982,-0.2263,-0.3612,0.24285833333333331,0.2732
2026-02-26 18:38:09.518063,-0.2263,-0.3612,0.16054166666666667,0.2732
2026-02-26 18:38:09.775739,0.0,-0.3612,0.19265,0.2732
2026-02-26 18:38:09.775879,-0.025675000000000222,-0.3612,0.19023749999999998,0.2732
2026-02-26 18:38:09.775985,-0.017116666666666815,-0.3612,0.25365,0.2732
2026-02-26 18:38:09.776193,-0.0031875000000001104,-0.3612,0.025674999999999948,0.2732
2026-02-26 18:38:09.776319,0.010249999999999912,-0.3612,0.0,0.2732
2026-02-26 18:38:09.776432,-0.12419166666666674,-0.3612,0.0,0.2732
2026-02-26 18:38:09.776624,-0.04187500000000007,-0.3612,0.0,0.2732
2026-02-26 18:38:09.776759,0.023349999999999937,-0.3612,0.0,0.2732
2026-02-26 18:38:09.776939,-0.038400000000000066,-0.3612,0.0,0.2732
2026-02-26 18:38:09.777013,-0.0448333333333334,-0.3612,0.0,0.2732
2026-02-26 18:38:09.777169,-0.1780166666666667,-0.3612,0.0,0.2732
2026-02-26 18:38:09.777266,-0.09081666666666673,-0.3612,0.0,0.2732
2026-02-26 18:38:09.777461,-0.24960000000000004,-0.3612,0.0,0.2732
2026-02-26 18:38:09.777562,-0.30626666666666674,-0.3612,0.0,0.2732
2026-02-26 19:37:13.571323,-0.2934200000000001,-0.3612,0.0,0.0
2026-02-26 19:37:13.571571,-0.36677500000000013,-0.3612,0.0,-0.012900000000000472
2026-02-26 19:37:13.571746,-0.2440000000000002,-0.3612,0.0,-0.008600000000000314
2026-02-26 19:37:13.571866,-0.22940000000000027,-0.3612,0.0,-0.08045000000000023
2026-02-26 19:37:13.571998,0.0,-0.3612,0.0,-0.06436000000000018
2026-02-26 19:37:13.572209,0.0,-0.3612,0.0,-0.01591666666666682
2026-02-26 19:37:13.572336,0.0,-0.3612,0.0,-0.01591666666666682
2026-02-26 19:37:13.572448,0.0,-0.3612,0.0,0.07616666666666651
2026-02-26 19:37:13.572637,0.0,-0.3612,0.0,0.12169999999999985
2026-02-26 19:37:13.572721,0.0,-0.3612,0.0,0.17103333333333318
2026-02-26 19:37:13.572821,0.0,-0.3612,0.0,0.09763333333333317
2026-02-26 19:37:13.572939,0.0,-0.3612,0.0,0.11411666666666649
2026-02-26 19:37:13.573033,0.0,-0.3612,0.0,0.03179999999999983
2026-02-26 19:37:13.573245,0.0,-0.3612,0.0,-0.010450000000000162
2026-02-26 19:37:13.573368,0.0,-0.3612,0.0,-0.010450000000000162
2026-02-26 19:37:13.728382,0.0,0.0,0.0,-0.012540000000000195
2026-02-26 19:37:13.728581,0.0,-0.29294999999999966,0.0,0.09442499999999976
2026-02-26 19:37:13.728627,0.0,-0.19529999999999978,0.0,0.017499999999999682
2026-02-26 19:37:13.728768,0.0,-0.14647499999999983,0.0,0.2732
2026-02-26 19:37:13.728872,0.0,-0.11717999999999987,0.0,0.2732
2026-02-26 19:37:13.728996,0.0,-0.23038333333333325,0.0,0.2732
2026-02-26 19:37:13.729182,0.0,-0.23894166666666652,0.0,0.2732
2026-02-26 19:37:13.729391,0.0,-0.2177583333333332,0.0,0.2732
2026-02-26 19:37:13.729682,0.0,-0.20163333333333322,0.0,0.2732
2026-02-26 19:37:13.729868,0.0,-0.19948333333333323,0.0,0.2732
2026-02-26 19:37:13.730005,0.0,-0.16176666666666656,0.0,0.2732
2026-02-26 19:37:13.730235,0.0,0.004683333333333446,0.0,0.2732
2026-02-26 19:37:13.730382,0.0,-0.06620833333333322,0.0,0.2732
2026-02-26 19:37:13.730528,0.0,0.010258333333333444,0.0,0.2732
2026-02-26 19:37:13.831851,0.0,-0.007039999999999868,0.0,0.2732
2026-02-26 19:37:13.831992,0.0,-0.012024999999999836,-0.14800000000000005,0.2732
2026-02-26 19:37:13.832058,0.0,-0.09146666666666646,-0.0986666666666667,0.2732
2026-02-26 19:37:13.832133,0.0,-0.23834999999999967,-0.07400000000000002,0.2732
2026-02-26 19:37:13.832179,0.0,0.0,-0.059200000000000016,0.2732
2026-02-26 19:37:13.832239,0.0,0.0,-0.04933333333333335,0.2732
2026-02-26 19:37:13.832442,0.0,0.0,0.02091666666666665,0.2732
2026-02-26 19:37:13.832763,0.0,0.0,-0.138025,0.2732
2026-02-26 19:37:13.832881,0.0,0.0,-0.18735833333333332,0.2732
2026-02-26 19:37:13.832947,0.0,0.0,-0.18735833333333332,0.2732
2026-02-26 19:37:13.833209,0.0,0.0,-0.10504166666666666,0.2732
2026-02-26 19:37:13.833253,0.0,0.0,-0.10504166666666666,0.2732
2026-02-26 19:37:13.833362,0.0,0.0,-0.141575,0.2732
2026-02-26 19:37:13.833414,0.0,0.0,0.06669999999999998,0.2732
2026-02-26 19:37:13.950254,-0.4588,0.0,0.13923999999999997,0.2732
2026-02-26 19:37:13.950398,-0.22940000000000021,0.0,0.17404999999999998,0.2732
2026-02-26 19:37:13.950620,-0.12535000000000016,0.0,0.06743333333333329,0.2732
2026-02-26 19:37:13.950737,-0.0717750000000001,0.0,0.10114999999999993,0.2732
2026-02-26 19:37:13.950837,-0.03963000000000009,0.0,0.0,0.2732
2026-02-26 19:37:13.950997,-0.033025000000000075,0.0,0.0,0.2732
2026-02-26 19:37:13.951129,-0.04694166666666674,0.0,0.0,0.2732
2026-02-26 19:37:13.951349,-0.04694166666666674,0.0,0.0,0.2732
2026-02-26 19:37:13.951553,-0.06073333333333341,0.0,0.0,0.2732
2026-02-26 19:37:13.951690,-0.08411666666666674,0.0,0.0,0.2732
2026-02-26 19:37:13.951792,-0.09894166666666675,0.0,0.0,0.2732
2026-02-26 19:37:13.951979,-0.09250833333333341,0.0,0.0,0.2732
2026-02-26 19:37:13.952105,0.008541666666666593,0.0,0.0,0.2732
2026-02-26 19:37:13.952215,-0.12419166666666674,0.0,0.0,0.2732
2026-02-26 19:37:13.952448,-0.04187500000000007,0.0,0.0,0.2732
2026-02-26 20:25:30.220441,-0.039980000000000085,0.0,0.0,-0.2263
2026-02-26 20:25:30.220564,-0.0499750000000001,0.0,0.0,-0.11315000000000047
2026-02-26 20:25:30.220799,-0.07950000000000014,0.0,0.0,-0.08403333333333364
2026-02-26 20:25:30.220951,-0.15125000000000022,0.0,0.0,-0.06302500000000023
2026-02-26 20:25:30.221077,0.4939,0.0,0.0,-0.10962000000000019
2026-02-26 20:25:30.221214,0.4939,0.0,0.0,-0.09135000000000015
2026-02-26 20:25:30.221467,0.4939,0.0,0.0,-0.01591666666666682
2026-02-26 20:25:30.221605,0.4939,0.0,0.0,-0.01591666666666682
2026-02-26 20:25:30.221726,0.4939,0.0,0.0,0.07616666666666651
2026-02-26 20:25:30.221935,0.4939,0.0,0.0,0.12169999999999985
2026-02-26 20:25:30.222009,0.4939,0.0,0.0,0.17103333333333318
2026-02-26 20:25:30.222110,0.4939,0.0,0.0,0.09763333333333317
2026-02-26 20:25:30.222213,0.4939,0.0,0.0,0.11411666666666649
2026-02-26 20:25:30.222303,0.4939,0.0,0.0,0.03179999999999983
2026-02-26 20:25:30.222490,0.4939,0.0,0.0,-0.010450000000000162
2026-02-26 20:25:30.410829,0.4939,0.0,0.0,-0.0671800000000002
2026-02-26 20:25:30.411041,0.4939,-0.29294999999999966,0.0,-0.08397500000000024
2026-02-26 20:25:30.411094,0.4939,-0.19529999999999978,0.0,0.034833333333333015
2026-02-26 20:25:30.411224,0.4939,-0.14647499999999983,0.0,-0.11035000000000048
2026-02-26 20:25:30.411349,0.4939,-0.11717999999999987,0.0,0.2732
2026-02-26 20:25:30.411480,0.4939,-0.23038333333333325,0.0,0.2732
2026-02-26 20:25:30.411686,0.4939,-0.23894166666666652,0.0,0.2732
2026-02-26 20:25:30.411910,0.4939,-0.2177583333333332,0.0,0.2732
2026-02-26 20:25:30.412223,0.4939,-0.20163333333333322,0.0,0.2732
2026-02-26 20:25:30.412427,0.4939,-0.19948333333333323,0.0,0.2732
2026-02-26 20:25:30.412571,0.4939,-0.16176666666666656,0.0,0.2732
2026-02-26 20:25:30.412775,0.4939,0.004683333333333446,0.0,0.2732
2026-02-26 20:25:30.412907,0.4939,-0.06620833333333322,0.0,0.2732
2026-02-26 20:25:30.413032,0.4939,0.010258333333333444,0.0,0.2732
2026-02-26 20:25:30.855548,0.4939,-0.007039999999999868,0.0,0.2732
2026-02-26 20:25:30.855648,0.4939,-0.012024999999999836,0.0,0.2732
2026-02-26 20:25:30.855754,0.4939,-0.09146666666666646,0.0,0.2732
2026-02-26 20:25:30.855857,0.4939,-0.23834999999999967,0.0,0.2732
2026-02-26 20:25:30.855950,0.4939,0.0,0.0,0.2732
2026-02-26 20:25:30.856069,0.4939,0.0,-0.04933333333333335,0.2732
2026-02-26 20:25:30.856128,0.4939,0.0,-0.04933333333333335,0.2732
2026-02-26 20:25:30.856198,0.4939,0.0,-0.04933333333333335,0.2732
2026-02-26 20:25:30.856239,0.4939,0.0,-0.04933333333333335,0.2732
2026-02-26 20:25:30.856294,0.4939,0.0,-0.04933333333333335,0.2732
2026-02-26 20:25:30.856494,0.4939,0.0,0.02091666666666665,0.2732
2026-02-26 20:25:30.856773,0.4939,0.0,-0.138025,0.2732
2026-02-26 20:25:30.856880,0.4939,0.0,-0.18735833333333332,0.2732
2026-02-26 20:25:30.856939,0.4939,0.0,-0.18735833333333332,0.2732
2026-02-26 20:25:31.067390,0.3595,0.0,-0.22483,0.2732
2026-02-26 20:25:31.067554,0.3595,0.0,-0.2810375,0.2732
2026-02-26 20:25:31.067726,0.3736333333333332,0.0,-0.5152166666666667,0.2732
2026-02-26 20:25:31.067997,0.39492499999999986,0.0,-0.14800000000000002,0.2732
2026-02-26 20:25:31.068251,0.2706799999999999,0.0,0.0,0.2732
2026-02-26 20:25:31.068436,0.3020333333333332,0.0,0.0,0.2732
2026-02-26 20:25:31.068603,0.3185833333333333,0.0,0.0,0.2732
2026-02-26 20:25:31.068803,0.3351333333333333,0.0,0.0,0.2732
2026-02-26 20:25:31.068998,0.2681499999999999,0.0,0.0,0.2732
2026-02-26 20:25:31.069211,0.11521666666666659,0.0,0.0,0.2732
2026-02-26 20:25:31.069329,0.15293333333333325,0.0,0.0,0.2732
2026-02-26 20:25:31.069524,0.09025833333333326,0.0,0.0,0.2732
2026-02-26 20:25:31.069608,0.028616666666666596,0.0,0.0,0.2732
2026-02-26 20:25:31.069693,-0.033025000000000075,0.0,0.0,0.2732
2026-02-26 20:25:31.069826,-0.033025000000000075,0.0,0.0,0.2732
2026-02-26 21:24:30.618903,0.05212999999999991,0.0,0.0,-0.2263
2026-02-26 21:24:30.619020,0.06516249999999989,0.0,0.0,-0.11315000000000047
2026-02-26 21:24:30.619231,0.05929999999999985,0.0,0.0,-0.08403333333333364
2026-02-26 21:24:30.619370,0.04447499999999977,0.0,0.0,-0.06302500000000023
2026-02-26 21:24:30.619483,0.0,0.0,0.0,-0.10962000000000019
2026-02-26 21:24:30.619605,0.0,0.0,0.0,-0.09135000000000015
2026-02-26 21:24:30.619824,0.0,0.0,0.0,-0.01591666666666682
2026-02-26 21:24:30.619950,0.0,0.0,0.0,-0.01591666666666682
2026-02-26 21:24:30.620058,0.0,0.0,0.0,0.07616666666666651
2026-02-26 21:24:30.620242,0.0,0.0,0.0,0.12169999999999985
2026-02-26 21:24:30.620308,0.0,0.0,0.0,0.17103333333333318
2026-02-26 21:24:30.620404,0.0,0.0,0.0,0.09763333333333317
2026-02-26 21:24:30.620517,0.0,0.0,0.0,0.11411666666666649
2026-02-26 21:24:30.620610,0.0,0.0,0.0,0.03179999999999983
2026-02-26 21:24:30.620835,0.0,0.0,0.0,-0.010450000000000162
2026-02-26 21:24:30.742227,0.0,-0.7964,0.0,-0.0671800000000002
2026-02-26 21:24:30.742411,0.0,-0.39819999999999967,0.0,-0.08397500000000024
2026-02-26 21:24:30.742539,0.0,-0.26546666666666646,0.0,0.034833333333333015
2026-02-26 21:24:30.742815,0.0,-0.3952249999999998,0.0,-0.11035000000000048
2026-02-26 21:24:30.742918,0.0,-0.31617999999999985,0.0,0.2732
2026-02-26 21:24:30.743091,0.0,-0.36113333333333325,0.0,0.2732
2026-02-26 21:24:30.743134,0.0,-0.22839999999999985,0.0,0.2732
2026-02-26 21:24:30.743239,0.0,-0.22839999999999985,0.0,0.2732
2026-02-26 21:24:30.743338,0.0,-0.22839999999999985,0.0,0.2732
2026-02-26 21:24:30.743447,0.0,-0.23038333333333325,0.0,0.2732
2026-02-26 21:24:30.743637,0.0,-0.23894166666666652,0.0,0.2732
2026-02-26 21:24:30.743839,0.0,-0.2177583333333332,0.0,0.2732
2026-02-26 21:24:30.744114,0.0,-0.20163333333333322,0.0,0.2732
2026-02-26 21:24:30.744284,0.0,-0.19948333333333323,0.0,0.2732
2026-02-26 21:24:30.839322,0.0,-0.23937999999999987,0.0,0.2732
2026-02-26 21:24:30.839435,0.0,-0.10012499999999985,0.0,0.2732
2026-02-26 21:24:30.839563,0.0,-0.11638333333333313,0.0,0.2732
2026-02-26 21:24:30.839664,0.0,0.05482500000000029,0.0,0.2732
2026-02-26 21:24:30.839831,0.0,0.0129,0.0,0.2732
2026-02-26 21:24:30.839882,0.0,0.0129,0.0,0.2732
2026-02-26 21:24:30.839949,0.0,0.0129,0.0,0.2732
2026-02-26 21:24:30.840031,0.0,0.0129,0.0,0.2732
2026-02-26 21:24:30.840119,0.0,0.0129,0.0,0.2732
2026-02-26 21:24:30.840199,0.0,0.0129,0.0,0.2732
2026-02-26 21:24:30.840315,0.0,0.0129,-0.04933333333333335,0.2732
2026-02-26 21:24:30.840376,0.0,0.0129,-0.04933333333333335,0.2732
2026-02-26 21:24:30.840446,0.0,0.0129,-0.04933333333333335,0.2732
2026-02-26 21:24:30.840486,0.0,0.0129,-0.04933333333333335,0.2732
2026-02-26 21:24:30.989776,0.0,0.0129,-0.059200000000000016,0.2732
2026-02-26 21:24:30.990002,-0.3891500000000002,0.0129,-0.07400000000000002,0.2732
2026-02-26 21:24:30.990223,-0.37983333333333347,0.0129,0.0,0.2732
2026-02-26 21:24:30.990265,-0.2848750000000001,0.0129,0.0,0.2732
2026-02-26 21:24:30.990504,-0.22790000000000007,0.0129,0.0,0.2732
2026-02-26 21:24:30.990784,-0.059166666666666735,0.0129,0.0,0.2732
2026-02-26 21:24:30.991023,-0.18300000000000005,0.0129,0.0,0.2732
2026-02-26 21:24:30.991163,0.006633333333333259,0.0129,0.0,0.2732
2026-02-26 21:24:30.991290,0.12674999999999992,0.0129,0.0,0.2732
2026-02-26 21:24:30.991436,0.19373333333333323,0.0129,0.0,0.2732
2026-02-26 21:24:30.991672,0.27019999999999994,0.0129,0.0,0.2732
2026-02-26 21:24:30.991928,0.10173333333333327,0.0129,0.0,0.2732
2026-02-26 21:24:30.992120,0.30203333333333326,0.0129,0.0,0.2732
2026-02-26 21:24:30.992302,0.3185833333333333,0.0129,0.0,0.2732
2026-02-26 21:24:30.992521,0.3351333333333333,0.0129,0.0,0.2732
2026-02-26 22:22:33.306556,0.32177999999999995,0.0129,0.0,-0.2263
2026-02-26 22:22:33.306681,0.2875249999999999,0.0129,0.0,-0.11315000000000047
2026-02-26 22:22:33.306914,0.4588,0.0129,0.0,-0.08403333333333364
2026-02-26 22:22:33.307064,0.4588,0.0129,0.0,-0.06302500000000023
2026-02-26 22:22:33.307182,0.4588,0.0129,0.0,-0.10962000000000019
2026-02-26 22:22:33.307305,0.4588,0.0129,0.0,-0.09135000000000015
2026-02-26 22:22:33.307528,0.4588,0.0129,0.0,-0.01591666666666682
2026-02-26 22:22:33.307655,0.4588,0.0129,0.0,-0.01591666666666682
2026-02-26 22:22:33.307763,0.4588,0.0129,0.0,0.07616666666666651
2026-02-26 22:22:33.307950,0.4588,0.0129,0.0,0.12169999999999985
2026-02-26 22:22:33.308016,0.4588,0.0129,0.0,0.17103333333333318
2026-02-26 22:22:33.308113,0.4588,0.0129,0.0,0.09763333333333317
2026-02-26 22:22:33.308226,0.4588,0.0129,0.0,0.11411666666666649
2026-02-26 22:22:33.308318,0.4588,0.0129,0.0,0.03179999999999983
2026-02-26 22:22:33.308559,0.4588,0.0129,0.0,-0.010450000000000162
2026-02-26 22:22:33.583012,0.4588,0.0,0.0,-0.0671800000000002
2026-02-26 22:22:33.583254,0.4588,-0.39819999999999967,0.0,-0.08397500000000024
2026-02-26 22:22:33.583423,0.4588,-0.26546666666666646,0.0,0.034833333333333015
2026-02-26 22:22:33.583561,0.4588,-0.19909999999999983,0.0,-0.11035000000000048
2026-02-26 22:22:33.583813,0.4588,-0.31617999999999985,0.0,0.2732
2026-02-26 22:22:33.583909,0.4588,-0.26348333333333324,0.0,0.2732
2026-02-26 22:22:33.584083,0.4588,-0.36113333333333325,0.0,0.2732
2026-02-26 22:22:33.584124,0.4588,-0.22839999999999985,0.0,0.2732
2026-02-26 22:22:33.584227,0.4588,-0.22839999999999985,0.0,0.2732
2026-02-26 22:22:33.584321,0.4588,-0.22839999999999985,0.0,0.2732
2026-02-26 22:22:33.584430,0.4588,-0.23038333333333325,0.0,0.2732
2026-02-26 22:22:33.584618,0.4588,-0.23894166666666652,0.0,0.2732
2026-02-26 22:22:33.584818,0.4588,-0.2177583333333332,0.0,0.2732
2026-02-26 22:22:33.585083,0.4588,-0.20163333333333322,0.0,0.2732
2026-02-26 22:22:33.841436,0.4588,-0.24195999999999987,0.05135,0.2732
2026-02-26 22:22:33.841578,0.4588,-0.30244999999999983,0.025674999999999944,0.2732
2026-02-26 22:22:33.841674,0.4588,-0.13779999999999978,0.01711666666666663,0.2732
2026-02-26 22:22:33.841797,0.4588,-0.18102499999999966,0.012837499999999972,0.2732
2026-02-26 22:22:33.841874,0.4588,0.09675,0.010269999999999977,0.2732
2026-02-26 22:22:33.842037,0.4588,0.09675,0.008558333333333315,0.2732
2026-02-26 22:22:33.842086,0.4588,0.09675,0.0,0.2732
2026-02-26 22:22:33.842150,0.4588,0.09675,0.0,0.2732
2026-02-26 22:22:33.842233,0.4588,0.09675,0.0,0.2732
2026-02-26 22:22:33.842317,0.4588,0.09675,0.0,0.2732
2026-02-26 22:22:33.842393,0.4588,0.09675,0.0,0.2732
2026-02-26 22:22:33.842518,0.4588,0.09675,-0.04933333333333335,0.2732
2026-02-26 22:22:33.842578,0.4588,0.09675,-0.04933333333333335,0.2732
2026-02-26 22:22:33.842646,0.4588,0.09675,-0.04933333333333335,0.2732
2026-02-26 22:22:34.079166,0.0,0.09675,-0.059200000000000016,0.2732
2026-02-26 22:22:34.079348,-0.34540000000000015,0.09675,-0.07400000000000002,0.2732
2026-02-26 22:22:34.079449,-0.2302666666666668,0.09675,-0.0986666666666667,0.2732
2026-02-26 22:22:34.079576,-0.1727000000000001,0.09675,0.0,0.2732
2026-02-26 22:22:34.079695,-0.2335000000000001,0.09675,0.0,0.2732
2026-02-26 22:22:34.079818,-0.2769000000000001,0.09675,0.0,0.2732
2026-02-26 22:22:34.079873,-0.2769000000000001,0.09675,0.0,0.2732
2026-02-26 22:22:34.080049,-0.29440000000000005,0.09675,0.0,0.2732
2026-02-26 22:22:34.080134,-0.29440000000000005,0.09675,0.0,0.2732
2026-02-26 22:22:34.080327,-0.42411666666666675,0.09675,0.0,0.2732
2026-02-26 22:22:34.080549,-0.4048666666666667,0.09675,0.0,0.2732
2026-02-26 22:22:34.080585,-0.32255000000000006,0.09675,0.0,0.2732
2026-02-26 22:22:34.080811,-0.32255000000000006,0.09675,0.0,0.2732
2026-02-27 14:32:44.368934,-0.22790000000000007,0.09675,0.0,0.5574
2026-02-27 14:32:44.369220,-0.2848750000000001,0.09675,0.0,0.16554999999999956
2026-02-27 14:32:44.369336,-0.12040000000000013,0.09675,0.0,0.11036666666666638
2026-02-27 14:32:44.369541,0.0,0.09675,0.0,0.07632499999999978
2026-02-27 14:32:44.369671,0.0,0.09675,0.0,0.06105999999999982
2026-02-27 14:32:44.369778,0.0,0.09675,0.0,0.001549999999999857
2026-02-27 14:32:44.369893,0.0,0.09675,0.0,-0.09135000000000015
2026-02-27 14:32:44.370091,0.0,0.09675,0.0,-0.0159166666666668
2026-02-27 14:32:44.370209,0.0,0.09675,0.0,-0.0159166666666668
2026-02-27 14:32:44.370327,0.0,0.09675,0.0,0.07616666666666652
2026-02-27 14:32:44.370512,0.0,0.09675,0.0,0.12169999999999985
2026-02-27 14:32:44.370576,0.0,0.09675,0.0,0.17103333333333318
2026-02-27 14:32:44.370669,0.0,0.09675,0.0,0.0976333333333332
2026-02-27 14:32:44.370778,0.0,0.09675,0.0,0.11411666666666652
2026-02-27 14:32:44.370868,0.0,0.09675,0.0,0.03179999999999985
2026-02-27 14:32:44.525024,0.0,0.0,0.0,-0.06718000000000017
2026-02-27 14:32:44.525267,0.0,0.032000000000000334,0.0,-0.15227500000000022
2026-02-27 14:32:44.525517,0.0,-0.20559999999999978,0.0,-0.20303333333333362
2026-02-27 14:32:44.525697,0.0,-0.058749999999999816,0.0,-0.08435000000000042
2026-02-27 14:32:44.525777,0.0,-0.10163999999999987,0.0,-0.4939
2026-02-27 14:32:44.525912,0.0,-0.08469999999999989,0.0,-0.4939
2026-02-27 14:32:44.526051,0.0,-0.08469999999999989,0.0,-0.4939
2026-02-27 14:32:44.526177,0.0,-0.16234999999999988,0.0,-0.4939
2026-02-27 14:32:44.526339,0.0,-0.0488833333333332,0.0,-0.4939
2026-02-27 14:32:44.526479,0.0,-0.11251666666666653,0.0,-0.4939
2026-02-27 14:32:44.526591,0.0,-0.025316666666666533,0.0,-0.4939
2026-02-27 14:32:44.526792,0.0,0.05978333333333347,0.0,-0.4939
2026-02-27 14:32:44.526848,0.0,0.05978333333333347,0.0,-0.4939
2026-02-27 14:32:44.527111,0.0,0.03898333333333348,0.0,-0.4939
2026-02-27 14:32:44.690920,0.0,0.046780000000000176,0.0,-0.4939
2026-02-27 14:32:44.691096,0.0,0.05847500000000022,-0.19090000000000004,-0.4939
2026-02-27 14:32:44.691175,0.0,-0.005366666666666371,-0.1272666666666667,-0.4939
2026-02-27 14:32:44.691260,0.0,-0.2633499999999996,-0.19592500000000002,-0.4939
2026-02-27 14:32:44.691502,0.0,-0.5267,-0.14394,-0.4939
2026-02-27 14:32:44.691723,0.0,-0.5267,-0.03485000000000001,-0.4939
2026-02-27 14:32:44.692074,0.0,-0.5267,0.0028666666666666563,-0.4939
2026-02-27 14:32:44.692266,0.0,-0.5267,0.17251666666666665,-0.4939
2026-02-27 14:32:44.692364,0.0,-0.5267,0.17251666666666665,-0.4939
2026-02-27 14:32:44.692438,0.0,-0.5267,0.14911666666666665,-0.4939
2026-02-27 14:32:44.692584,0.0,-0.5267,0.13845,-0.4939
2026-02-27 14:32:44.692788,0.0,-0.5267,0.059783333333333306,-0.4939
2026-02-27 14:32:44.692840,0.0,-0.5267,0.022066666666666637,-0.4939
2026-02-27 14:32:44.693037,0.0,-0.5267,-0.08395000000000002,-0.4939
2026-02-27 14:32:44.693183,0.0,-0.5267,-0.13328333333333334,-0.4939
2026-02-27 14:32:45.165911,-0.6124,-0.5267,-0.05148000000000001,-0.4939
2026-02-27 14:32:45.166106,-0.30620000000000025,-0.5267,-0.06435000000000002,-0.4939
2026-02-27 14:32:45.166425,-0.3446333333333335,-0.5267,-0.0986666666666667,-0.4939
2026-02-27 14:32:45.166691,-0.2520250000000001,-0.5267,-0.14800000000000005,-0.4939
2026-02-27 14:32:45.166810,-0.07424000000000008,-0.5267,-0.296,-0.4939
2026-02-27 14:32:45.167010,-0.005200000000000066,-0.5267,-0.296,-0.4939
2026-02-27 14:32:45.167103,0.09686666666666661,-0.5267,-0.296,-0.4939
2026-02-27 14:32:45.167335,0.10962499999999996,-0.5267,-0.296,-0.4939
2026-02-27 14:32:45.167455,0.17987499999999992,-0.5267,-0.296,-0.4939
2026-02-27 14:32:45.167616,0.17557499999999995,-0.5267,-0.296,-0.4939
2026-02-27 14:32:45.167736,0.07372499999999994,-0.5267,-0.296,-0.4939
2026-02-27 14:32:45.167839,0.05077499999999994,-0.5267,-0.296,-0.4939
2026-02-27 14:32:45.168010,0.12102499999999994,-0.5267,-0.296,-0.4939
2026-02-27 14:52:58.197376,0.12991999999999992,-0.5267,-0.296,0.5574
2026-02-27 14:52:58.197645,0.1623999999999999,-0.5267,-0.296,0.16554999999999956
2026-02-27 14:52:58.197735,0.21653333333333322,-0.5267,-0.296,0.11036666666666638
2026-02-27 14:52:58.197947,0.3118999999999998,-0.5267,-0.296,0.07632499999999978
2026-02-27 14:52:58.198079,0.4215,-0.5267,-0.296,0.06105999999999982
2026-02-27 14:52:58.198186,0.4215,-0.5267,-0.296,0.001549999999999857
2026-02-27 14:52:58.198302,0.4215,-0.5267,-0.296,-0.09135000000000015
2026-02-27 14:52:58.198503,0.4215,-0.5267,-0.296,-0.0159166666666668
2026-02-27 14:52:58.198622,0.4215,-0.5267,-0.296,-0.0159166666666668
2026-02-27 14:52:58.198726,0.4215,-0.5267,-0.296,0.07616666666666652
2026-02-27 14:52:58.198919,0.4215,-0.5267,-0.296,0.12169999999999985
2026-02-27 14:52:58.198986,0.4215,-0.5267,-0.296,0.17103333333333318
2026-02-27 14:52:58.199079,0.4215,-0.5267,-0.296,0.0976333333333332
2026-02-27 14:52:58.199190,0.4215,-0.5267,-0.296,0.11411666666666652
2026-02-27 14:52:58.199278,0.4215,-0.5267,-0.296,0.03179999999999985
2026-02-27 14:52:58.495694,0.4215,-0.5859,-0.296,-0.06718000000000017
2026-02-27 14:52:58.495803,0.4215,-0.2929499999999996,-0.296,-0.15227500000000022
2026-02-27 14:52:58.496076,0.4215,-0.17396666666666638,-0.296,-0.20303333333333362
2026-02-27 14:52:58.496299,0.4215,-0.3006749999999998,-0.296,-0.08435000000000042
2026-02-27 14:52:58.496476,0.4215,-0.16417999999999985,-0.296,-0.4939
2026-02-27 14:52:58.496557,0.4215,-0.18234999999999987,-0.296,-0.4939
2026-02-27 14:52:58.496684,0.4215,-0.08469999999999989,-0.296,-0.4939
2026-02-27 14:52:58.496816,0.4215,-0.08469999999999989,-0.296,-0.4939
2026-02-27 14:52:58.496954,0.4215,-0.16234999999999988,-0.296,-0.4939
2026-02-27 14:52:58.497102,0.4215,-0.0488833333333332,-0.296,-0.4939
2026-02-27 14:52:58.497237,0.4215,-0.11251666666666653,-0.296,-0.4939
2026-02-27 14:52:58.497347,0.4215,-0.025316666666666533,-0.296,-0.4939
2026-02-27 14:52:58.497545,0.4215,0.05978333333333347,-0.296,-0.4939
2026-02-27 14:52:58.497601,0.4215,0.05978333333333347,-0.296,-0.4939
2026-02-27 14:52:58.628068,0.4215,0.15212000000000017,0.0,-0.4939
2026-02-27 14:52:58.628246,0.4215,0.1901500000000002,-0.19090000000000007,-0.4939
2026-02-27 14:52:58.628326,0.4215,0.2535333333333336,-0.12726666666666672,-0.4939
2026-02-27 14:52:58.628414,0.4215,0.2553000000000004,-0.19592500000000002,-0.4939
2026-02-27 14:52:58.628639,0.4215,0.0,-0.14394,-0.4939
2026-02-27 14:52:58.628876,0.4215,0.0,-0.03485000000000001,-0.4939
2026-02-27 14:52:58.629229,0.4215,0.0,0.0028666666666666563,-0.4939
2026-02-27 14:52:58.629414,0.4215,0.0,0.17251666666666665,-0.4939
2026-02-27 14:52:58.629497,0.4215,0.0,0.17251666666666665,-0.4939
2026-02-27 14:52:58.629570,0.4215,0.0,0.14911666666666665,-0.4939
2026-02-27 14:52:58.629718,0.4215,0.0,0.13845,-0.4939
2026-02-27 14:52:58.629943,0.4215,0.0,0.059783333333333306,-0.4939
2026-02-27 14:52:58.629998,0.4215,0.0,0.022066666666666637,-0.4939
2026-02-27 14:52:58.630201,0.4215,0.0,-0.08395000000000002,-0.4939
2026-02-27 14:52:58.630351,0.4215,0.0,-0.13328333333333334,-0.4939
2026-02-27 14:52:58.805686,0.0,0.0,-0.05148000000000001,-0.4939
2026-02-27 14:52:58.805846,-0.2997000000000002,0.0,-0.06435000000000002,-0.4939
2026-02-27 14:52:58.806093,-0.4039333333333335,0.0,-0.0986666666666667,-0.4939
2026-02-27 14:52:58.806354,-0.4083250000000001,0.0,-0.14800000000000005,-0.4939
2026-02-27 14:52:58.806615,-0.32150000000000006,0.0,-0.296,-0.4939
2026-02-27 14:52:58.806790,-0.26791666666666675,0.0,-0.296,-0.4939
2026-02-27 14:52:58.806925,-0.16176666666666673,0.0,-0.296,-0.4939
2026-02-27 14:52:58.807127,-0.0052000000000000475,0.0,-0.296,-0.4939
2026-02-27 14:52:58.807219,0.09686666666666661,0.0,-0.296,-0.4939
2026-02-27 14:52:58.807438,0.17987499999999992,0.0,-0.296,-0.4939
2026-02-27 14:52:58.807560,0.17557499999999995,0.0,-0.296,-0.4939
2026-02-27 14:52:58.807720,0.17557499999999995,0.0,-0.296,-0.4939
2026-02-27 14:52:58.807851,0.07372499999999994,0.0,-0.296,-0.4939
2026-02-27 15:30:20.154594,0.020469999999999922,0.0,-0.296,0.5574
2026-02-27 15:30:20.154866,0.025587499999999902,0.0,-0.296,0.16554999999999956
2026-02-27 15:30:20.154968,0.008599999999999866,0.0,-0.296,0.11036666666666638
2026-02-27 15:30:20.155180,0.0128999999999998,0.0,-0.296,0.07632499999999978
2026-02-27 15:30:20.155307,0.0258,0.0,-0.296,0.06105999999999982
2026-02-27 15:30:20.155407,0.0258,0.0,-0.296,0.001549999999999857
2026-02-27 15:30:20.155517,0.0258,0.0,-0.296,-0.09135000000000015
2026-02-27 15:30:20.155700,0.0258,0.0,-0.296,-0.0159166666666668
2026-02-27 15:30:20.155813,0.0258,0.0,-0.296,-0.0159166666666668
2026-02-27 15:30:20.155913,0.0258,0.0,-0.296,0.07616666666666652
2026-02-27 15:30:20.156092,0.0258,0.0,-0.296,0.12169999999999985
2026-02-27 15:30:20.156154,0.0258,0.0,-0.296,0.17103333333333318
2026-02-27 15:30:20.156241,0.0258,0.0,-0.296,0.0976333333333332
2026-02-27 15:30:20.156346,0.0258,0.0,-0.296,0.11411666666666652
2026-02-27 15:30:20.156431,0.0258,0.0,-0.296,0.03179999999999985
2026-02-27 15:30:20.329515,0.0258,-0.5095,-0.296,-0.06718000000000017
2026-02-27 15:30:20.329649,0.0258,-0.03454999999999958,-0.296,-0.15227500000000022
2026-02-27 15:30:20.329792,0.0258,-0.21833333333333305,-0.296,-0.20303333333333362
2026-02-27 15:30:20.329892,0.0258,-0.16374999999999978,-0.296,-0.08435000000000042
2026-02-27 15:30:20.330128,0.0258,-0.11819999999999982,-0.296,-0.4939
2026-02-27 15:30:20.330423,0.0258,-0.21196666666666653,-0.296,-0.4939
2026-02-27 15:30:20.330626,0.0258,-0.06341666666666654,-0.296,-0.4939
2026-02-27 15:30:20.330711,0.0258,-0.18234999999999987,-0.296,-0.4939
2026-02-27 15:30:20.330844,0.0258,-0.08469999999999987,-0.296,-0.4939
2026-02-27 15:30:20.330977,0.0258,-0.08469999999999987,-0.296,-0.4939
2026-02-27 15:30:20.331121,0.0258,-0.16234999999999986,-0.296,-0.4939
2026-02-27 15:30:20.331278,0.0258,-0.048883333333333216,-0.296,-0.4939
2026-02-27 15:30:20.331417,0.0258,-0.11251666666666654,-0.296,-0.4939
2026-02-27 15:30:20.331526,0.0258,-0.025316666666666543,-0.296,-0.4939
2026-02-27 15:30:20.584922,0.0258,-0.03037999999999985,0.3612,-0.4939
2026-02-27 15:30:20.585011,0.0258,-0.037974999999999814,0.18059999999999993,-0.4939
2026-02-27 15:30:20.585169,0.0258,0.08333333333333358,0.25436666666666663,-0.4939
2026-02-27 15:30:20.585206,0.0258,0.12500000000000036,0.19077499999999997,-0.4939
2026-02-27 15:30:20.585310,0.0258,0.25,0.15261999999999998,-0.4939
2026-02-27 15:30:20.585470,0.0258,0.25,0.06354999999999998,-0.4939
2026-02-27 15:30:20.585545,0.0258,0.25,0.0033499999999999732,-0.4939
2026-02-27 15:30:20.585629,0.0258,0.25,-0.06363333333333336,-0.4939
2026-02-27 15:30:20.585842,0.0258,0.25,-0.11995,-0.4939
2026-02-27 15:30:20.586051,0.0258,0.25,-0.03485000000000001,-0.4939
2026-02-27 15:30:20.586395,0.0258,0.25,0.002866666666666647,-0.4939
2026-02-27 15:30:20.586573,0.0258,0.25,0.17251666666666665,-0.4939
2026-02-27 15:30:20.586651,0.0258,0.25,0.17251666666666665,-0.4939
2026-02-27 15:30:20.586724,0.0258,0.25,0.14911666666666662,-0.4939
2026-02-27 15:30:20.586866,0.0258,0.25,0.13844999999999996,-0.4939
2026-02-27 15:30:20.778094,0.25,0.25,0.06401999999999994,-0.4939
2026-02-27 15:30:20.778247,0.1249999999999998,0.25,0.02344999999999993,-0.4939
2026-02-27 15:30:20.778383,-0.08650000000000012,0.25,-0.18076666666666674,-0.4939
2026-02-27 15:30:20.778526,-0.014300000000000083,0.25,-0.27115000000000017,-0.4939
2026-02-27 15:30:20.778650,-0.09952000000000008,0.25,0.0,-0.4939
2026-02-27 15:30:20.778877,-0.2867083333333334,0.25,0.0,-0.4939
2026-02-27 15:30:20.778993,-0.32837500000000003,0.25,0.0,-0.4939
2026-02-27 15:30:20.779120,-0.428275,0.25,0.0,-0.4939
2026-02-27 15:30:20.779331,-0.445425,0.25,0.0,-0.4939
2026-02-27 15:30:20.779499,-0.47914166666666674,0.25,0.0,-0.4939
2026-02-27 15:30:20.779731,-0.47599166666666676,0.25,0.0,-0.4939
2026-02-27 15:30:20.779968,-0.26791666666666675,0.25,0.0,-0.4939
2026-02-27 15:30:20.780081,-0.1617666666666667,0.25,0.0,-0.4939
2026-02-27 15:30:20.780264,-0.005200000000000028,0.25,0.0,-0.4939
2026-02-27 16:29:21.464519,0.11623999999999998,0.25,0.0,0.5574
2026-02-27 16:29:21.464854,0.14529999999999998,0.25,0.0,0.16554999999999956
2026-02-27 16:29:21.464981,0.3342333333333333,0.25,0.0,0.11036666666666638
2026-02-27 16:29:21.465211,0.48844999999999994,0.25,0.0,0.07632499999999978
2026-02-27 16:29:21.465346,0.34,0.25,0.0,0.06105999999999982
2026-02-27 16:29:21.465457,0.34,0.25,0.0,0.001549999999999857
2026-02-27 16:29:21.465573,0.34,0.25,0.0,-0.09135000000000015
2026-02-27 16:29:21.465775,0.34,0.25,0.0,-0.0159166666666668
2026-02-27 16:29:21.465896,0.34,0.25,0.0,-0.0159166666666668
2026-02-27 16:29:21.466019,0.34,0.25,0.0,0.07616666666666652
2026-02-27 16:29:21.466202,0.34,0.25,0.0,0.12169999999999985
2026-02-27 16:29:21.466267,0.34,0.25,0.0,0.17103333333333318
2026-02-27 16:29:21.466359,0.34,0.25,0.0,0.0976333333333332
2026-02-27 16:29:21.466468,0.34,0.25,0.0,0.11411666666666652
2026-02-27 16:29:21.466557,0.34,0.25,0.0,0.03179999999999985
2026-02-27 16:29:21.565276,0.34,0.0,0.0,-0.06718000000000017
2026-02-27 16:29:21.565438,0.34,-0.3675499999999996,0.0,-0.15227500000000022
2026-02-27 16:29:21.565634,0.34,-0.2450333333333331,0.0,-0.20303333333333362
2026-02-27 16:29:21.565779,0.34,-0.3111499999999998,0.0,-0.08435000000000042
2026-02-27 16:29:21.565898,0.34,-0.16083999999999984,0.0,-0.4939
2026-02-27 16:29:21.566053,0.34,-0.2316833333333332,0.0,-0.4939
2026-02-27 16:29:21.566154,0.34,-0.2316833333333332,0.0,-0.4939
2026-02-27 16:29:21.566384,0.34,-0.09849999999999988,0.0,-0.4939
2026-02-27 16:29:21.566601,0.34,-0.21196666666666653,0.0,-0.4939
2026-02-27 16:29:21.566776,0.34,-0.06341666666666654,0.0,-0.4939
2026-02-27 16:29:21.566856,0.34,-0.18234999999999987,0.0,-0.4939
2026-02-27 16:29:21.567034,0.34,-0.08469999999999987,0.0,-0.4939
2026-02-27 16:29:21.567171,0.34,-0.08469999999999987,0.0,-0.4939
2026-02-27 16:29:21.567297,0.34,-0.16234999999999986,0.0,-0.4939
2026-02-27 16:29:21.685709,0.34,-0.058659999999999844,0.5106,-0.4939
2026-02-27 16:29:21.685826,0.34,-0.1687749999999998,0.43589999999999984,-0.4939
2026-02-27 16:29:21.685922,0.34,-0.1339666666666664,0.2905999999999999,-0.4939
2026-02-27 16:29:21.686064,0.34,-0.2009499999999996,0.31842499999999996,-0.4939
2026-02-27 16:29:21.686101,0.34,-0.4019,0.25473999999999997,-0.4939
2026-02-27 16:29:21.686208,0.34,-0.4019,0.2122833333333333,-0.4939
2026-02-27 16:29:21.686399,0.34,-0.4019,0.06354999999999995,-0.4939
2026-02-27 16:29:21.686495,0.34,-0.4019,0.0033499999999999455,-0.4939
2026-02-27 16:29:21.686586,0.34,-0.4019,-0.06363333333333339,-0.4939
2026-02-27 16:29:21.686816,0.34,-0.4019,-0.11995000000000004,-0.4939
2026-02-27 16:29:21.687055,0.34,-0.4019,-0.03485000000000005,-0.4939
2026-02-27 16:29:21.687410,0.34,-0.4019,0.0028666666666666194,-0.4939
2026-02-27 16:29:21.687596,0.34,-0.4019,0.17251666666666662,-0.4939
2026-02-27 16:29:21.687677,0.34,-0.4019,0.17251666666666662,-0.4939
2026-02-27 16:29:21.687750,0.34,-0.4019,0.1491166666666666,-0.4939
2026-02-27 16:29:21.818506,-0.6705,-0.4019,0.16613999999999993,-0.4939
2026-02-27 16:29:21.818566,-0.3352500000000001,-0.4019,0.0800249999999999,-0.4939
2026-02-27 16:29:21.818698,-0.43436666666666673,-0.4019,0.03126666666666653,-0.4939
2026-02-27 16:29:21.818919,-0.32577500000000004,-0.4019,-0.2711500000000002,-0.4939
2026-02-27 16:29:21.819157,-0.21062000000000003,-0.4019,-0.5423,-0.4939
2026-02-27 16:29:21.819272,-0.17551666666666668,-0.4019,-0.5423,-0.4939
2026-02-27 16:29:21.819412,-0.14868333333333336,-0.4019,-0.5423,-0.4939
2026-02-27 16:29:21.819562,-0.1149666666666667,-0.4019,-0.5423,-0.4939
2026-02-27 16:29:21.819692,-0.08293333333333336,-0.4019,-0.5423,-0.4939
2026-02-27 16:29:21.819947,-0.28670833333333334,-0.4019,-0.5423,-0.4939
2026-02-27 16:29:21.820144,-0.32837500000000003,-0.4019,-0.5423,-0.4939
2026-02-27 16:29:21.820264,-0.32837500000000003,-0.4019,-0.5423,-0.4939
2026-02-27 17:26:41.015907,-0.2921500000000001,-0.4019,-0.5423,0.5574
2026-02-27 17:26:41.016208,-0.4157625000000001,-0.4019,-0.5423,0.16554999999999956
2026-02-27 17:26:41.016305,-0.4075500000000001,-0.4019,-0.5423,0.11036666666666638
2026-02-27 17:26:41.016509,0.0,-0.4019,-0.5423,0.07632499999999978
2026-02-27 17:26:41.016641,0.0,-0.4019,-0.5423,0.06105999999999982
2026-02-27 17:26:41.016749,0.0,-0.4019,-0.5423,0.001549999999999857
2026-02-27 17:26:41.016869,0.0,-0.4019,-0.5423,-0.09135000000000015
2026-02-27 17:26:41.017085,0.0,-0.4019,-0.5423,-0.0159166666666668
2026-02-27 17:26:41.017211,0.0,-0.4019,-0.5423,-0.0159166666666668
2026-02-27 17:26:41.017319,0.0,-0.4019,-0.5423,0.07616666666666652
2026-02-27 17:26:41.017505,0.0,-0.4019,-0.5423,0.12169999999999985
2026-02-27 17:26:41.017571,0.0,-0.4019,-0.5423,0.17103333333333318
2026-02-27 17:26:41.017666,0.0,-0.4019,-0.5423,0.0976333333333332
2026-02-27 17:26:41.017778,0.0,-0.4019,-0.5423,0.11411666666666652
2026-02-27 17:26:41.017871,0.0,-0.4019,-0.5423,0.03179999999999985
2026-02-27 17:26:41.153875,0.0,-0.3818,-0.5423,-0.06718000000000017
2026-02-27 17:26:41.154042,0.0,-0.19089999999999963,-0.5423,-0.15227500000000022
2026-02-27 17:26:41.154163,0.0,-0.12726666666666642,-0.5423,-0.20303333333333362
2026-02-27 17:26:41.154308,0.0,-0.27922499999999983,-0.5423,-0.08435000000000042
2026-02-27 17:26:41.154509,0.0,-0.22337999999999986,-0.5423,-0.4939
2026-02-27 17:26:41.154662,0.0,-0.2710666666666665,-0.5423,-0.4939
2026-02-27 17:26:41.154786,0.0,-0.1340333333333332,-0.5423,-0.4939
2026-02-27 17:26:41.154928,0.0,-0.23168333333333316,-0.5423,-0.4939
2026-02-27 17:26:41.155027,0.0,-0.23168333333333316,-0.5423,-0.4939
2026-02-27 17:26:41.155274,0.0,-0.09849999999999988,-0.5423,-0.4939
2026-02-27 17:26:41.155492,0.0,-0.21196666666666653,-0.5423,-0.4939
2026-02-27 17:26:41.155671,0.0,-0.06341666666666654,-0.5423,-0.4939
2026-02-27 17:26:41.155751,0.0,-0.18234999999999987,-0.5423,-0.4939
2026-02-27 17:26:41.155883,0.0,-0.08469999999999987,-0.5423,-0.4939
2026-02-27 17:26:41.319412,0.0,-0.10163999999999984,0.064,-0.4939
2026-02-27 17:26:41.319563,0.0,-0.1430499999999998,0.2872999999999999,-0.4939
2026-02-27 17:26:41.319672,0.0,0.03620000000000023,0.31193333333333323,-0.4939
2026-02-27 17:26:41.319756,0.0,-0.13659999999999964,0.23394999999999994,-0.4939
2026-02-27 17:26:41.319923,0.0,0.0,0.26753999999999994,-0.4939
2026-02-27 17:26:41.319976,0.0,0.0,0.22294999999999995,-0.4939
2026-02-27 17:26:41.320101,0.0,0.0,0.21228333333333327,-0.4939
2026-02-27 17:26:41.320269,0.0,0.0,0.06354999999999995,-0.4939
2026-02-27 17:26:41.320348,0.0,0.0,0.0033499999999999455,-0.4939
2026-02-27 17:26:41.320434,0.0,0.0,-0.06363333333333339,-0.4939
2026-02-27 17:26:41.320659,0.0,0.0,-0.11995000000000004,-0.4939
2026-02-27 17:26:41.320879,0.0,0.0,-0.03485000000000005,-0.4939
2026-02-27 17:26:41.321240,0.0,0.0,0.0028666666666666194,-0.4939
2026-02-27 17:26:41.321426,0.0,0.0,0.17251666666666662,-0.4939
2026-02-27 17:26:41.321507,0.0,0.0,0.17251666666666662,-0.4939
2026-02-27 17:26:41.451572,-0.6707,0.0,0.28739999999999993,-0.4939
2026-02-27 17:26:41.451741,-0.12460000000000021,0.0,0.34324999999999994,-0.4939
2026-02-27 17:26:41.451906,-0.0830666666666668,0.0,0.28746666666666654,-0.4939
2026-02-27 17:26:41.451976,-0.2299250000000001,0.0,0.31804999999999983,-0.4939
2026-02-27 17:26:41.452025,-0.18394000000000008,0.0,0.0,-0.4939
2026-02-27 17:26:41.452151,-0.25871666666666676,0.0,0.0,-0.4939
2026-02-27 17:26:41.452320,-0.14693333333333342,0.0,0.0,-0.4939
2026-02-27 17:26:41.452551,-0.17551666666666677,0.0,0.0,-0.4939
2026-02-27 17:26:41.452665,-0.17551666666666677,0.0,0.0,-0.4939
2026-02-27 17:26:41.452801,-0.14868333333333342,0.0,0.0,-0.4939
2026-02-27 17:26:41.452952,-0.11496666666666673,0.0,0.0,-0.4939
2026-02-27 17:26:41.453090,-0.0829333333333334,0.0,0.0,-0.4939
2026-02-27 18:27:29.675705,-0.09952000000000008,0.0,0.0,0.5574
2026-02-27 18:27:29.675989,-0.1869000000000001,0.0,0.0,0.16554999999999956
2026-02-27 18:27:29.676108,-0.24920000000000012,0.0,0.0,0.11036666666666638
2026-02-27 18:27:29.676309,-0.11905000000000021,0.0,0.0,0.07632499999999978
2026-02-27 18:27:29.676442,-0.4404,0.0,0.0,0.06105999999999982
2026-02-27 18:27:29.676550,-0.4404,0.0,0.0,0.001549999999999857
2026-02-27 18:27:29.676668,-0.4404,0.0,0.0,-0.09135000000000015
2026-02-27 18:27:29.676872,-0.4404,0.0,0.0,-0.0159166666666668
2026-02-27 18:27:29.677008,-0.4404,0.0,0.0,-0.0159166666666668
2026-02-27 18:27:29.677119,-0.4404,0.0,0.0,0.07616666666666652
2026-02-27 18:27:29.677302,-0.4404,0.0,0.0,0.12169999999999985
2026-02-27 18:27:29.677369,-0.4404,0.0,0.0,0.17103333333333318
2026-02-27 18:27:29.677464,-0.4404,0.0,0.0,0.0976333333333332
2026-02-27 18:27:29.677577,-0.4404,0.0,0.0,0.11411666666666652
2026-02-27 18:27:29.677669,-0.4404,0.0,0.0,0.03179999999999985
2026-02-27 18:27:29.833304,-0.4404,0.4588,0.0,-0.06718000000000017
2026-02-27 18:27:29.833601,-0.4404,0.07030000000000036,0.0,-0.15227500000000022
2026-02-27 18:27:29.833894,-0.4404,0.25516666666666693,0.0,-0.20303333333333362
2026-02-27 18:27:29.834029,-0.4404,0.2073750000000002,0.0,-0.08435000000000042
2026-02-27 18:27:29.834125,-0.4404,0.08954000000000015,0.0,-0.4939
2026-02-27 18:27:29.834268,-0.4404,0.07461666666666679,0.0,-0.4939
2026-02-27 18:27:29.834366,-0.4404,-0.0018499999999998702,0.0,-0.4939
2026-02-27 18:27:29.834537,-0.4404,-0.07133333333333321,0.0,-0.4939
2026-02-27 18:27:29.834737,-0.4404,-0.1754833333333332,0.0,-0.4939
2026-02-27 18:27:29.834882,-0.4404,-0.27106666666666657,0.0,-0.4939
2026-02-27 18:27:29.835023,-0.4404,-0.1340333333333332,0.0,-0.4939
2026-02-27 18:27:29.835164,-0.4404,-0.2316833333333332,0.0,-0.4939
2026-02-27 18:27:29.835263,-0.4404,-0.2316833333333332,0.0,-0.4939
2026-02-27 18:27:29.835489,-0.4404,-0.09849999999999988,0.0,-0.4939
2026-02-27 18:27:30.023825,-0.4404,-0.11819999999999986,0.0,-0.4939
2026-02-27 18:27:30.023891,-0.4404,-0.020374999999999838,0.0,-0.4939
2026-02-27 18:27:30.024044,-0.4404,-0.17396666666666646,0.0,-0.4939
2026-02-27 18:27:30.024131,-0.4404,0.032000000000000306,-0.06830000000000011,-0.4939
2026-02-27 18:27:30.024202,-0.4404,0.064,-0.10928000000000009,-0.4939
2026-02-27 18:27:30.024401,-0.4404,0.064,-0.08040000000000007,-0.4939
2026-02-27 18:27:30.024530,-0.4404,0.064,0.004699999999999936,-0.4939
2026-02-27 18:27:30.024631,-0.4404,0.064,0.06489999999999994,-0.4939
2026-02-27 18:27:30.024707,-0.4404,0.064,0.06489999999999994,-0.4939
2026-02-27 18:27:30.024840,-0.4404,0.064,0.17741666666666658,-0.4939
2026-02-27 18:27:30.024874,-0.4404,0.064,0.2229499999999999,-0.4939
2026-02-27 18:27:30.024976,-0.4404,0.064,0.21228333333333327,-0.4939
2026-02-27 18:27:30.025155,-0.4404,0.064,0.06354999999999993,-0.4939
2026-02-27 18:27:30.025229,-0.4404,0.064,0.0033499999999999177,-0.4939
2026-02-27 18:27:30.025315,-0.4404,0.064,-0.06363333333333342,-0.4939
2026-02-27 18:27:30.288653,0.0,0.064,-0.1567400000000001,-0.4939
2026-02-27 18:27:30.288777,0.0,0.064,-0.19592500000000013,-0.4939
2026-02-27 18:27:30.288860,0.0,0.064,-0.2612333333333335,-0.4939
2026-02-27 18:27:30.288946,0.0,0.064,-0.20095000000000024,-0.4939
2026-02-27 18:27:30.289062,0.0,0.064,-0.4019,-0.4939
2026-02-27 18:27:30.289152,0.010666666666666593,0.064,-0.4019,-0.4939
2026-02-27 18:27:30.289239,0.02133333333333326,0.064,-0.4019,-0.4939
2026-02-27 18:27:30.289435,-0.09045000000000007,0.064,-0.4019,-0.4939
2026-02-27 18:27:30.289583,-0.02020000000000007,0.064,-0.4019,-0.4939
2026-02-27 18:27:30.289735,-0.02020000000000007,0.064,-0.4019,-0.4939
2026-02-27 18:27:30.289796,-0.13195000000000007,0.064,-0.4019,-0.4939
2026-02-27 18:27:30.289843,-0.14261666666666672,0.064,-0.4019,-0.4939
2026-02-27 18:27:30.289946,-0.25871666666666676,0.064,-0.4019,-0.4939
2026-02-27 18:27:30.290123,-0.14693333333333342,0.064,-0.4019,-0.4939
2026-02-27 19:26:53.751228,-0.26062000000000013,0.064,-0.4019,0.5574
2026-02-27 19:26:53.751510,-0.32577500000000015,0.064,-0.4019,0.16554999999999956
2026-02-27 19:26:53.751606,-0.21086666666666684,0.064,-0.4019,0.11036666666666638
2026-02-27 19:26:53.751807,-0.31630000000000025,0.064,-0.4019,0.07632499999999978
2026-02-27 19:26:53.751936,0.0,0.064,-0.4019,0.06105999999999982
2026-02-27 19:26:53.752043,0.0,0.064,-0.4019,0.001549999999999857
2026-02-27 19:26:53.752156,0.0,0.064,-0.4019,-0.09135000000000015
2026-02-27 19:26:53.752370,0.0,0.064,-0.4019,-0.0159166666666668
2026-02-27 19:26:53.752489,0.0,0.064,-0.4019,-0.0159166666666668
2026-02-27 19:26:53.752596,0.0,0.064,-0.4019,0.07616666666666652
2026-02-27 19:26:53.752779,0.0,0.064,-0.4019,0.12169999999999985
2026-02-27 19:26:53.752842,0.0,0.064,-0.4019,0.17103333333333318
2026-02-27 19:26:53.752930,0.0,0.064,-0.4019,0.0976333333333332
2026-02-27 19:26:53.753037,0.0,0.064,-0.4019,0.11411666666666652
2026-02-27 19:26:53.753122,0.0,0.064,-0.4019,0.03179999999999985
2026-02-27 19:26:53.960149,0.0,0.0,-0.4019,-0.06718000000000017
2026-02-27 19:26:53.960496,0.0,0.6443250000000004,-0.4019,-0.15227500000000022
2026-02-27 19:26:53.960619,0.0,0.5824833333333336,-0.4019,-0.20303333333333362
2026-02-27 19:26:53.960890,0.0,0.3573125000000002,-0.4019,-0.08435000000000042
2026-02-27 19:26:53.961160,0.0,0.41083000000000014,-0.4019,-0.4939
2026-02-27 19:26:53.961281,0.0,0.35302500000000014,-0.4019,-0.4939
2026-02-27 19:26:53.961366,0.0,0.28939166666666677,-0.4019,-0.4939
2026-02-27 19:26:53.961501,0.0,0.07461666666666679,-0.4019,-0.4939
2026-02-27 19:26:53.961593,0.0,-0.0018499999999998702,-0.4019,-0.4939
2026-02-27 19:26:53.961721,0.0,-0.07133333333333321,-0.4019,-0.4939
2026-02-27 19:26:53.961919,0.0,-0.1754833333333332,-0.4019,-0.4939
2026-02-27 19:26:53.962059,0.0,-0.27106666666666657,-0.4019,-0.4939
2026-02-27 19:26:53.962169,0.0,-0.1340333333333332,-0.4019,-0.4939
2026-02-27 19:26:53.962310,0.0,-0.2316833333333332,-0.4019,-0.4939
2026-02-27 19:26:54.172773,0.0,-0.2780199999999998,0.0,-0.4939
2026-02-27 19:26:54.172840,0.0,-0.1637499999999998,0.0,-0.4939
2026-02-27 19:26:54.172973,0.0,-0.21833333333333307,0.0,-0.4939
2026-02-27 19:26:54.173051,0.0,-0.07274999999999965,-0.06830000000000012,-0.4939
2026-02-27 19:26:54.173118,0.0,-0.5859,-0.10928000000000009,-0.4939
2026-02-27 19:26:54.173336,0.0,-0.5859,-0.08040000000000008,-0.4939
2026-02-27 19:26:54.173463,0.0,-0.5859,0.0046999999999999265,-0.4939
2026-02-27 19:26:54.173559,0.0,-0.5859,0.06489999999999993,-0.4939
2026-02-27 19:26:54.173631,0.0,-0.5859,0.06489999999999993,-0.4939
2026-02-27 19:26:54.173758,0.0,-0.5859,0.17741666666666658,-0.4939
2026-02-27 19:26:54.173792,0.0,-0.5859,0.2229499999999999,-0.4939
2026-02-27 19:26:54.173893,0.0,-0.5859,0.21228333333333324,-0.4939
2026-02-27 19:26:54.174052,0.0,-0.5859,0.06354999999999993,-0.4939
2026-02-27 19:26:54.174125,0.0,-0.5859,0.0033499999999999177,-0.4939
2026-02-27 19:26:54.174218,0.0,-0.5859,-0.06363333333333342,-0.4939
2026-02-27 19:26:54.408176,-0.34,-0.5859,-0.1567400000000001,-0.4939
2026-02-27 19:26:54.408345,-0.056850000000000234,-0.5859,-0.19592500000000013,-0.4939
2026-02-27 19:26:54.408475,-0.19680000000000017,-0.5859,-0.2612333333333335,-0.4939
2026-02-27 19:26:54.408595,-0.1316000000000001,-0.5859,-0.20095000000000024,-0.4939
2026-02-27 19:26:54.408720,-0.10528000000000008,-0.5859,-0.4019,-0.4939
2026-02-27 19:26:54.408874,-0.0877333333333334,-0.5859,-0.4019,-0.4939
2026-02-27 19:26:54.409027,-0.14281666666666673,-0.5859,-0.4019,-0.4939
2026-02-27 19:26:54.409274,-0.1805333333333334,-0.5859,-0.4019,-0.4939
2026-02-27 19:26:54.409380,-0.10108333333333341,-0.5859,-0.4019,-0.4939
2026-02-27 19:26:54.409456,-0.11175000000000007,-0.5859,-0.4019,-0.4939
2026-02-27 19:26:54.409533,-0.11175000000000007,-0.5859,-0.4019,-0.4939
2026-02-27 19:26:54.409621,-0.11175000000000007,-0.5859,-0.4019,-0.4939
2026-02-27 19:26:54.409702,0.010666666666666593,-0.5859,-0.4019,-0.4939
2026-02-27 19:26:54.409784,0.02133333333333326,-0.5859,-0.4019,-0.4939
2026-02-27 20:18:38.614817,0.02559999999999991,-0.5859,-0.4019,0.5574
2026-02-27 20:18:38.615125,0.03199999999999989,-0.5859,-0.4019,0.16554999999999956
2026-02-27 20:18:38.615223,0.04266666666666652,-0.5859,-0.4019,0.11036666666666638
2026-02-27 20:18:38.615424,0.064,-0.5859,-0.4019,0.07632499999999978
2026-02-27 20:18:38.615556,0.064,-0.5859,-0.4019,0.06105999999999982
2026-02-27 20:18:38.615667,0.064,-0.5859,-0.4019,0.001549999999999857
2026-02-27 20:18:38.615784,0.064,-0.5859,-0.4019,-0.09135000000000015
2026-02-27 20:18:38.615982,0.064,-0.5859,-0.4019,-0.0159166666666668
2026-02-27 20:18:38.616135,0.064,-0.5859,-0.4019,-0.0159166666666668
2026-02-27 20:18:38.616243,0.064,-0.5859,-0.4019,0.07616666666666652
2026-02-27 20:18:38.616430,0.064,-0.5859,-0.4019,0.12169999999999985
2026-02-27 20:18:38.616495,0.064,-0.5859,-0.4019,0.17103333333333318
2026-02-27 20:18:38.616588,0.064,-0.5859,-0.4019,0.0976333333333332
2026-02-27 20:18:38.616699,0.064,-0.5859,-0.4019,0.11411666666666652
2026-02-27 20:18:38.616789,0.064,-0.5859,-0.4019,0.03179999999999985
2026-02-27 20:18:38.829412,0.064,-0.7964,-0.4019,-0.06718000000000017
2026-02-27 20:18:38.829594,0.064,-0.39819999999999967,-0.4019,-0.15227500000000022
2026-02-27 20:18:38.829946,0.064,0.16408333333333358,-0.4019,-0.20303333333333362
2026-02-27 20:18:38.830091,0.064,0.23776250000000018,-0.4019,-0.08435000000000042
2026-02-27 20:18:38.830364,0.064,0.12657000000000015,-0.4019,-0.4939
2026-02-27 20:18:38.830645,0.064,0.20962500000000014,-0.4019,-0.4939
2026-02-27 20:18:38.830759,0.064,0.35302500000000014,-0.4019,-0.4939
2026-02-27 20:18:38.830848,0.064,0.28939166666666677,-0.4019,-0.4939
2026-02-27 20:18:38.830987,0.064,0.07461666666666679,-0.4019,-0.4939
2026-02-27 20:18:38.831097,0.064,-0.0018499999999998702,-0.4019,-0.4939
2026-02-27 20:18:38.831232,0.064,-0.07133333333333321,-0.4019,-0.4939
2026-02-27 20:18:38.831424,0.064,-0.1754833333333332,-0.4019,-0.4939
2026-02-27 20:18:38.831565,0.064,-0.27106666666666657,-0.4019,-0.4939
2026-02-27 20:18:38.831683,0.064,-0.1340333333333332,-0.4019,-0.4939
2026-02-27 20:18:39.009775,0.064,-0.16083999999999984,0.0,-0.4939
2026-02-27 20:18:39.009867,0.064,-0.2010499999999998,0.0,-0.4939
2026-02-27 20:18:39.009925,0.064,-0.02303333333333309,0.0,-0.4939
2026-02-27 20:18:39.010074,0.064,-0.03454999999999964,0.0,-0.4939
2026-02-27 20:18:39.010155,0.064,0.4404,-0.0546400000000001,-0.4939
2026-02-27 20:18:39.010222,0.064,0.4404,-0.09106666666666674,-0.4939
2026-02-27 20:18:39.010419,0.064,0.4404,-0.08040000000000008,-0.4939
2026-02-27 20:18:39.010545,0.064,0.4404,0.0046999999999999265,-0.4939
2026-02-27 20:18:39.010644,0.064,0.4404,0.06489999999999993,-0.4939
2026-02-27 20:18:39.010715,0.064,0.4404,0.06489999999999993,-0.4939
2026-02-27 20:18:39.010843,0.064,0.4404,0.17741666666666658,-0.4939
2026-02-27 20:18:39.010877,0.064,0.4404,0.2229499999999999,-0.4939
2026-02-27 20:18:39.010977,0.064,0.4404,0.21228333333333324,-0.4939
2026-02-27 20:18:39.011152,0.064,0.4404,0.06354999999999993,-0.4939
2026-02-27 20:18:39.011225,0.064,0.4404,0.0033499999999999177,-0.4939
2026-02-27 20:18:39.187875,0.0,0.4404,0.004019999999999901,-0.4939
2026-02-27 20:18:39.188104,0.12499999999999978,0.4404,-0.09545000000000012,-0.4939
2026-02-27 20:18:39.188237,0.08333333333333319,0.4404,-0.12726666666666683,-0.4939
2026-02-27 20:18:39.188343,0.06249999999999989,0.4404,-0.19090000000000024,-0.4939
2026-02-27 20:18:39.188444,0.1222399999999999,0.4404,0.0,-0.4939
2026-02-27 20:18:39.188738,0.022416666666666595,0.4404,0.0,-0.4939
2026-02-27 20:18:39.188874,0.022416666666666595,0.4404,0.0,-0.4939
2026-02-27 20:18:39.188986,-0.019250000000000073,0.4404,0.0,-0.4939
2026-02-27 20:18:39.189179,-0.07591666666666674,0.4404,0.0,-0.4939
2026-02-27 20:18:39.189310,-0.038200000000000074,0.4404,0.0,-0.4939
2026-02-27 20:18:39.189433,-0.17785000000000006,0.4404,0.0,-0.4939
2026-02-27 20:18:39.189548,-0.0877333333333334,0.4404,0.0,-0.4939
2026-02-27 20:18:39.189676,-0.0877333333333334,0.4404,0.0,-0.4939
2026-02-27 20:18:39.189826,-0.0877333333333334,0.4404,0.0,-0.4939
2026-02-27 21:19:26.661313,-0.03728000000000008,0.4404,0.0,0.5574
2026-02-27 21:19:26.661615,-0.1031750000000001,0.4404,0.0,0.16554999999999956
2026-02-27 21:19:26.661714,0.021333333333333204,0.4404,0.0,0.11036666666666638
2026-02-27 21:19:26.661919,0.0,0.4404,0.0,0.07632499999999978
2026-02-27 21:19:26.662053,0.0,0.4404,0.0,0.06105999999999982
2026-02-27 21:19:26.662163,0.0,0.4404,0.0,0.001549999999999857
2026-02-27 21:19:26.662283,0.0,0.4404,0.0,-0.09135000000000015
2026-02-27 21:19:26.662501,0.0,0.4404,0.0,-0.0159166666666668
2026-02-27 21:19:26.662628,0.0,0.4404,0.0,-0.0159166666666668
2026-02-27 21:19:26.662738,0.0,0.4404,0.0,0.07616666666666652
2026-02-27 21:19:26.662924,0.0,0.4404,0.0,0.12169999999999985
2026-02-27 21:19:26.662989,0.0,0.4404,0.0,0.17103333333333318
2026-02-27 21:19:26.663083,0.0,0.4404,0.0,0.0976333333333332
2026-02-27 21:19:26.663196,0.0,0.4404,0.0,0.11411666666666652
2026-02-27 21:19:26.663287,0.0,0.4404,0.0,0.03179999999999985
2026-02-27 21:19:26.940983,0.0,-0.7351,0.0,-0.06718000000000017
2026-02-27 21:19:26.941177,0.0,-0.6672499999999997,0.0,-0.15227500000000022
2026-02-27 21:19:26.941327,0.0,-0.7102999999999998,0.0,-0.20303333333333362
2026-02-27 21:19:26.941506,0.0,-0.5327249999999999,0.0,-0.08435000000000042
2026-02-27 21:19:26.941809,0.0,-0.16844999999999985,0.0,-0.4939
2026-02-27 21:19:26.941962,0.0,-0.06390833333333322,0.0,-0.4939
2026-02-27 21:19:26.942282,0.0,0.005575000000000117,0.0,-0.4939
2026-02-27 21:19:26.942574,0.0,0.20962500000000014,0.0,-0.4939
2026-02-27 21:19:26.942687,0.0,0.35302500000000014,0.0,-0.4939
2026-02-27 21:19:26.942777,0.0,0.28939166666666677,0.0,-0.4939
2026-02-27 21:19:26.942919,0.0,0.07461666666666679,0.0,-0.4939
2026-02-27 21:19:26.943013,0.0,-0.0018499999999998702,0.0,-0.4939
2026-02-27 21:19:26.943149,0.0,-0.07133333333333321,0.0,-0.4939
2026-02-27 21:19:26.943337,0.0,-0.1754833333333332,0.0,-0.4939
2026-02-27 21:19:27.216040,0.0,-0.22337999999999986,0.0,-0.4939
2026-02-27 21:19:27.216188,0.0,-0.18377499999999983,0.0,-0.4939
2026-02-27 21:19:27.216283,0.0,-0.2450333333333331,0.0,-0.4939
2026-02-27 21:19:27.216361,0.0,-0.36754999999999965,0.0,-0.4939
2026-02-27 21:19:27.216415,0.0,0.0,0.0,-0.4939
2026-02-27 21:19:27.216553,0.0,0.0,0.0,-0.4939
2026-02-27 21:19:27.216634,0.0,0.0,-0.04553333333333342,-0.4939
2026-02-27 21:19:27.216706,0.0,0.0,-0.09106666666666674,-0.4939
2026-02-27 21:19:27.216905,0.0,0.0,-0.08040000000000008,-0.4939
2026-02-27 21:19:27.217033,0.0,0.0,0.0046999999999999265,-0.4939
2026-02-27 21:19:27.217132,0.0,0.0,0.06489999999999993,-0.4939
2026-02-27 21:19:27.217207,0.0,0.0,0.06489999999999993,-0.4939
2026-02-27 21:19:27.217340,0.0,0.0,0.17741666666666658,-0.4939
2026-02-27 21:19:27.217374,0.0,0.0,0.2229499999999999,-0.4939
2026-02-27 21:19:27.217493,0.0,0.0,0.21228333333333324,-0.4939
2026-02-27 21:19:27.485540,0.0,0.0,0.1526199999999999,-0.4939
2026-02-27 21:19:27.485690,0.3547999999999998,0.0,0.10047499999999986,-0.4939
2026-02-27 21:19:27.485757,0.23653333333333318,0.0,0.13396666666666648,-0.4939
2026-02-27 21:19:27.485874,0.2279749999999999,0.0,0.0,-0.4939
2026-02-27 21:19:27.486019,0.035359999999999926,0.0,0.0,-0.4939
2026-02-27 21:19:27.486131,0.09644999999999992,0.0,0.0,-0.4939
2026-02-27 21:19:27.486187,0.09644999999999992,0.0,0.0,-0.4939
2026-02-27 21:19:27.486348,0.019849999999999934,0.0,0.0,-0.4939
2026-02-27 21:19:27.486491,0.019849999999999934,0.0,0.0,-0.4939
2026-02-27 21:19:27.486606,-0.013866666666666735,0.0,0.0,-0.4939
2026-02-27 21:19:27.486733,0.16884999999999994,0.0,0.0,-0.4939
2026-02-27 21:19:27.487032,0.022416666666666613,0.0,0.0,-0.4939
2026-02-27 21:19:27.487173,0.022416666666666602,0.0,0.0,-0.4939
2026-02-27 21:19:27.487289,-0.019250000000000062,0.0,0.0,-0.4939
2026-02-27 22:14:05.525962,-0.023100000000000075,0.0,0.0,0.5574
2026-02-27 22:14:05.526239,-0.028875000000000095,0.0,0.0,0.16554999999999956
2026-02-27 22:14:05.526341,-0.15890000000000012,0.0,0.0,0.11036666666666638
2026-02-27 22:14:05.526539,0.0,0.0,0.0,0.07632499999999978
2026-02-27 22:14:05.526663,0.0,0.0,0.0,0.06105999999999982
2026-02-27 22:14:05.526774,0.0,0.0,0.0,0.001549999999999857
2026-02-27 22:14:05.526886,0.0,0.0,0.0,-0.09135000000000015
2026-02-27 22:14:05.527077,0.0,0.0,0.0,-0.0159166666666668
2026-02-27 22:14:05.527189,0.0,0.0,0.0,-0.0159166666666668
2026-02-27 22:14:05.527290,0.0,0.0,0.0,0.07616666666666652
2026-02-27 22:14:05.527463,0.0,0.0,0.0,0.12169999999999985
2026-02-27 22:14:05.527525,0.0,0.0,0.0,0.17103333333333318
2026-02-27 22:14:05.527614,0.0,0.0,0.0,0.0976333333333332
2026-02-27 22:14:05.527728,0.0,0.0,0.0,0.11411666666666652
2026-02-27 22:14:05.527814,0.0,0.0,0.0,0.03179999999999985
2026-02-27 22:14:05.742562,0.0,0.0,0.0,-0.06718000000000017
2026-02-27 22:14:05.742779,0.0,0.22020000000000034,0.0,-0.15227500000000022
2026-02-27 22:14:05.742925,0.0,-0.0982333333333331,0.0,-0.20303333333333362
2026-02-27 22:14:05.743080,0.0,-0.22352499999999983,0.0,-0.08435000000000042
2026-02-27 22:14:05.743216,0.0,-0.33809999999999985,0.0,-0.4939
2026-02-27 22:14:05.743365,0.0,-0.2817499999999999,0.0,-0.4939
2026-02-27 22:14:05.743645,0.0,-0.06697499999999985,0.0,-0.4939
2026-02-27 22:14:05.743764,0.0,-0.06390833333333319,0.0,-0.4939
2026-02-27 22:14:05.744005,0.0,0.005575000000000135,0.0,-0.4939
2026-02-27 22:14:05.744260,0.0,0.20962500000000014,0.0,-0.4939
2026-02-27 22:14:05.744364,0.0,0.35302500000000014,0.0,-0.4939
2026-02-27 22:14:05.744447,0.0,0.28939166666666677,0.0,-0.4939
2026-02-27 22:14:05.744578,0.0,0.07461666666666679,0.0,-0.4939
2026-02-27 22:14:05.744668,0.0,-0.0018499999999998702,0.0,-0.4939
2026-02-27 22:14:05.985355,0.0,0.061420000000000155,-0.5423,-0.4939
2026-02-27 22:14:05.985455,0.0,-0.07944999999999981,-0.2711500000000003,-0.4939
2026-02-27 22:14:05.985534,0.0,-0.12726666666666642,-0.18076666666666685,-0.4939
2026-02-27 22:14:05.985752,0.0,0.0,-0.13557500000000014,-0.4939
2026-02-27 22:14:05.985865,0.0,0.0,-0.1676600000000001,-0.4939
2026-02-27 22:14:05.985946,0.0,0.0,-0.13971666666666674,-0.4939
2026-02-27 22:14:05.986066,0.0,0.0,-0.04933333333333342,-0.4939
2026-02-27 22:14:05.986147,0.0,0.0,-0.04933333333333342,-0.4939
2026-02-27 22:14:05.986218,0.0,0.0,-0.04933333333333342,-0.4939
2026-02-27 22:14:05.986267,0.0,0.0,-0.04933333333333342,-0.4939
2026-02-27 22:14:05.986372,0.0,0.0,0.0,-0.4939
2026-02-27 22:14:05.986443,0.0,0.0,-0.045533333333333426,-0.4939
2026-02-27 22:14:05.986507,0.0,0.0,-0.09106666666666675,-0.4939
2026-02-27 22:14:05.986700,0.0,0.0,-0.0804000000000001,-0.4939
2026-02-27 22:14:05.986819,0.0,0.0,0.004699999999999917,-0.4939
2026-02-27 22:14:06.196307,0.0,0.0,0.0056399999999999,-0.4939
2026-02-27 22:14:06.196518,0.12919999999999981,0.0,0.007049999999999876,-0.4939
2026-02-27 22:14:06.196743,-0.0342666666666668,0.0,0.1004666666666665,-0.4939
2026-02-27 22:14:06.196813,-0.012862500000000098,0.0,0.2872999999999998,-0.4939
2026-02-27 22:14:06.196945,-0.05555000000000008,0.0,0.5106,-0.4939
2026-02-27 22:14:06.197164,-0.05905000000000007,0.0,0.5106,-0.4939
2026-02-27 22:14:06.197319,-0.0253333333333334,0.0,0.5106,-0.4939
2026-02-27 22:14:06.197433,-0.06840000000000007,0.0,0.5106,-0.4939
2026-02-27 22:14:06.197561,0.1100666666666666,0.0,0.5106,-0.4939
2026-02-27 22:14:06.197617,0.10150833333333327,0.0,0.5106,-0.4939
2026-02-27 22:14:06.197727,0.17294166666666658,0.0,0.5106,-0.4939
2026-02-27 22:14:06.197856,0.0631833333333333,0.0,0.5106,-0.4939
2026-02-27 22:14:06.197956,0.09644999999999994,0.0,0.5106,-0.4939
2026-03-02 14:36:41.019222,0.11573999999999993,0.0,0.5106,0.0
2026-03-02 14:36:41.019396,-0.03272500000000009,0.0,0.5106,0.2786999999999996
2026-03-02 14:36:41.019640,-0.04363333333333345,0.0,0.5106,0.0653999999999997
2026-03-02 14:36:41.019885,-0.1666000000000002,0.0,0.5106,-0.04640000000000022
2026-03-02 14:36:41.020056,0.4019,0.0,0.5106,0.03923999999999982
2026-03-02 14:36:41.020348,0.4019,0.0,0.5106,0.12559999999999985
2026-03-02 14:36:41.020592,0.4019,0.0,0.5106,0.08788333333333316
2026-03-02 14:36:41.020671,0.4019,0.0,0.5106,-0.005016666666666826
2026-03-02 14:36:41.020849,0.4019,0.0,0.5106,0.050883333333333176
2026-03-02 14:36:41.020969,0.4019,0.0,0.5106,0.1145166666666665
2026-03-02 14:36:41.021068,0.4019,0.0,0.5106,0.0015499999999998477
2026-03-02 14:36:41.021176,0.4019,0.0,0.5106,-0.09135000000000015
2026-03-02 14:36:41.021361,0.4019,0.0,0.5106,-0.01591666666666682
2026-03-02 14:36:41.021479,0.4019,0.0,0.5106,-0.01591666666666682
2026-03-02 14:36:41.021578,0.4019,0.0,0.5106,0.07616666666666651
2026-03-02 14:36:41.248347,0.4019,0.0,0.5106,0.0913999999999998
2026-03-02 14:36:41.248624,0.4019,-0.15909999999999963,0.5106,0.18824999999999975
2026-03-02 14:36:41.248717,0.4019,-0.21939999999999973,0.5106,0.25099999999999967
2026-03-02 14:36:41.248899,0.4019,0.010525000000000173,0.5106,0.26334999999999953
2026-03-02 14:36:41.249045,0.4019,-0.07587999999999986,0.5106,0.5267
2026-03-02 14:36:41.249192,0.4019,-0.11626666666666656,0.5106,0.5267
2026-03-02 14:36:41.249294,0.4019,-0.18489999999999987,0.5106,0.5267
2026-03-02 14:36:41.249386,0.4019,-0.09019999999999988,0.5106,0.5267
2026-03-02 14:36:41.249498,0.4019,0.048783333333333456,0.5106,0.5267
2026-03-02 14:36:41.249672,0.4019,-0.06793333333333322,0.5106,0.5267
2026-03-02 14:36:41.249803,0.4019,0.10438333333333345,0.5106,0.5267
2026-03-02 14:36:41.249970,0.4019,0.09378333333333348,0.5106,0.5267
2026-03-02 14:36:41.250149,0.4019,0.16671666666666682,0.5106,0.5267
2026-03-02 14:36:41.467989,0.4019,0.15006000000000017,0.0,0.5267
2026-03-02 14:36:41.468081,0.4019,0.06410000000000021,0.0,0.5267
2026-03-02 14:36:41.468147,0.4019,0.08546666666666695,0.0,0.5267
2026-03-02 14:36:41.468389,0.4019,-0.1779999999999996,-0.06250000000000014,0.5267
2026-03-02 14:36:41.468540,0.4019,0.0258,-0.050000000000000114,0.5267
2026-03-02 14:36:41.468619,0.4019,0.0258,-0.04166666666666676,0.5267
2026-03-02 14:36:41.468671,0.4019,0.0258,-0.04166666666666676,0.5267
2026-03-02 14:36:41.468785,0.4019,0.0258,-0.09100000000000008,0.5267
2026-03-02 14:36:41.468987,0.4019,0.0258,-0.15463333333333343,0.5267
2026-03-02 14:36:41.469061,0.4019,0.0258,-0.11296666666666676,0.5267
2026-03-02 14:36:41.469156,0.4019,0.0258,-0.11296666666666676,0.5267
2026-03-02 14:36:41.469254,0.4019,0.0258,-0.11296666666666676,0.5267
2026-03-02 14:36:41.469327,0.4019,0.0258,-0.11296666666666676,0.5267
2026-03-02 14:36:41.469393,0.4019,0.0258,-0.06363333333333342,0.5267
2026-03-02 14:36:41.469540,0.4019,0.0258,-0.04933333333333342,0.5267
2026-03-02 14:36:41.671131,0.4939,0.0258,-0.05920000000000011,0.5267
2026-03-02 14:36:41.671278,0.24694999999999984,0.0258,-0.07400000000000014,0.5267
2026-03-02 14:36:41.671425,0.24796666666666656,0.0258,-0.09866666666666685,0.5267
2026-03-02 14:36:41.671546,0.2913499999999999,0.0258,-0.14800000000000027,0.5267
2026-03-02 14:36:41.671781,0.11319999999999993,0.0258,-0.296,0.5267
2026-03-02 14:36:41.671952,0.04129999999999994,0.0258,-0.296,0.5267
2026-03-02 14:36:41.672125,-0.04101666666666673,0.0258,-0.296,0.5267
2026-03-02 14:36:41.672315,-0.10800000000000005,0.0258,-0.296,0.5267
2026-03-02 14:36:41.672481,-0.13820000000000007,0.0258,-0.296,0.5267
2026-03-02 14:36:41.672649,-0.26148333333333335,0.0258,-0.296,0.5267
2026-03-02 14:36:41.672789,-0.2146166666666667,0.0258,-0.296,0.5267
2026-03-02 14:36:41.672927,-0.3694833333333334,0.0258,-0.296,0.5267
2026-03-02 14:36:41.673187,-0.4225166666666667,0.0258,-0.296,0.5267
2026-03-02 14:36:41.673279,-0.40856666666666674,0.0258,-0.296,0.5267
2026-03-02 15:32:31.290545,-0.50404,0.0258,-0.296,-0.296
2026-03-02 15:32:31.290810,-0.5505000000000001,0.0258,-0.296,-0.14800000000000044
2026-03-02 15:32:31.290995,-0.6279333333333336,0.0258,-0.296,0.08713333333333305
2026-03-02 15:32:31.291241,-0.3182,0.0258,-0.296,-0.024950000000000222
2026-03-02 15:32:31.291516,-0.3182,0.0258,-0.296,-0.09632000000000017
2026-03-02 15:32:31.291700,-0.3182,0.0258,-0.296,-0.016633333333333482
2026-03-02 15:32:31.292051,-0.3182,0.0258,-0.296,0.12559999999999985
2026-03-02 15:32:31.292309,-0.3182,0.0258,-0.296,0.08788333333333316
2026-03-02 15:32:31.292395,-0.3182,0.0258,-0.296,-0.005016666666666826
2026-03-02 15:32:31.292602,-0.3182,0.0258,-0.296,0.050883333333333176
2026-03-02 15:32:31.292729,-0.3182,0.0258,-0.296,0.1145166666666665
2026-03-02 15:32:31.292834,-0.3182,0.0258,-0.296,0.0015499999999998477
2026-03-02 15:32:31.292947,-0.3182,0.0258,-0.296,-0.09135000000000015
2026-03-02 15:32:31.293146,-0.3182,0.0258,-0.296,-0.01591666666666682
2026-03-02 15:32:31.293308,-0.3182,0.0258,-0.296,-0.01591666666666682
2026-03-02 15:32:31.461935,-0.3182,-0.296,-0.296,-0.013940000000000183
2026-03-02 15:32:31.462012,-0.3182,-0.14799999999999966,-0.296,-0.01742500000000023
2026-03-02 15:32:31.462285,-0.3182,-0.2047333333333331,-0.296,0.07543333333333302
2026-03-02 15:32:31.462378,-0.3182,-0.23854999999999982,-0.296,0.11314999999999953
2026-03-02 15:32:31.462586,-0.3182,-0.05077999999999987,-0.296,0.0
2026-03-02 15:32:31.462738,-0.3182,-0.11256666666666655,-0.296,0.0
2026-03-02 15:32:31.462895,-0.3182,-0.11626666666666656,-0.296,0.0
2026-03-02 15:32:31.463003,-0.3182,-0.18489999999999987,-0.296,0.0
2026-03-02 15:32:31.463103,-0.3182,-0.09019999999999988,-0.296,0.0
2026-03-02 15:32:31.463215,-0.3182,0.04878333333333345,-0.296,0.0
2026-03-02 15:32:31.463400,-0.3182,-0.06793333333333322,-0.296,0.0
2026-03-02 15:32:31.463557,-0.3182,0.10438333333333345,-0.296,0.0
2026-03-02 15:32:31.463732,-0.3182,0.09378333333333348,-0.296,0.0
2026-03-02 15:32:31.720336,-0.3182,0.19490000000000016,0.0,0.0
2026-03-02 15:32:31.720449,-0.3182,0.1811250000000002,0.0,0.0
2026-03-02 15:32:31.720534,-0.3182,0.07686666666666693,0.0,0.0
2026-03-02 15:32:31.720622,-0.3182,0.1153000000000004,0.0,0.0
2026-03-02 15:32:31.720685,-0.3182,-0.3818,0.0,0.0
2026-03-02 15:32:31.720949,-0.3182,-0.3818,-0.04166666666666676,0.0
2026-03-02 15:32:31.721094,-0.3182,-0.3818,-0.04166666666666676,0.0
2026-03-02 15:32:31.721173,-0.3182,-0.3818,-0.04166666666666676,0.0
2026-03-02 15:32:31.721270,-0.3182,-0.3818,-0.04166666666666676,0.0
2026-03-02 15:32:31.721396,-0.3182,-0.3818,-0.09100000000000008,0.0
2026-03-02 15:32:31.721629,-0.3182,-0.3818,-0.15463333333333343,0.0
2026-03-02 15:32:31.721708,-0.3182,-0.3818,-0.11296666666666676,0.0
2026-03-02 15:32:31.721807,-0.3182,-0.3818,-0.11296666666666676,0.0
2026-03-02 15:32:31.721909,-0.3182,-0.3818,-0.11296666666666676,0.0
2026-03-02 15:32:31.721987,-0.3182,-0.3818,-0.11296666666666676,0.0
2026-03-02 15:32:31.987281,-0.3802,-0.3818,-0.07636000000000011,0.0
2026-03-02 15:32:31.987384,-0.5199500000000001,-0.3818,0.0,0.0
2026-03-02 15:32:31.987521,-0.5701333333333335,-0.3818,0.0,0.0
2026-03-02 15:32:31.987635,-0.4276000000000001,-0.3818,0.0,0.0
2026-03-02 15:32:31.987763,-0.32677000000000006,-0.3818,0.0,0.0
2026-03-02 15:32:31.987945,-0.1746583333333334,-0.3818,0.0,0.0
2026-03-02 15:32:31.988091,-0.23244166666666674,-0.3818,0.0,0.0
2026-03-02 15:32:31.988216,-0.1641583333333334,-0.3818,0.0,0.0
2026-03-02 15:32:31.988291,-0.1523083333333334,-0.3818,0.0,0.0
2026-03-02 15:32:31.988507,-0.06999166666666674,-0.3818,0.0,0.0
2026-03-02 15:32:31.988648,-0.08275000000000009,-0.3818,0.0,0.0
2026-03-02 15:32:31.988794,-0.1387333333333334,-0.3818,0.0,0.0
2026-03-02 15:32:31.988864,0.052666666666666584,-0.3818,0.0,0.0
2026-03-02 15:32:31.989089,-0.005566666666666757,-0.3818,0.0,0.0
2026-03-02 15:32:31.989267,0.04129999999999992,-0.3818,0.0,0.0
2026-03-02 16:32:02.643627,-0.0492200000000001,-0.3818,0.0,-0.296
2026-03-02 16:32:02.643857,-0.06152500000000012,-0.3818,0.0,-0.14800000000000046
2026-03-02 16:32:02.644028,-0.16536666666666683,-0.3818,0.0,0.08713333333333302
2026-03-02 16:32:02.644256,-0.4588000000000002,-0.3818,0.0,-0.024950000000000236
2026-03-02 16:32:02.644509,-0.3182,-0.3818,0.0,-0.09632000000000018
2026-03-02 16:32:02.644701,-0.3182,-0.3818,0.0,-0.01663333333333349
2026-03-02 16:32:02.645015,-0.3182,-0.3818,0.0,0.12559999999999985
2026-03-02 16:32:02.645266,-0.3182,-0.3818,0.0,0.08788333333333316
2026-03-02 16:32:02.645350,-0.3182,-0.3818,0.0,-0.005016666666666826
2026-03-02 16:32:02.645541,-0.3182,-0.3818,0.0,0.050883333333333176
2026-03-02 16:32:02.645678,-0.3182,-0.3818,0.0,0.1145166666666665
2026-03-02 16:32:02.645788,-0.3182,-0.3818,0.0,0.0015499999999998477
2026-03-02 16:32:02.645904,-0.3182,-0.3818,0.0,-0.09135000000000015
2026-03-02 16:32:02.646101,-0.3182,-0.3818,0.0,-0.01591666666666682
2026-03-02 16:32:02.646220,-0.3182,-0.3818,0.0,-0.01591666666666682
2026-03-02 16:32:02.738818,-0.3182,0.5719,0.0,-0.013940000000000183
2026-03-02 16:32:02.738984,-0.3182,0.16095000000000026,0.0,-0.01742500000000023
2026-03-02 16:32:02.739126,-0.3182,0.008633333333333512,0.0,0.07543333333333302
2026-03-02 16:32:02.739190,-0.3182,0.006475000000000133,0.0,0.11314999999999953
2026-03-02 16:32:02.739446,-0.3182,-0.05845999999999989,0.0,0.0
2026-03-02 16:32:02.739531,-0.3182,-0.10538333333333323,0.0,0.0
2026-03-02 16:32:02.739725,-0.3182,-0.08398333333333323,0.0,0.0
2026-03-02 16:32:02.739877,-0.3182,-0.11256666666666658,0.0,0.0
2026-03-02 16:32:02.740029,-0.3182,-0.11626666666666657,0.0,0.0
2026-03-02 16:32:02.740134,-0.3182,-0.18489999999999993,0.0,0.0
2026-03-02 16:32:02.740231,-0.3182,-0.0901999999999999,0.0,0.0
2026-03-02 16:32:02.740341,-0.3182,0.04878333333333343,0.0,0.0
2026-03-02 16:32:02.740525,-0.3182,-0.06793333333333325,0.0,0.0
2026-03-02 16:32:02.740666,-0.3182,0.10438333333333343,0.0,0.0
2026-03-02 16:32:03.013541,-0.3182,0.18890000000000012,0.296,0.0
2026-03-02 16:32:03.013625,-0.3182,0.3390750000000001,0.14799999999999972,0.0
2026-03-02 16:32:03.013731,-0.3182,0.36876666666666685,0.09866666666666647,0.0
2026-03-02 16:32:03.013812,-0.3182,0.30620000000000025,0.07399999999999986,0.0
2026-03-02 16:32:03.013890,-0.3182,0.6124,0.059199999999999885,0.0
2026-03-02 16:32:03.013949,-0.3182,0.6124,0.049333333333333236,0.0
2026-03-02 16:32:03.014182,-0.3182,0.6124,-0.04166666666666676,0.0
2026-03-02 16:32:03.014320,-0.3182,0.6124,-0.04166666666666676,0.0
2026-03-02 16:32:03.014399,-0.3182,0.6124,-0.04166666666666676,0.0
2026-03-02 16:32:03.014450,-0.3182,0.6124,-0.04166666666666676,0.0
2026-03-02 16:32:03.014564,-0.3182,0.6124,-0.09100000000000008,0.0
2026-03-02 16:32:03.014788,-0.3182,0.6124,-0.15463333333333343,0.0
2026-03-02 16:32:03.014866,-0.3182,0.6124,-0.11296666666666676,0.0
2026-03-02 16:32:03.015006,-0.3182,0.6124,-0.11296666666666676,0.0
2026-03-02 16:32:03.015135,-0.3182,0.6124,-0.11296666666666676,0.0
2026-03-02 16:32:03.315908,0.0,0.6124,-0.1355600000000001,0.0
2026-03-02 16:32:03.316038,-0.3298500000000002,0.6124,-0.09545000000000013,0.0
2026-03-02 16:32:03.316130,-0.3538666666666668,0.6124,0.0,0.0
2026-03-02 16:32:03.316164,-0.3279000000000001,0.6124,0.0,0.0
2026-03-02 16:32:03.316263,-0.26232000000000005,0.6124,0.0,0.0
2026-03-02 16:32:03.316477,-0.28196666666666675,0.6124,0.0,0.0
2026-03-02 16:32:03.316562,-0.39191666666666675,0.6124,0.0,0.0
2026-03-02 16:32:03.316660,-0.3937166666666667,0.6124,0.0,0.0
2026-03-02 16:32:03.316785,-0.3267333333333334,0.6124,0.0,0.0
2026-03-02 16:32:03.316910,-0.27230833333333343,0.6124,0.0,0.0
2026-03-02 16:32:03.317093,-0.17465833333333344,0.6124,0.0,0.0
2026-03-02 16:32:03.317236,-0.23244166666666674,0.6124,0.0,0.0
2026-03-02 16:32:03.317356,-0.1641583333333334,0.6124,0.0,0.0
2026-03-02 16:32:03.317429,-0.1523083333333334,0.6124,0.0,0.0
2026-03-02 16:32:03.317623,-0.06999166666666674,0.6124,0.0,0.0
2026-03-02 17:41:37.066427,-0.0993000000000001,0.6124,0.0,-0.296
2026-03-02 17:41:37.066674,-0.2706000000000001,0.6124,0.0,-0.14800000000000046
2026-03-02 17:41:37.066859,-0.11850000000000016,0.6124,0.0,0.08713333333333302
2026-03-02 17:41:37.067112,-0.05275000000000024,0.6124,0.0,-0.024950000000000236
2026-03-02 17:41:37.067381,0.4939,0.6124,0.0,-0.09632000000000018
2026-03-02 17:41:37.067573,0.4939,0.6124,0.0,-0.01663333333333349
2026-03-02 17:41:37.067897,0.4939,0.6124,0.0,0.12559999999999985
2026-03-02 17:41:37.068166,0.4939,0.6124,0.0,0.08788333333333316
2026-03-02 17:41:37.068255,0.4939,0.6124,0.0,-0.005016666666666826
2026-03-02 17:41:37.068448,0.4939,0.6124,0.0,0.050883333333333176
2026-03-02 17:41:37.068576,0.4939,0.6124,0.0,0.1145166666666665
2026-03-02 17:41:37.068683,0.4939,0.6124,0.0,0.0015499999999998477
2026-03-02 17:41:37.068798,0.4939,0.6124,0.0,-0.09135000000000015
2026-03-02 17:41:37.069011,0.4939,0.6124,0.0,-0.01591666666666682
2026-03-02 17:41:37.069133,0.4939,0.6124,0.0,-0.01591666666666682
2026-03-02 17:41:37.306985,0.4939,0.0,0.0,-0.013940000000000183
2026-03-02 17:41:37.307096,0.4939,0.2859500000000002,0.0,-0.01742500000000023
2026-03-02 17:41:37.307258,0.4939,0.10730000000000013,0.0,0.07543333333333302
2026-03-02 17:41:37.307399,0.4939,0.006475000000000106,0.0,0.11314999999999953
2026-03-02 17:41:37.307461,0.4939,0.005180000000000085,0.0,0.0
2026-03-02 17:41:37.307724,0.4939,-0.048716666666666596,0.0,0.0
2026-03-02 17:41:37.307812,0.4939,-0.10538333333333327,0.0,0.0
2026-03-02 17:41:37.308009,0.4939,-0.08398333333333326,0.0,0.0
2026-03-02 17:41:37.308163,0.4939,-0.11256666666666658,0.0,0.0
2026-03-02 17:41:37.308317,0.4939,-0.11626666666666657,0.0,0.0
2026-03-02 17:41:37.308423,0.4939,-0.18489999999999993,0.0,0.0
2026-03-02 17:41:37.308519,0.4939,-0.0901999999999999,0.0,0.0
2026-03-02 17:41:37.308632,0.4939,0.04878333333333343,0.0,0.0
2026-03-02 17:41:37.308820,0.4939,-0.06793333333333325,0.0,0.0
2026-03-02 17:41:37.430657,0.4939,0.0027800000000001044,0.0,0.0
2026-03-02 17:41:37.430827,0.4939,0.08302500000000013,0.14799999999999972,0.0
2026-03-02 17:41:37.430930,0.4939,0.2479666666666668,0.09866666666666647,0.0
2026-03-02 17:41:37.431022,0.4939,0.24695000000000025,0.07399999999999986,0.0
2026-03-02 17:41:37.431102,0.4939,0.0,0.059199999999999885,0.0
2026-03-02 17:41:37.431185,0.4939,0.0,0.049333333333333236,0.0
2026-03-02 17:41:37.431247,0.4939,0.0,0.049333333333333236,0.0
2026-03-02 17:41:37.431496,0.4939,0.0,-0.04166666666666676,0.0
2026-03-02 17:41:37.431636,0.4939,0.0,-0.04166666666666676,0.0
2026-03-02 17:41:37.431717,0.4939,0.0,-0.04166666666666676,0.0
2026-03-02 17:41:37.431771,0.4939,0.0,-0.04166666666666676,0.0
2026-03-02 17:41:37.431885,0.4939,0.0,-0.09100000000000008,0.0
2026-03-02 17:41:37.432117,0.4939,0.0,-0.15463333333333343,0.0
2026-03-02 17:41:37.432193,0.4939,0.0,-0.11296666666666676,0.0
2026-03-02 17:41:37.432292,0.4939,0.0,-0.11296666666666676,0.0
2026-03-02 17:41:37.544347,-0.34,0.0,-0.1355600000000001,0.0
2026-03-02 17:41:37.544516,-0.17000000000000023,0.0,-0.16945000000000013,0.0
2026-03-02 17:41:37.544826,-0.21940000000000015,0.0,-0.12726666666666683,0.0
2026-03-02 17:41:37.545170,-0.2989000000000001,0.0,0.0,0.0
2026-03-02 17:41:37.545304,-0.3027600000000001,0.0,0.0,0.0
2026-03-02 17:41:37.545529,-0.2165666666666667,0.0,0.0,0.0
2026-03-02 17:41:37.545687,-0.15990000000000007,0.0,0.0,0.0
2026-03-02 17:41:37.545810,-0.2698500000000001,0.0,0.0,0.0
2026-03-02 17:41:37.545900,-0.28380000000000005,0.0,0.0,0.0
2026-03-02 17:41:37.545948,-0.23590000000000008,0.0,0.0,0.0
2026-03-02 17:41:37.546048,-0.18286666666666673,0.0,0.0,0.0
2026-03-02 17:41:37.546263,-0.28196666666666675,0.0,0.0,0.0
2026-03-02 17:41:37.546347,-0.39191666666666675,0.0,0.0,0.0
2026-03-02 18:32:54.783861,-0.3383600000000001,0.0,0.0,-0.296
2026-03-02 18:32:54.784023,-0.3224750000000002,0.0,0.0,-0.296
2026-03-02 18:32:54.784243,-0.34663333333333357,0.0,0.0,-0.19733333333333367
2026-03-02 18:32:54.784417,-0.5199500000000004,0.0,0.0,-0.008650000000000213
2026-03-02 18:32:54.784648,-0.6597,0.0,0.0,-0.07916000000000017
2026-03-02 18:32:54.784902,-0.6597,0.0,0.0,-0.12960000000000013
2026-03-02 18:32:54.785082,-0.6597,0.0,0.0,-0.016633333333333482
2026-03-02 18:32:54.785413,-0.6597,0.0,0.0,0.12559999999999985
2026-03-02 18:32:54.785671,-0.6597,0.0,0.0,0.08788333333333316
2026-03-02 18:32:54.785759,-0.6597,0.0,0.0,-0.005016666666666826
2026-03-02 18:32:54.785949,-0.6597,0.0,0.0,0.050883333333333176
2026-03-02 18:32:54.786080,-0.6597,0.0,0.0,0.1145166666666665
2026-03-02 18:32:54.786200,-0.6597,0.0,0.0,0.0015499999999998477
2026-03-02 18:32:54.786317,-0.6597,0.0,0.0,-0.09135000000000015
2026-03-02 18:32:54.786518,-0.6597,0.0,0.0,-0.01591666666666682
2026-03-02 18:32:54.916301,-0.6597,-0.296,0.0,-0.019100000000000183
2026-03-02 18:32:54.916413,-0.6597,-0.14799999999999974,0.0,-0.01742500000000023
2026-03-02 18:32:54.916508,-0.6597,0.09196666666666682,0.0,-0.023233333333333637
2026-03-02 18:32:54.916660,-0.6597,0.0064750000000001195,0.0,0.11314999999999953
2026-03-02 18:32:54.916801,-0.6597,-0.0540199999999999,0.0,0.2263
2026-03-02 18:32:54.916865,-0.6597,-0.04501666666666659,0.0,0.2263
2026-03-02 18:32:54.917121,-0.6597,-0.04871666666666658,0.0,0.2263
2026-03-02 18:32:54.917231,-0.6597,-0.10538333333333326,0.0,0.2263
2026-03-02 18:32:54.917410,-0.6597,-0.08398333333333324,0.0,0.2263
2026-03-02 18:32:54.917566,-0.6597,-0.11256666666666658,0.0,0.2263
2026-03-02 18:32:54.917720,-0.6597,-0.11626666666666657,0.0,0.2263
2026-03-02 18:32:54.917826,-0.6597,-0.18489999999999993,0.0,0.2263
2026-03-02 18:32:54.917927,-0.6597,-0.0901999999999999,0.0,0.2263
2026-03-02 18:32:54.918041,-0.6597,0.04878333333333343,0.0,0.2263
2026-03-02 18:32:55.055303,-0.6597,-0.0815199999999999,0.0,0.2263
2026-03-02 18:32:55.055466,-0.6597,0.0034750000000001308,0.14799999999999972,0.2263
2026-03-02 18:32:55.055549,-0.6597,0.11070000000000017,0.09866666666666647,0.2263
2026-03-02 18:32:55.055633,-0.6597,0.3719500000000002,0.07399999999999986,0.2263
2026-03-02 18:32:55.055711,-0.6597,0.4939,0.059199999999999885,0.2263
2026-03-02 18:32:55.055795,-0.6597,0.4939,0.049333333333333236,0.2263
2026-03-02 18:32:55.055858,-0.6597,0.4939,0.049333333333333236,0.2263
2026-03-02 18:32:55.056098,-0.6597,0.4939,-0.04166666666666676,0.2263
2026-03-02 18:32:55.056280,-0.6597,0.4939,-0.04166666666666676,0.2263
2026-03-02 18:32:55.056365,-0.6597,0.4939,-0.04166666666666676,0.2263
2026-03-02 18:32:55.056420,-0.6597,0.4939,-0.04166666666666676,0.2263
2026-03-02 18:32:55.056539,-0.6597,0.4939,-0.09100000000000008,0.2263
2026-03-02 18:32:55.056755,-0.6597,0.4939,-0.15463333333333343,0.2263
2026-03-02 18:32:55.056833,-0.6597,0.4939,-0.11296666666666676,0.2263
2026-03-02 18:32:55.056933,-0.6597,0.4939,-0.11296666666666676,0.2263
2026-03-02 18:32:55.205217,-0.296,0.4939,-0.1355600000000001,0.2263
2026-03-02 18:32:55.205500,-0.296,0.4939,-0.16945000000000013,0.2263
2026-03-02 18:32:55.205690,-0.19733333333333347,0.4939,-0.12726666666666683,0.2263
2026-03-02 18:32:55.205871,-0.2330000000000001,0.4939,0.0,0.2263
2026-03-02 18:32:55.206018,-0.18640000000000007,0.4939,0.0,0.2263
2026-03-02 18:32:55.206335,-0.20836666666666673,0.4939,0.0,0.2263
2026-03-02 18:32:55.206608,-0.24860000000000007,0.4939,0.0,0.2263
2026-03-02 18:32:55.206736,-0.2523000000000001,0.4939,0.0,0.2263
2026-03-02 18:32:55.206962,-0.2165666666666667,0.4939,0.0,0.2263
2026-03-02 18:32:55.207119,-0.15990000000000007,0.4939,0.0,0.2263
2026-03-02 18:32:55.207255,-0.2698500000000001,0.4939,0.0,0.2263
2026-03-02 18:32:55.207346,-0.28380000000000005,0.4939,0.0,0.2263
2026-03-02 18:32:55.207378,-0.23590000000000008,0.4939,0.0,0.2263
2026-03-02 19:30:55.512653,-0.21944000000000008,0.4939,0.0,-0.296
2026-03-02 19:30:55.512811,-0.3279000000000001,0.4939,0.0,-0.296
2026-03-02 19:30:55.513015,-0.4372000000000001,0.4939,0.0,-0.19733333333333367
2026-03-02 19:30:55.513189,-0.3259500000000002,0.4939,0.0,-0.008650000000000213
2026-03-02 19:30:55.513442,-0.25,0.4939,0.0,-0.07916000000000017
2026-03-02 19:30:55.513693,-0.25,0.4939,0.0,-0.12960000000000013
2026-03-02 19:30:55.513866,-0.25,0.4939,0.0,-0.016633333333333482
2026-03-02 19:30:55.514176,-0.25,0.4939,0.0,0.12559999999999985
2026-03-02 19:30:55.514440,-0.25,0.4939,0.0,0.08788333333333316
2026-03-02 19:30:55.514524,-0.25,0.4939,0.0,-0.005016666666666826
2026-03-02 19:30:55.514712,-0.25,0.4939,0.0,0.050883333333333176
2026-03-02 19:30:55.514837,-0.25,0.4939,0.0,0.1145166666666665
2026-03-02 19:30:55.514939,-0.25,0.4939,0.0,0.0015499999999998477
2026-03-02 19:30:55.515050,-0.25,0.4939,0.0,-0.09135000000000015
2026-03-02 19:30:55.677785,-0.25,-0.296,0.0,-0.06436000000000018
2026-03-02 19:30:55.677917,-0.25,-0.44769999999999976,0.0,-0.08045000000000023
2026-03-02 19:30:55.678173,-0.25,-0.39713333333333317,0.0,-0.09866666666666697
2026-03-02 19:30:55.678270,-0.25,-0.2978499999999999,0.0,-0.14800000000000046
2026-03-02 19:30:55.678358,-0.25,-0.1238999999999999,0.0,0.0
2026-03-02 19:30:55.678527,-0.25,-0.14491666666666658,0.0,0.0
2026-03-02 19:30:55.678667,-0.25,-0.14491666666666658,0.0,0.0
2026-03-02 19:30:55.678730,-0.25,-0.04501666666666659,0.0,0.0
2026-03-02 19:30:55.678981,-0.25,-0.04871666666666658,0.0,0.0
2026-03-02 19:30:55.679068,-0.25,-0.10538333333333326,0.0,0.0
2026-03-02 19:30:55.679244,-0.25,-0.08398333333333324,0.0,0.0
2026-03-02 19:30:55.679413,-0.25,-0.11256666666666658,0.0,0.0
2026-03-02 19:30:55.679570,-0.25,-0.11626666666666657,0.0,0.0
2026-03-02 19:30:55.679675,-0.25,-0.18489999999999993,0.0,0.0
2026-03-02 19:30:55.810568,-0.25,-0.15823999999999988,0.0,0.0
2026-03-02 19:30:55.810739,-0.25,-0.11279999999999987,0.0,0.0
2026-03-02 19:30:55.810765,-0.25,-0.3838333333333332,0.0,0.0
2026-03-02 19:30:55.810897,-0.25,-0.36499999999999977,0.07399999999999986,0.0
2026-03-02 19:30:55.810972,-0.25,-0.4118,0.059199999999999885,0.0
2026-03-02 19:30:55.811051,-0.25,-0.4118,0.049333333333333236,0.0
2026-03-02 19:30:55.811123,-0.25,-0.4118,0.049333333333333236,0.0
2026-03-02 19:30:55.811200,-0.25,-0.4118,0.049333333333333236,0.0
2026-03-02 19:30:55.811259,-0.25,-0.4118,0.049333333333333236,0.0
2026-03-02 19:30:55.811512,-0.25,-0.4118,-0.04166666666666676,0.0
2026-03-02 19:30:55.811654,-0.25,-0.4118,-0.04166666666666676,0.0
2026-03-02 19:30:55.811732,-0.25,-0.4118,-0.04166666666666676,0.0
2026-03-02 19:30:55.811784,-0.25,-0.4118,-0.04166666666666676,0.0
2026-03-02 19:30:55.811830,-0.25,-0.4118,-0.04166666666666676,0.0
2026-03-02 19:30:55.811944,-0.25,-0.4118,-0.09100000000000008,0.0
2026-03-02 19:30:55.912851,0.0,-0.4118,-0.0592000000000001,0.0
2026-03-02 19:30:55.913051,-0.3352500000000002,-0.4118,-0.07400000000000012,0.0
2026-03-02 19:30:55.913257,-0.4431000000000001,-0.4118,-0.09866666666666683,0.0
2026-03-02 19:30:55.913322,-0.3323250000000001,-0.4118,-0.14800000000000024,0.0
2026-03-02 19:30:55.913459,-0.3539400000000001,-0.4118,-0.296,0.0
2026-03-02 19:30:55.913561,-0.34798333333333337,-0.4118,-0.296,0.0
2026-03-02 19:30:55.913830,-0.39731666666666676,-0.4118,-0.296,0.0
2026-03-02 19:30:55.914089,-0.33490000000000003,-0.4118,-0.296,0.0
2026-03-02 19:30:55.914266,-0.22510000000000008,-0.4118,-0.296,0.0
2026-03-02 19:30:55.914455,-0.2817666666666668,-0.4118,-0.296,0.0
2026-03-02 19:30:55.914595,-0.20836666666666673,-0.4118,-0.296,0.0
2026-03-02 19:30:55.914887,-0.20836666666666673,-0.4118,-0.296,0.0
2026-03-02 19:30:55.915152,-0.24860000000000007,-0.4118,-0.296,0.0
2026-03-02 20:24:36.933096,-0.23912000000000008,-0.4118,-0.296,-0.296
2026-03-02 20:24:36.933268,-0.2989000000000001,-0.4118,-0.296,-0.296
2026-03-02 20:24:36.933497,-0.2852000000000002,-0.4118,-0.296,-0.19733333333333367
2026-03-02 20:24:36.933704,-0.42780000000000024,-0.4118,-0.296,-0.008650000000000213
2026-03-02 20:24:36.933962,-0.5374,-0.4118,-0.296,-0.07916000000000017
2026-03-02 20:24:36.934213,-0.5374,-0.4118,-0.296,-0.12960000000000013
2026-03-02 20:24:36.934389,-0.5374,-0.4118,-0.296,-0.016633333333333482
2026-03-02 20:24:36.934716,-0.5374,-0.4118,-0.296,0.12559999999999985
2026-03-02 20:24:36.934971,-0.5374,-0.4118,-0.296,0.08788333333333316
2026-03-02 20:24:36.935054,-0.5374,-0.4118,-0.296,-0.005016666666666826
2026-03-02 20:24:36.935246,-0.5374,-0.4118,-0.296,0.050883333333333176
2026-03-02 20:24:36.935375,-0.5374,-0.4118,-0.296,0.1145166666666665
2026-03-02 20:24:36.935480,-0.5374,-0.4118,-0.296,0.0015499999999998477
2026-03-02 20:24:36.935606,-0.5374,-0.4118,-0.296,-0.09135000000000015
2026-03-02 20:24:37.039897,-0.5374,-0.296,-0.296,-0.06436000000000018
2026-03-02 20:24:37.040042,-0.5374,-0.44769999999999976,-0.296,-0.08045000000000023
2026-03-02 20:24:37.040291,-0.5374,-0.39713333333333317,-0.296,-0.09866666666666697
2026-03-02 20:24:37.040385,-0.5374,-0.2978499999999999,-0.296,-0.14800000000000046
2026-03-02 20:24:37.040472,-0.5374,-0.1238999999999999,-0.296,0.0
2026-03-02 20:24:37.040634,-0.5374,-0.14491666666666658,-0.296,0.0
2026-03-02 20:24:37.040772,-0.5374,-0.14491666666666658,-0.296,0.0
2026-03-02 20:24:37.040833,-0.5374,-0.04501666666666659,-0.296,0.0
2026-03-02 20:24:37.041082,-0.5374,-0.04871666666666658,-0.296,0.0
2026-03-02 20:24:37.041168,-0.5374,-0.10538333333333326,-0.296,0.0
2026-03-02 20:24:37.041340,-0.5374,-0.08398333333333324,-0.296,0.0
2026-03-02 20:24:37.041485,-0.5374,-0.11256666666666658,-0.296,0.0
2026-03-02 20:24:37.041657,-0.5374,-0.11626666666666657,-0.296,0.0
2026-03-02 20:24:37.041762,-0.5374,-0.18489999999999993,-0.296,0.0
2026-03-02 20:24:37.158688,-0.5374,-0.15823999999999988,0.0,0.0
2026-03-02 20:24:37.158842,-0.5374,-0.11279999999999987,0.0,0.0
2026-03-02 20:24:37.158961,-0.5374,-0.3838333333333332,0.0,0.0
2026-03-02 20:24:37.159123,-0.5374,-0.36499999999999977,0.0,0.0
2026-03-02 20:24:37.159147,-0.5374,-0.4118,0.0,0.0
2026-03-02 20:24:37.159275,-0.5374,-0.4118,0.049333333333333236,0.0
2026-03-02 20:24:37.159350,-0.5374,-0.4118,0.049333333333333236,0.0
2026-03-02 20:24:37.159428,-0.5374,-0.4118,0.049333333333333236,0.0
2026-03-02 20:24:37.159501,-0.5374,-0.4118,0.049333333333333236,0.0
2026-03-02 20:24:37.159594,-0.5374,-0.4118,0.049333333333333236,0.0
2026-03-02 20:24:37.159654,-0.5374,-0.4118,0.049333333333333236,0.0
2026-03-02 20:24:37.159883,-0.5374,-0.4118,-0.04166666666666676,0.0
2026-03-02 20:24:37.160022,-0.5374,-0.4118,-0.04166666666666676,0.0
2026-03-02 20:24:37.160099,-0.5374,-0.4118,-0.04166666666666676,0.0
2026-03-02 20:24:37.160151,-0.5374,-0.4118,-0.04166666666666676,0.0
2026-03-02 20:24:37.289254,-1.2663,-0.4118,-0.050000000000000114,0.0
2026-03-02 20:24:37.289466,-0.9328500000000002,-0.4118,-0.06250000000000014,0.0
2026-03-02 20:24:37.289618,-0.5085666666666667,-0.4118,0.0,0.0
2026-03-02 20:24:37.289817,-0.531275,-0.4118,0.0,0.0
2026-03-02 20:24:37.290101,-0.5591200000000001,-0.4118,0.0,0.0
2026-03-02 20:24:37.290259,-0.4807583333333334,-0.4118,0.0,0.0
2026-03-02 20:24:37.290306,-0.2697083333333334,-0.4118,0.0,0.0
2026-03-02 20:24:37.290489,-0.28155833333333335,-0.4118,0.0,0.0
2026-03-02 20:24:37.290705,-0.44802500000000006,-0.4118,0.0,0.0
2026-03-02 20:24:37.290770,-0.348125,-0.4118,0.0,0.0
2026-03-02 20:24:37.290887,-0.309775,-0.4118,0.0,0.0
2026-03-02 20:24:37.290987,-0.34798333333333337,-0.4118,0.0,0.0
2026-03-02 20:24:37.291258,-0.3973166666666667,-0.4118,0.0,0.0
2026-03-02 20:24:37.291523,-0.33490000000000003,-0.4118,0.0,0.0
2026-03-02 20:24:37.291724,-0.22510000000000005,-0.4118,0.0,0.0
